ID TITULO,PAIS
ts300399,Estados Unidos
tm84618,Estados Unidos
tm154986,Estados Unidos
tm127384,Reino Unido
tm120801,Reino Unido
tm120801,Estados Unidos
ts22164,Reino Unido
tm70993,Reino Unido
tm14873,Estados Unidos
tm119281,Estados Unidos
tm98978,Estados Unidos
tm44204,Reino Unido
tm44204,Estados Unidos
tm67378,Estados Unidos
tm69997,Estados Unidos
tm16479,Estados Unidos
tm135083,Egito
tm89386,Alemanha
tm156453,Estados Unidos
tm14350,Egito
tm81728,Egito
tm94651,Índia
tm27298,Egito
tm100027,SU
tm100027,Índia
tm19608,Egito
tm204541,Egito
tm259855,LB
tm259855,Canadá
tm259855,França
tm356209,Índia
tm200475,LB
tm90896,DZ
tm90896,Egito
tm336403,Índia
tm107372,Índia
tm358653,Índia
tm259684,Canadá
tm259684,França
tm259684,LB
tm403346,Índia
tm16812,Índia
ts20681,Estados Unidos
tm155787,Estados Unidos
tm22327,Estados Unidos
tm22327,Reino Unido
tm180542,Estados Unidos
tm180542,Itália
tm138875,Estados Unidos
tm2386,Reino Unido
tm2386,Estados Unidos
tm133087,Estados Unidos
tm177480,Estados Unidos
tm54450,Estados Unidos
ts22082,Estados Unidos
ts21715,Reino Unido
ts20678,Estados Unidos
tm145608,Estados Unidos
ts25028,Estados Unidos
tm147710,Estados Unidos
tm142895,Estados Unidos
tm20712,Estados Unidos
tm117580,Estados Unidos
ts23753,Estados Unidos
tm130586,Estados Unidos
ts987,Reino Unido
tm721687,Índia
tm40103,Japão
tm125985,Japão
ts2760,Reino Unido
tm21953,Estados Unidos
tm126769,Argentina
tm152839,Estados Unidos
tm49037,Japão
tm62924,Reino Unido
tm52815,Índia
tm159912,Índia
tm133914,Reino Unido
tm38736,Estados Unidos
tm51083,Estados Unidos
tm137013,Estados Unidos
tm157603,Índia
tm258072,Estados Unidos
tm114356,Estados Unidos
tm157853,Estados Unidos
tm132164,Estados Unidos
tm446654,Índia
tm348735,Índia
tm151332,França
tm151332,Egito
tm342996,Índia
tm24110,Estados Unidos
tm371359,Índia
tm55091,Estados Unidos
ts63001,Estados Unidos
tm311264,Índia
tm411457,Índia
tm172482,Índia
tm419052,Índia
tm47673,Egito
tm52274,França
tm52274,LB
tm147829,Estados Unidos
ts20981,Estados Unidos
tm107744,Estados Unidos
ts22176,Canadá
ts22176,Estados Unidos
tm15897,Estados Unidos
ts21223,Japão
tm191013,Estados Unidos
tm122434,Estados Unidos
tm25947,Estados Unidos
tm25947,Reino Unido
tm43808,Estados Unidos
ts20339,Japão
ts5145,Estados Unidos
tm191110,Estados Unidos
ts34435,Japão
tm192037,Estados Unidos
tm27395,Estados Unidos
tm113513,Estados Unidos
ts20983,Japão
tm192405,Estados Unidos
tm116655,Estados Unidos
tm116655,França
ts21567,Estados Unidos
tm116488,Estados Unidos
tm11556,Japão
tm11556,Estados Unidos
tm56574,Estados Unidos
ts20960,Estados Unidos
tm53991,Estados Unidos
tm49178,Estados Unidos
ts25252,Japão
tm191989,Estados Unidos
ts22193,Canadá
ts22193,Estados Unidos
ts22489,Estados Unidos
ts22489,Canadá
ts21034,Japão
tm121879,Estados Unidos
tm44402,Alemanha
tm44402,Estados Unidos
tm187187,Estados Unidos
ts16919,Estados Unidos
tm6859,Estados Unidos
tm118238,Estados Unidos
tm111163,Estados Unidos
tm111163,Canadá
tm190835,Japão
tm192769,Estados Unidos
tm187791,Estados Unidos
tm113576,Estados Unidos
tm65686,Estados Unidos
ts8570,Estados Unidos
tm191387,Peru
tm191387,Estados Unidos
tm191387,Brasil
ts27693,Estados Unidos
tm19494,Estados Unidos
tm191772,Estados Unidos
tm12499,Estados Unidos
tm186589,Itália
tm186589,Estados Unidos
tm186589,França
tm189764,Estados Unidos
tm10739,Canadá
tm10739,Estados Unidos
tm1822,Japão
tm1822,Estados Unidos
tm55369,Estados Unidos
ts251477,Japão
tm192431,Estados Unidos
ts22286,Japão
tm192199,Estados Unidos
ts11397,Estados Unidos
tm56033,Irlanda
tm56033,Reino Unido
tm56033,Alemanha
tm56033,França
ts21581,Estados Unidos
tm117488,Estados Unidos
tm190811,Estados Unidos
tm191431,HK
tm191431,Estados Unidos
tm10811,Estados Unidos
tm49839,Estados Unidos
ts20918,Estados Unidos
ts21693,Estados Unidos
ts20939,Estados Unidos
ts21684,Austrália
ts22080,França
tm67635,Índia
tm320211,Reino Unido
tm7073,Estados Unidos
ts28516,Argentina
tm117873,Índia
tm55100,Índia
tm64817,Estados Unidos
ts22039,França
tm188606,Alemanha
tm188606,GH
tm188606,Reino Unido
tm188606,Estados Unidos
tm188606,BF
tm41525,México
tm189171,Espanha
tm189171,Argentina
tm63514,Estados Unidos
tm21911,Estados Unidos
tm188970,Reino Unido
tm12876,Índia
ts224786,Colômbia
tm62176,Índia
tm52871,Índia
tm8687,Estados Unidos
tm104933,Estados Unidos
tm184326,Índia
tm62385,Índia
tm191614,França
tm191614,Egito
tm110766,PS
tm110766,Estados Unidos
tm110766,França
tm110766,Alemanha
tm9898,Índia
tm47530,Índia
tm57169,Reino Unido
tm57169,Estados Unidos
tm192301,Índia
tm58893,Índia
tm110160,Índia
tm118438,Índia
tm424630,Estados Unidos
tm27601,Índia
tm203186,LB
tm128073,Reino Unido
tm7951,Estados Unidos
tm7135,Estados Unidos
tm52083,França
tm52083,Noruega
tm52083,LB
tm52083,Bélgica
tm340430,Índia
tm7032,Bélgica
tm7032,França
tm7032,Itália
tm7032,LB
tm256669,Índia
tm64729,Estados Unidos
tm184224,Estados Unidos
tm25389,Índia
tm34391,Reino Unido
tm44776,França
tm44776,Egito
tm334788,Índia
tm117840,França
tm117840,Egito
tm42397,Índia
tm314602,Índia
tm7810,Estados Unidos
tm210754,Turquia
tm449775,Índia
tm449775,SU
ts4,Estados Unidos
ts20371,Reino Unido
ts9,Estados Unidos
ts21465,Estados Unidos
tm74402,Estados Unidos
tm91952,Canadá
tm91952,Estados Unidos
ts288536,Reino Unido
ts12724,Estados Unidos
ts6644,Dinamarca
ts8308,Estados Unidos
tm111828,Estados Unidos
ts21469,Estados Unidos
ts17156,Estados Unidos
ts22011,Canadá
ts26091,França
tm150112,Estados Unidos
ts22337,Estados Unidos
ts3371,Estados Unidos
tm80906,Estados Unidos
ts20604,Estados Unidos
ts20573,Reino Unido
tm92641,Estados Unidos
tm92641,Reino Unido
ts22099,Estados Unidos
tm27911,Estados Unidos
ts21464,Estados Unidos
tm88465,Canadá
tm88465,Estados Unidos
tm172683,Estados Unidos
ts11313,Japão
ts21247,Estados Unidos
ts20305,Japão
tm42877,Alemanha
tm42877,Estados Unidos
tm39030,Alemanha
tm39030,Reino Unido
tm39030,Estados Unidos
tm39030,BS
tm39030,República Tcheca
ts21511,Canadá
ts21511,Estados Unidos
tm997728,Estados Unidos
ts17942,Estados Unidos
tm89677,Estados Unidos
tm78592,Estados Unidos
tm105329,Estados Unidos
ts30311,Estados Unidos
tm139658,Estados Unidos
tm26327,Estados Unidos
tm95477,MT
tm95477,Reino Unido
tm95477,Estados Unidos
tm154187,Austrália
tm154187,Alemanha
tm154187,Reino Unido
tm154187,Estados Unidos
ts22267,Canadá
tm133767,Reino Unido
tm133767,Estados Unidos
ts2230,Estados Unidos
tm45454,Estados Unidos
tm26897,Reino Unido
tm26897,Estados Unidos
tm133374,Estados Unidos
tm195620,Estados Unidos
tm136808,Estados Unidos
tm70807,Estados Unidos
ts19036,Canadá
ts19036,Estados Unidos
tm93055,Estados Unidos
tm85811,Estados Unidos
ts22456,Estados Unidos
tm101914,Estados Unidos
tm131038,Estados Unidos
tm131038,Japão
tm58382,Estados Unidos
tm35463,Estados Unidos
tm30603,Estados Unidos
ts22018,Estados Unidos
tm20959,Estados Unidos
tm136308,Estados Unidos
tm29737,Alemanha
tm29737,Estados Unidos
tm148270,Estados Unidos
tm89036,Estados Unidos
tm46436,Canadá
tm46436,Estados Unidos
ts21197,Reino Unido
ts21544,Estados Unidos
tm150260,Estados Unidos
ts31263,Bélgica
ts31263,Estados Unidos
ts30313,Austrália
tm79895,Estados Unidos
ts12787,Japão
tm116324,Estados Unidos
tm39828,Estados Unidos
tm23935,Estados Unidos
tm78067,Estados Unidos
tm95252,Estados Unidos
tm32919,Alemanha
tm32919,Estados Unidos
tm169949,Estados Unidos
tm30205,HK
tm40009,Estados Unidos
tm141390,Estados Unidos
ts35155,Japão
tm94606,Reino Unido
tm94606,Estados Unidos
ts15986,Reino Unido
tm102337,Estados Unidos
ts22318,Itália
tm159901,Estados Unidos
tm74780,Estados Unidos
ts30356,Reino Unido
ts32186,Japão
tm24088,Estados Unidos
tm111600,Estados Unidos
tm88045,Estados Unidos
tm78919,Estados Unidos
tm78919,França
tm78919,Alemanha
tm78919,Reino Unido
tm173066,Reino Unido
tm173066,Estados Unidos
tm173066,França
tm173066,Alemanha
tm118637,Estados Unidos
tm142564,Índia
tm57190,Estados Unidos
ts21706,Austrália
tm137362,Estados Unidos
ts24028,Reino Unido
tm148379,Estados Unidos
tm137342,Estados Unidos
tm90864,Estados Unidos
ts21740,Japão
tm32144,Estados Unidos
tm141707,Estados Unidos
tm150214,Itália
tm150214,Estados Unidos
tm81030,Reino Unido
tm81030,Estados Unidos
ts687,Estados Unidos
tm147211,Estados Unidos
tm147211,Reino Unido
ts31514,Estados Unidos
ts33559,Reino Unido
tm78671,Estados Unidos
ts26322,Japão
ts12815,Estados Unidos
tm27268,Estados Unidos
tm86189,Estados Unidos
tm86189,Canadá
tm700,Estados Unidos
tm700,África do Sul
tm101249,Estados Unidos
tm161263,Alemanha
tm161263,Estados Unidos
tm81270,Estados Unidos
tm89684,Estados Unidos
tm165593,Alemanha
tm165593,Estados Unidos
tm112381,Estados Unidos
tm39487,Estados Unidos
ts23752,Japão
tm43399,Índia
ts21421,Reino Unido
ts21421,Espanha
ts22005,Canadá
ts20398,Austrália
tm186461,Reino Unido
tm186461,Estados Unidos
tm186461,Japão
tm29555,Estados Unidos
tm103095,HK
tm103095,China
tm97070,Estados Unidos
tm101334,Estados Unidos
tm183963,Estados Unidos
tm76428,Estados Unidos
tm77649,Estados Unidos
tm86924,Estados Unidos
ts98340,Canadá
ts98340,Estados Unidos
tm26638,Estados Unidos
tm78189,Reino Unido
tm78189,Estados Unidos
tm78189,BG
ts20544,Japão
ts23835,Rússia
tm104880,Estados Unidos
ts30288,Japão
ts38159,França
tm22294,Estados Unidos
tm100015,Estados Unidos
ts25765,Japão
ts21688,Coreia do Sul
tm83786,Índia
tm130574,Estados Unidos
tm114476,Estados Unidos
ts20535,Estados Unidos
ts1893,Reino Unido
tm118462,Alemanha
tm118462,Estados Unidos
ts12701,França
ts121176,Estados Unidos
tm86995,Estados Unidos
ts20526,Estados Unidos
ts23808,Estados Unidos
tm97544,Canadá
tm97544,Estados Unidos
tm97544,Índia
ts31593,Coreia do Sul
ts27459,China
ts3666,Japão
tm53999,Estados Unidos
tm164557,Japão
tm164557,HK
tm80059,Japão
tm135451,Estados Unidos
tm71558,México
tm134235,Japão
tm160800,Canadá
tm160800,Reino Unido
tm160800,Estados Unidos
tm22342,Estados Unidos
ts42914,França
tm22636,Canadá
ts21967,Canadá
ts21967,Estados Unidos
tm85549,Egito
tm100688,França
tm100688,México
tm100688,Espanha
tm22493,Estados Unidos
ts14102,Canadá
tm103732,Índia
tm73058,Índia
tm138497,Canadá
ts20358,Estados Unidos
tm36475,Índia
tm144345,Índia
tm76835,Índia
tm38896,Estados Unidos
tm86051,Índia
ts74931,Estados Unidos
tm29269,Índia
ts17028,Japão
tm91046,Egito
tm75022,Estados Unidos
tm41508,Estados Unidos
ts67595,Colômbia
tm49405,Japão
tm82765,Índia
tm82765,Estados Unidos
tm33981,Canadá
ts52849,Reino Unido
tm95238,Estados Unidos
tm95238,Canadá
tm32885,Índia
ts72322,Colômbia
ts63295,Argentina
ts63295,Espanha
ts23319,Reino Unido
ts21695,Coreia do Sul
tm72587,Índia
tm99776,Estados Unidos
tm83175,Índia
tm139349,Estados Unidos
tm59880,Estados Unidos
ts56589,Coreia do Sul
tm61056,Índia
tm129763,Índia
ts21664,Estados Unidos
tm44378,Chile
tm25842,Estados Unidos
tm34846,Japão
tm71119,Estados Unidos
tm170873,Estados Unidos
tm22540,Índia
tm96037,Japão
tm110923,França
tm110923,MA
tm110923,Alemanha
tm110923,PS
tm168869,Austrália
ts37200,França
tm147686,Estados Unidos
tm93612,Japão
tm36164,Japão
tm30170,Índia
tm29731,Índia
tm147494,Japão
tm44530,Índia
tm89936,Coreia do Sul
ts98353,Estados Unidos
ts44663,França
tm81461,Argentina
tm81461,Alemanha
tm81461,UY
tm81461,Espanha
tm155761,Índia
tm48083,França
tm84348,Estados Unidos
tm175687,Estados Unidos
tm33067,Índia
tm70222,Índia
tm105278,Japão
tm352243,Estados Unidos
ts98316,Reino Unido
tm82718,Turquia
tm98975,Índia
ts98252,Estados Unidos
tm101609,Índia
tm39557,Índia
tm150521,HK
tm30289,Estados Unidos
tm141117,Índia
tm80339,Japão
tm33729,Índia
tm93004,Índia
ts13411,Estados Unidos
ts1464,Colômbia
tm145243,Índia
tm34524,Japão
tm111226,Índia
tm23441,Índia
tm166293,Índia
tm24576,Japão
tm92977,Índia
tm77348,Índia
ts34414,Colômbia
ts29199,Estados Unidos
ts29199,Reino Unido
tm91323,Índia
tm88366,Índia
tm156575,Índia
tm164389,Índia
tm37945,Índia
tm106625,Índia
tm65142,Japão
tm99450,Índia
tm149209,Índia
tm23977,Chile
tm23977,Argentina
tm160596,República Tcheca
tm160596,Reino Unido
tm160596,Dinamarca
tm160596,Países Baixos
tm160596,Suécia
tm129971,Índia
tm56428,Canadá
ts18653,Índia
tm177687,Japão
tm77863,Índia
tm80455,Índia
tm184732,Índia
tm89764,Japão
ts4866,TW
tm134407,Índia
tm103133,Índia
tm54147,Índia
tm54147,Estados Unidos
ts137477,Estados Unidos
ts19384,Estados Unidos
tm101684,Turquia
tm152724,Índia
ts204466,Colômbia
tm96168,Índia
tm146887,Índia
tm138902,Japão
tm165809,Índia
tm31335,Índia
tm43179,Índia
tm170169,Índia
tm84316,Índia
tm112235,Índia
tm368679,Índia
ts74928,França
tm148041,Índia
tm176297,Índia
tm68191,Alemanha
tm352863,Estados Unidos
tm25029,TW
ts40702,Singapura
tm237621,NG
tm22989,Estados Unidos
tm35652,Índia
tm80487,Estados Unidos
tm44634,Estados Unidos
tm22558,Malásia
tm52352,Estados Unidos
tm104349,Coreia do Sul
tm85243,Canadá
tm36636,Índia
tm226362,Lebanon
tm145690,NG
tm31564,Estados Unidos
tm41953,Reino Unido
tm98475,Índia
tm95434,HK
ts44053,China
tm96595,Índia
ts4924,TW
ts178360,Colômbia
tm154802,Índia
tm51493,Turquia
tm97982,Índia
tm52176,Índia
tm102848,Índia
tm114504,Índia
tm340006,Japão
tm154375,Índia
tm134140,Índia
tm27484,Índia
tm81864,HK
tm241875,Estados Unidos
tm29028,Bélgica
tm29028,França
tm29028,Espanha
tm29028,Suíça
tm29028,PS
tm164591,Índia
tm130301,Índia
tm712151,África do Sul
ts12444,TW
tm91176,NG
tm91176,Estados Unidos
tm143510,Índia
tm308960,Reino Unido
tm144835,Estados Unidos
tm135795,LB
tm135795,França
tm34924,HK
tm49865,Índia
ts39604,TW
tm598375,Índia
tm96052,Argentina
tm62369,China
tm62369,HK
tm32915,Índia
ts1413,TW
tm254052,Índia
tm91125,Índia
ts8614,Singapura
tm100106,Filipinas
ts188031,México
tm85689,Índia
ts25707,Singapura
tm38454,Estados Unidos
tm57586,Índia
ts23797,TW
tm76029,LB
tm76029,Reino Unido
tm76029,França
tm42831,Índia
ts70843,TW
tm216753,México
tm168751,LB
tm101540,Índia
tm142153,Índia
tm92671,HK
tm88343,Índia
ts23353,Singapura
tm628693,Índia
tm155774,França
tm155774,Alemanha
tm155774,KW
tm155774,PS
tm46867,Índia
tm95507,Índia
tm75544,Índia
tm144263,Índia
tm21155,LB
tm21155,França
tm85369,Índia
tm341561,PS
tm140653,HK
tm311516,Índia
ts29581,Singapura
tm152413,Malásia
ts82583,Singapura
tm130999,Índia
tm28024,Filipinas
tm1077037,Índia
tm85563,Reino Unido
tm85563,Estados Unidos
tm85563,Áustria
tm85563,França
tm85563,Alemanha
tm85563,NG
ts124246,Índia
tm254745,PS
tm76399,Filipinas
ts82592,Singapura
tm639940,Estados Unidos
tm404676,Estados Unidos
tm89054,XX
tm252951,Estados Unidos
tm87672,Malásia
ts20660,Estados Unidos
tm68272,Estados Unidos
tm61801,Estados Unidos
tm44730,Estados Unidos
ts21095,Estados Unidos
tm39888,Estados Unidos
tm166978,Estados Unidos
ts20564,Estados Unidos
ts8175,Reino Unido
ts278,Reino Unido
tm170442,Estados Unidos
tm41792,Estados Unidos
ts21580,Estados Unidos
ts32835,Japão
ts21599,Estados Unidos
tm32982,Estados Unidos
tm32982,Reino Unido
tm60292,Reino Unido
tm60292,Estados Unidos
ts27680,Reino Unido
ts20433,Japão
tm171885,Estados Unidos
tm158304,AE
tm158304,Estados Unidos
ts17598,Estados Unidos
ts20458,Dinamarca
ts20458,Estados Unidos
ts20429,Japão
ts20457,Estados Unidos
tm178201,Reino Unido
tm178201,Estados Unidos
tm36237,França
tm36237,Estados Unidos
tm36237,Reino Unido
tm40319,Estados Unidos
ts6506,Hungria
ts6506,Estados Unidos
ts6506,Canadá
ts9794,Estados Unidos
ts33338,Reino Unido
tm39896,Estados Unidos
tm74848,Canadá
tm74848,Estados Unidos
ts27468,Estados Unidos
ts20500,Noruega
tm168921,Estados Unidos
tm160132,Estados Unidos
tm49592,Estados Unidos
tm167232,Reino Unido
tm167232,França
tm167232,Alemanha
tm38980,Estados Unidos
ts20556,Estados Unidos
tm69926,Estados Unidos
tm60844,Japão
ts9246,Japão
ts27835,Estados Unidos
ts20648,Japão
ts18551,Reino Unido
tm62210,Japão
tm106278,Estados Unidos
tm182586,Coreia do Sul
ts36647,Dinamarca
ts81858,Coreia do Sul
ts34740,Canadá
ts34740,Estados Unidos
tm176507,Estados Unidos
ts21081,Colômbia
ts27586,Japão
ts19779,Estados Unidos
ts22249,Japão
tm178395,Estados Unidos
tm173195,Estados Unidos
tm173195,Hungria
tm173195,Itália
tm69386,Reino Unido
tm174683,Reino Unido
tm174683,Estados Unidos
tm72845,Estados Unidos
ts34921,Japão
tm170758,Estados Unidos
tm174256,Canadá
tm174256,Estados Unidos
tm56296,Estados Unidos
tm160371,Estados Unidos
tm183547,Canadá
tm183547,Estados Unidos
ts34737,México
tm59590,Japão
ts34151,Japão
tm161904,Estados Unidos
tm44165,Egito
tm53034,Estados Unidos
ts32460,TW
ts26776,Japão
tm164353,Índia
ts39093,Estados Unidos
ts33349,Coreia do Sul
tm38064,Japão
tm182125,Índia
ts55532,Estados Unidos
tm57436,França
tm72251,Reino Unido
tm72251,Estados Unidos
ts191698,Reino Unido
ts45996,Austrália
tm160361,Estados Unidos
tm34331,Estados Unidos
tm183039,Estados Unidos
ts35426,Reino Unido
ts58528,Estados Unidos
tm177258,Índia
tm174190,Estados Unidos
tm68436,Índia
tm65765,Estados Unidos
tm179451,Índia
tm177044,Japão
tm49451,Estados Unidos
tm1096916,França
tm176128,HK
tm67444,Estados Unidos
tm183176,Austrália
tm40860,Estados Unidos
tm35700,Índia
tm170395,Estados Unidos
tm170395,África do Sul
tm170395,Alemanha
tm169053,Índia
tm53395,Estados Unidos
tm183037,Índia
tm183037,Alemanha
tm177958,Índia
ts6879,Chile
tm178106,Índia
tm57610,Índia
tm169354,Egito
tm176111,China
tm176111,HK
tm59372,Índia
tm161804,Turquia
tm159593,Índia
ts39112,Canadá
tm44615,Índia
tm54780,Japão
ts167724,Reino Unido
ts99814,SA
tm175909,Índia
ts158608,África do Sul
tm57382,Austrália
tm59289,Índia
tm47171,Índia
tm165712,Reino Unido
tm48239,Índia
tm160021,HK
tm160021,China
tm54371,Índia
tm172883,Índia
tm174518,Índia
tm70528,África do Sul
tm74031,Índia
tm181856,Estados Unidos
tm38013,Índia
tm42306,Índia
ts32561,TW
tm39606,Índia
tm167241,Índia
ts37864,China
tm71992,Índia
tm31948,Coreia do Sul
tm166810,Índia
tm37573,HK
tm69915,Índia
tm164090,Estados Unidos
tm37175,Estados Unidos
tm66725,Índia
tm166740,Índia
tm200838,XX
ts44064,TW
tm169128,Estados Unidos
tm172353,Índia
tm34746,Índia
tm29400,Filipinas
tm53360,Índia
tm180532,Índia
tm34142,Índia
ts27875,Rússia
tm162592,Egito
ts41114,Singapura
tm70652,Índia
tm339197,Índia
tm172211,Indonésia
tm1077038,Índia
tm57256,Índia
tm529723,Índia
ts128422,SA
tm53829,Estados Unidos
tm51412,Estados Unidos
tm38331,Filipinas
tm481620,Índia
tm30278,Índia
tm165932,Índia
tm63368,PS
tm161632,Estados Unidos
tm182026,Índia
tm235979,Índia
tm946846,Estados Unidos
tm946846,LB
tm946846,AE
tm181366,LB
tm60213,Filipinas
tm159623,Filipinas
ts60663,Singapura
tm34646,Filipinas
ts39465,Singapura
ts69208,TW
tm224577,NG
tm172504,PS
tm172504,Países Baixos
tm172504,Estados Unidos
tm172504,AE
ts20110,Reino Unido
ts20837,Estados Unidos
ts20682,Japão
ts20824,Estados Unidos
ts1639,Estados Unidos
ts20351,Estados Unidos
ts11188,Estados Unidos
tm140389,Estados Unidos
tm140389,França
tm140389,Reino Unido
ts20248,Estados Unidos
tm150928,Estados Unidos
tm140877,Reino Unido
tm140877,Estados Unidos
ts8146,Estados Unidos
tm176864,Estados Unidos
tm176864,Alemanha
tm176864,Reino Unido
tm151663,Estados Unidos
ts16045,Estados Unidos
tm145655,Estados Unidos
tm160621,Estados Unidos
ts20292,Estados Unidos
tm134967,Estados Unidos
tm183523,Estados Unidos
ts6,Estados Unidos
tm148147,Canadá
tm148147,Estados Unidos
tm143227,Estados Unidos
ts21374,Estados Unidos
ts14583,Estados Unidos
tm169719,Estados Unidos
tm182429,Estados Unidos
ts20261,Estados Unidos
tm175843,Estados Unidos
tm163686,Estados Unidos
ts21367,Estados Unidos
ts20108,Estados Unidos
tm180572,Estados Unidos
tm151807,Estados Unidos
tm151764,Estados Unidos
ts20823,Estados Unidos
tm153284,Estados Unidos
ts32218,Estados Unidos
ts35682,Austrália
tm165967,Reino Unido
tm165967,África do Sul
ts20791,Estados Unidos
tm161525,Estados Unidos
tm161525,Canadá
tm161525,Chile
tm168400,Estados Unidos
tm161282,Estados Unidos
ts20280,Estados Unidos
tm148671,Estados Unidos
tm171042,Estados Unidos
tm178712,Estados Unidos
ts20288,Estados Unidos
ts20281,Estados Unidos
tm187279,Reino Unido
tm165521,Estados Unidos
tm165521,Reino Unido
tm141648,Estados Unidos
tm141648,Reino Unido
tm141648,China
tm141648,Canadá
ts314002,Japão
tm176630,Estados Unidos
ts32060,Estados Unidos
tm184608,Estados Unidos
tm187979,Estados Unidos
tm171228,Estados Unidos
ts2727,Reino Unido
ts20790,Estados Unidos
tm161029,Estados Unidos
ts20014,Japão
tm181270,Estados Unidos
ts35570,Reino Unido
tm237143,Estados Unidos
tm181081,Austrália
tm181081,Suíça
tm181081,Reino Unido
ts20336,Espanha
ts35244,Estados Unidos
tm144121,Estados Unidos
ts2161,Finlândia
ts32271,Israel
ts20097,Estados Unidos
ts22383,França
ts22383,Estados Unidos
tm143642,Alemanha
ts36836,Estados Unidos
ts22426,Japão
ts42168,Turquia
tm148976,Estados Unidos
ts35282,Canadá
tm136601,Estados Unidos
tm151716,Estados Unidos
tm166628,Estados Unidos
tm140342,Austrália
tm140342,Estados Unidos
ts20883,Estados Unidos
tm151447,Reino Unido
tm151447,Estados Unidos
tm147913,Índia
ts11794,Canadá
ts11794,Estados Unidos
ts11794,Reino Unido
ts98110,Estados Unidos
ts22445,Coreia do Sul
tm469911,Áustria
tm149038,Estados Unidos
tm161562,Dinamarca
tm161562,Estados Unidos
ts34066,Austrália
ts521,Estados Unidos
tm71148,Estados Unidos
tm156811,Índia
ts82979,Estados Unidos
ts33590,Estados Unidos
tm138431,CD
tm138431,Reino Unido
tm144046,Estados Unidos
ts33840,Japão
tm171965,Estados Unidos
tm157085,Reino Unido
tm185208,Estados Unidos
tm185208,Brasil
tm180599,Estados Unidos
ts58137,Canadá
ts58137,Japão
ts58137,Estados Unidos
tm154797,Canadá
tm154797,Coreia do Sul
ts20709,Japão
ts10206,Canadá
ts154625,França
ts37187,Estados Unidos
ts53641,Estados Unidos
tm148910,Índia
tm182275,PS
tm152904,Estados Unidos
tm172710,Estados Unidos
tm143757,Estados Unidos
ts35628,Canadá
ts57744,Coreia do Sul
ts58010,Estados Unidos
tm143372,Japão
ts21368,Turquia
tm167944,Japão
tm187390,Estados Unidos
tm187390,Egito
tm187390,Reino Unido
tm143363,Índia
ts88394,Estados Unidos
ts36127,Estados Unidos
tm458034,Estados Unidos
ts3799,Estados Unidos
tm171929,Estados Unidos
tm155291,Índia
tm180643,Canadá
tm180643,Estados Unidos
tm139617,Estados Unidos
ts16117,Turquia
tm182969,Turquia
tm215339,Estados Unidos
tm151927,Índia
tm139922,Estados Unidos
tm185797,Índia
tm174289,Estados Unidos
tm181092,Índia
ts20781,Coreia do Sul
tm180802,Estados Unidos
tm183706,Brasil
tm168685,Coreia do Sul
tm199408,Reino Unido
tm140911,Estados Unidos
tm148597,Reino Unido
ts76743,Japão
ts83239,Rússia
tm144021,Estados Unidos
tm148457,Índia
ts75104,Polônia
tm148662,VE
tm148662,Argentina
ts34074,Coreia do Sul
tm181550,Índia
tm149914,Estados Unidos
tm145627,Índia
tm186161,Índia
tm183002,Índia
ts122290,Índia
ts75833,Rússia
tm158302,Índia
tm182322,Índia
tm157062,Índia
tm186054,Índia
tm165504,HK
tm167342,Índia
tm35895,Brasil
tm158980,Índia
ts67797,Estados Unidos
tm149747,México
tm159819,Filipinas
tm2269,Romênia
tm175753,Índia
tm178513,Índia
tm160034,Índia
tm142630,Índia
tm149578,Estados Unidos
tm176481,Índia
tm137379,Estados Unidos
tm360904,Estados Unidos
tm167107,Índia
tm158546,Índia
tm236725,Reino Unido
tm151210,Estados Unidos
tm146657,Israel
tm146657,Noruega
tm146657,África do Sul
tm146657,AE
tm146657,Reino Unido
tm146657,Islândia
tm146657,Irlanda
tm157681,PS
tm145791,Coreia do Sul
tm175954,Estados Unidos
tm158436,Estados Unidos
tm172027,Turquia
tm209037,Chile
tm153055,Estados Unidos
tm155051,Canadá
tm143299,Índia
tm348393,NG
tm182227,Estados Unidos
tm182534,Estados Unidos
ts121189,Índia
tm157461,Turquia
tm370685,NG
ts20238,China
tm157609,Espanha
tm152273,Japão
tm202914,Estados Unidos
tm183654,HK
tm147518,Brasil
tm197423,NG
tm145658,Filipinas
ts82860,Singapura
tm151860,Estados Unidos
tm151860,China
tm151860,Alemanha
tm151860,Singapura
tm151860,Ucrânia
tm184511,Índia
tm145216,Turquia
tm610571,Índia
tm529733,Índia
tm169054,Índia
tm154729,Índia
tm187505,Filipinas
tm177645,XX
tm155507,Estados Unidos
tm182580,LB
tm152843,Canadá
tm147405,Estados Unidos
tm185736,Estados Unidos
tm587320,Espanha
tm183805,Índia
tm132675,Estados Unidos
tm323262,Japão
tm181051,Alemanha
tm181051,Itália
tm181051,PS
tm181051,França
tm169294,Filipinas
tm147908,Índia
tm178992,HK
tm250364,XX
tm162259,Estados Unidos
tm166723,Filipinas
tm177224,Índia
tm187118,Índia
ts144527,Singapura
tm577690,NG
tm200926,AE
tm200926,LB
tm155014,Canadá
tm159296,Índia
tm179328,XX
ts32752,TW
tm186408,Índia
tm157783,Índia
tm146144,Índia
tm144541,Argentina
tm175364,Índia
tm136036,Filipinas
tm163066,Reino Unido
tm188290,Filipinas
tm142852,Filipinas
tm228574,Canadá
tm171891,Índia
tm176900,Índia
tm158671,Estados Unidos
tm144557,Turquia
tm169669,Filipinas
tm149541,Estados Unidos
tm144451,África do Sul
tm205684,NG
tm175577,NG
tm178234,LB
tm178234,AE
tm176553,NG
tm176553,Estados Unidos
tm481846,XX
tm138280,Índia
tm156397,Filipinas
tm159094,Índia
tm1194608,Índia
tm460055,Estados Unidos
tm460055,Espanha
tm157286,Índia
tm179248,Índia
tm1036195,PS
ts107543,Singapura
tm242276,Índia
tm159701,Estados Unidos
tm177376,Estados Unidos
tm150962,Índia
ts261583,NG
ts8,Estados Unidos
ts37143,Estados Unidos
ts38796,Estados Unidos
ts21867,Canadá
ts41766,Estados Unidos
ts37539,Japão
tm232579,Nova Zelândia
ts36577,Reino Unido
ts35201,Japão
tm243100,Estados Unidos
ts42069,Reino Unido
ts42069,Estados Unidos
ts36885,Estados Unidos
tm195209,Reino Unido
tm195209,Estados Unidos
tm195209,França
tm239760,Estados Unidos
tm239760,Canadá
tm204163,Estados Unidos
ts36147,Estados Unidos
ts35793,Estados Unidos
ts53051,Estados Unidos
tm135307,Estados Unidos
tm205890,Estados Unidos
tm205890,França
tm205890,Luxemburgo
tm205890,Reino Unido
tm239727,Estados Unidos
tm242705,França
tm242705,Bélgica
tm138905,Estados Unidos
ts38199,Estados Unidos
ts42062,França
ts41961,Estados Unidos
ts35251,Estados Unidos
ts41956,Estados Unidos
ts38718,Canadá
ts42014,Estados Unidos
ts53664,Israel
ts37866,França
ts42120,Canadá
tm140391,Estados Unidos
tm140391,Reino Unido
tm199607,Austrália
tm199607,Estados Unidos
tm137869,Estados Unidos
ts42077,Itália
ts42077,Reino Unido
ts52922,Estados Unidos
ts18010,Estados Unidos
ts36129,Estados Unidos
ts36631,Estados Unidos
ts36550,Estados Unidos
ts70529,Noruega
ts41975,Estados Unidos
ts38734,Reino Unido
ts36015,Estados Unidos
tm120609,Estados Unidos
ts35554,Estados Unidos
ts21981,Estados Unidos
tm137693,Estados Unidos
ts35563,Estados Unidos
ts21869,Estados Unidos
tm137002,Índia
ts47714,Canadá
tm206698,Estados Unidos
ts38710,Canadá
ts38710,Estados Unidos
ts21885,Estados Unidos
tm139841,Estados Unidos
tm139841,Canadá
tm139841,Reino Unido
tm233377,Estados Unidos
ts35253,Canadá
tm143984,Reino Unido
tm143984,Estados Unidos
tm143984,BG
ts41289,Reino Unido
tm233425,Japão
ts38090,Canadá
ts38090,França
ts21986,Estados Unidos
tm120108,Estados Unidos
tm120108,China
tm239676,Estados Unidos
ts36177,Austrália
tm212927,Estados Unidos
tm194792,Estados Unidos
ts35775,Estados Unidos
ts38415,Canadá
ts42687,Reino Unido
ts38511,Estados Unidos
ts38304,Ucrânia
ts35354,Estados Unidos
ts42170,Reino Unido
tm193769,Reino Unido
tm193769,Estados Unidos
tm138297,Estados Unidos
ts41906,Japão
tm132273,Estados Unidos
tm143085,México
tm143085,África do Sul
tm143085,Estados Unidos
tm245271,Japão
ts36046,Estados Unidos
tm135106,Estados Unidos
tm196296,Estados Unidos
tm196296,Reino Unido
tm196296,Espanha
ts39007,Estados Unidos
tm209987,Estados Unidos
ts36545,Estados Unidos
tm219233,Reino Unido
tm219233,Estados Unidos
ts42169,Japão
tm199700,Bélgica
tm199700,Dinamarca
tm199700,Alemanha
tm199700,Reino Unido
tm199700,Estados Unidos
ts36856,Estados Unidos
ts37971,Estados Unidos
ts41490,Estados Unidos
ts41963,Estados Unidos
ts37464,Noruega
tm233214,Reino Unido
tm233214,IR
tm233214,JO
tm233214,QA
ts52838,Brasil
ts41149,Estados Unidos
tm136483,Estados Unidos
ts53099,Finlândia
tm134791,Estados Unidos
tm221740,Canadá
tm140843,Estados Unidos
ts38204,Estados Unidos
tm219248,Estados Unidos
tm196125,Estados Unidos
tm204035,Estados Unidos
ts82825,Argentina
tm233521,Estados Unidos
ts42655,Austrália
tm206512,Estados Unidos
ts36983,Estados Unidos
ts38783,Austrália
ts38116,Japão
tm239743,Estados Unidos
ts35256,Estados Unidos
tm200126,Estados Unidos
tm200126,Canadá
tm208622,Suíça
tm208622,Estados Unidos
ts35362,Espanha
ts42156,Canadá
tm244788,Estados Unidos
ts3844,Estados Unidos
ts41913,Estados Unidos
tm139532,Estados Unidos
tm253083,Estados Unidos
ts42119,Estados Unidos
tm136321,Estados Unidos
tm225308,Canadá
tm225308,Alemanha
tm225308,Reino Unido
ts52830,Estados Unidos
tm238722,Estados Unidos
ts42090,Estados Unidos
tm136257,GH
tm136257,Estados Unidos
tm244403,Estados Unidos
tm200690,Estados Unidos
ts53287,Estados Unidos
ts37660,Coreia do Sul
tm147082,Estados Unidos
ts38731,Irlanda
ts38731,Reino Unido
ts38809,Estados Unidos
tm233465,Estados Unidos
ts53249,Estados Unidos
tm230551,HK
tm230551,China
ts42137,Estados Unidos
ts76956,Austrália
ts38758,Japão
ts35987,Estados Unidos
tm228677,China
tm228677,Estados Unidos
tm155102,Estados Unidos
tm155102,Reino Unido
tm220594,Ucrânia
tm220594,Reino Unido
tm220594,Estados Unidos
tm243121,Estados Unidos
tm205812,Irlanda
tm205812,África do Sul
tm234586,Índia
ts38770,Estados Unidos
tm135543,Estados Unidos
tm135543,França
tm135543,MT
tm215638,BG
tm239683,Estados Unidos
ts42257,Coreia do Sul
ts52829,Reino Unido
tm214825,Estados Unidos
tm242736,Estados Unidos
ts42022,Argentina
ts37944,França
tm239707,Estados Unidos
tm136061,Reino Unido
tm136061,França
tm239733,Indonésia
ts38568,Estados Unidos
tm142881,Estados Unidos
ts37779,Reino Unido
tm232953,Estados Unidos
tm193125,Estados Unidos
tm244507,Espanha
tm244507,Argentina
tm134516,China
ts52981,Estados Unidos
tm270504,Reino Unido
ts41258,Coreia do Sul
tm244880,Canadá
tm244880,Estados Unidos
tm233317,Estados Unidos
tm205333,Filipinas
ts43209,Alemanha
tm233533,Estados Unidos
ts55365,Coreia do Sul
tm138672,Estados Unidos
ts119087,BY
ts36630,Estados Unidos
ts41995,Austrália
tm245378,Estados Unidos
tm221225,Reino Unido
ts39017,Estados Unidos
ts11670,Estados Unidos
ts76079,França
tm157283,México
tm211302,Estados Unidos
ts43272,Japão
tm253080,França
ts36547,México
ts56748,Estados Unidos
tm139194,Canadá
tm139194,Estados Unidos
ts53155,Reino Unido
tm238748,Estados Unidos
ts42127,Reino Unido
ts41883,Coreia do Sul
tm233544,Estados Unidos
ts42628,Estados Unidos
ts37804,Estados Unidos
ts56674,Estados Unidos
ts35406,Canadá
ts41253,China
ts54110,Irlanda
ts77654,Estados Unidos
tm244134,Estados Unidos
ts79799,Estados Unidos
tm233616,Estados Unidos
tm244381,Canadá
ts54028,Islândia
ts38230,Rússia
tm238661,Canadá
tm238661,Reino Unido
tm238661,Estados Unidos
ts56032,Colômbia
tm244915,Índia
ts128895,Japão
tm219276,Estados Unidos
ts58068,Reino Unido
ts37896,Reino Unido
tm316731,Estados Unidos
ts43230,Austrália
ts76092,México
tm247642,Dinamarca
tm247642,Estados Unidos
tm240007,Estados Unidos
ts35596,Estados Unidos
tm138792,Estados Unidos
tm244052,Estados Unidos
ts42260,Estados Unidos
tm123789,Estados Unidos
ts86021,França
ts55559,Estados Unidos
ts35359,Austrália
ts35359,França
ts35359,Alemanha
tm219173,Estados Unidos
tm208903,Estados Unidos
tm208903,Canadá
tm229542,Estados Unidos
tm211510,Estados Unidos
tm205870,França
ts38512,Estados Unidos
tm238681,Estados Unidos
ts54100,Estados Unidos
ts54100,Itália
ts35360,Canadá
ts35360,Estados Unidos
tm229140,Estados Unidos
tm266628,Estados Unidos
ts38757,Estados Unidos
ts43119,Estados Unidos
ts53106,Japão
ts53106,Estados Unidos
tm271070,China
tm271070,França
tm271070,Canadá
ts38805,Austrália
tm214085,Estados Unidos
ts75829,Estados Unidos
ts42075,Turquia
ts42038,Estados Unidos
tm218052,Índia
tm248010,NG
ts51368,Estados Unidos
tm267135,Brasil
ts74753,Austrália
tm246870,Estados Unidos
tm246870,Canadá
tm245235,Estados Unidos
tm235405,Canadá
tm218186,Estados Unidos
tm228242,Estados Unidos
tm244513,França
tm244513,QA
ts39014,Japão
tm232954,Estados Unidos
ts41948,Canadá
ts54156,Estados Unidos
ts36740,Estados Unidos
tm239290,Filipinas
tm290444,Coreia do Sul
ts41899,Coreia do Sul
tm225693,Estados Unidos
tm267429,Estados Unidos
tm272413,Estados Unidos
ts43501,Reino Unido
tm138584,Índia
ts56221,China
tm225275,Estados Unidos
ts81483,França
ts35463,Estados Unidos
tm209950,Estados Unidos
tm308241,Estados Unidos
ts38764,França
tm213681,Coreia do Sul
tm139870,Estados Unidos
tm239739,Índia
tm246175,Suécia
ts38761,Coreia do Sul
tm195764,Estados Unidos
ts41154,Espanha
ts144323,Estados Unidos
tm233561,Reino Unido
tm217939,França
tm200454,Índia
tm266844,Estados Unidos
ts74929,França
tm300713,Japão
ts38772,Coreia do Sul
tm240895,Estados Unidos
ts52943,Coreia do Sul
tm275800,Argentina
tm275800,Espanha
ts86831,Israel
tm276430,Ucrânia
ts87884,NG
tm335263,XX
tm224377,Filipinas
tm242755,Estados Unidos
ts53076,Estados Unidos
tm241998,Índia
ts52988,Estados Unidos
tm208628,Índia
ts41260,Coreia do Sul
ts42089,Estados Unidos
tm242646,França
tm242646,Espanha
ts38717,Japão
ts87465,Reino Unido
tm242687,Países Baixos
tm208713,Índia
tm220317,Estados Unidos
tm421855,Estados Unidos
ts21979,França
tm267948,Espanha
ts42011,Canadá
tm219817,Índia
tm201365,Índia
tm281182,Estados Unidos
ts36741,Rússia
ts57705,HR
tm233843,Índia
tm211461,França
tm211461,MA
ts42347,Estados Unidos
tm199987,Estados Unidos
tm232710,Filipinas
tm244638,Estados Unidos
tm451222,Singapura
tm195870,Estados Unidos
ts83535,Rússia
ts83535,Estados Unidos
ts83535,França
tm221883,Canadá
ts127430,Estados Unidos
tm239635,Reino Unido
tm198496,Estados Unidos
tm245102,Espanha
tm215054,Estados Unidos
tm271839,Estados Unidos
tm245297,Estados Unidos
tm266629,Estados Unidos
ts42218,Colômbia
tm220473,Estados Unidos
tm245148,Estados Unidos
tm274053,Estados Unidos
tm239762,Estados Unidos
tm197503,Índia
tm201906,França
tm201906,Bélgica
ts38769,Estados Unidos
tm233344,Índia
tm240162,Índia
tm211478,Índia
ts41294,Israel
tm244758,Reino Unido
tm321189,Argentina
ts41485,Turquia
tm245722,Estados Unidos
ts53543,Coreia do Sul
tm282915,Japão
ts53149,Coreia do Sul
ts83224,Países Baixos
tm232931,Estados Unidos
tm227922,Estados Unidos
ts74917,Austrália
tm272854,Índia
tm233015,Índia
tm139590,HK
tm242422,França
tm252245,SY
tm252245,Reino Unido
tm193211,Turquia
tm270555,Áustria
tm270555,Estados Unidos
tm236999,Espanha
ts224440,França
ts42155,Estados Unidos
tm233570,Filipinas
ts55556,TW
tm233023,Estados Unidos
ts41151,Japão
tm193388,Índia
tm234466,Brasil
tm376111,Estados Unidos
tm239769,Estados Unidos
ts82582,Singapura
ts43341,Japão
tm540757,Índia
tm207668,Índia
ts54010,Coreia do Sul
tm228839,Turquia
tm233366,Índia
tm230524,Brasil
tm233157,China
tm245042,Índia
ts55223,Austrália
tm239947,Estados Unidos
tm315345,CD
tm239774,Estados Unidos
tm270982,Países Baixos
tm238829,Canadá
tm238829,Estados Unidos
tm233196,Estados Unidos
tm246056,Estados Unidos
tm311494,Itália
tm244635,França
tm244635,Chile
tm227044,Índia
ts75897,Estados Unidos
tm246579,Estados Unidos
ts81898,Austrália
ts81898,Reino Unido
ts84398,Índia
tm244868,TN
tm245155,AE
ts52825,China
ts54022,Japão
tm245293,Índia
tm232832,Suécia
tm232832,Noruega
ts51367,Canadá
tm239933,México
ts53346,Estados Unidos
tm228657,Países Baixos
tm247644,Alemanha
tm212968,Estados Unidos
tm211424,Índia
ts35505,Áustria
ts78442,Estados Unidos
ts43258,Índia
tm230927,Estados Unidos
tm244577,China
tm227523,NG
ts82327,Rússia
tm230426,Estados Unidos
ts248736,NG
tm240728,Estados Unidos
tm283938,Romênia
ts55966,Estados Unidos
tm236705,México
tm244923,Turquia
tm266622,Estados Unidos
tm134052,Índia
tm246543,GL
tm246543,França
ts53065,Coreia do Sul
tm272484,Estados Unidos
tm252609,NG
tm234064,LB
tm234064,Alemanha
tm240733,Espanha
tm230478,Estados Unidos
tm267419,Estados Unidos
tm232930,Índia
tm149212,Portugal
tm149212,Suécia
tm149212,Dinamarca
tm149212,Brasil
tm149212,França
tm243931,Brasil
tm307997,Alemanha
tm235227,Estados Unidos
tm219699,Índia
ts285233,Malásia
tm234136,Áustria
tm239764,Estados Unidos
tm225675,Estados Unidos
tm244380,Filipinas
tm526163,Índia
ts54117,Canadá
tm244079,México
tm263743,Indonésia
tm246485,Índia
tm267017,Suécia
tm224255,QA
tm224255,LB
ts38812,Estados Unidos
tm234292,México
tm238717,SA
ts38813,Reino Unido
ts38813,Austrália
ts38813,Estados Unidos
tm271974,Alemanha
tm193378,Estados Unidos
tm201855,Índia
ts21876,China
tm232267,Estados Unidos
tm272012,Canadá
tm217986,Índia
tm215911,Índia
tm327551,Espanha
tm327551,Dinamarca
tm238486,Estados Unidos
tm295349,México
tm233648,Canadá
tm286268,Estados Unidos
tm214589,Filipinas
tm811691,Reino Unido
tm375681,China
tm375681,HK
tm316567,Japão
tm218683,XX
tm243070,Egito
tm247444,Índia
tm224275,AE
tm224275,França
tm224275,JO
tm224275,LB
tm224275,QA
tm224275,PS
tm66466,Índia
tm340927,Índia
tm219739,Filipinas
tm231911,Filipinas
tm242002,Estados Unidos
ts81027,Coreia do Sul
tm554110,NG
tm211273,Estados Unidos
tm860487,Estados Unidos
ts83449,TW
tm273933,Estados Unidos
ts83450,TW
ts53017,China
tm549892,AE
tm317850,NG
tm494288,NG
tm452046,Países Baixos
tm207734,Estados Unidos
ts52950,TW
tm244842,Filipinas
ts83454,TW
tm350159,NG
tm226320,Turquia
tm279828,Filipinas
tm319354,Estados Unidos
tm319354,Canadá
tm319354,Japão
tm275726,México
tm311456,Turquia
tm350374,PK
tm296203,Turquia
tm235232,Egito
tm234773,Reino Unido
tm243849,Estados Unidos
tm257141,Estados Unidos
tm234069,Turquia
tm278279,Estados Unidos
tm232947,Índia
tm232947,Reino Unido
tm290157,Reino Unido
tm247396,Estados Unidos
tm246810,Índia
tm239078,Estados Unidos
tm562821,AE
tm282988,Alemanha
tm215265,PS
tm215265,França
tm215265,Alemanha
tm211571,Turquia
tm242906,Índia
ts253685,Malásia
tm368725,Romênia
tm203056,Turquia
tm233463,Turquia
tm313374,República Tcheca
tm283909,Filipinas
tm235005,Canadá
tm235005,NG
tm533845,Estados Unidos
tm267112,França
tm247767,Turquia
tm198842,Turquia
tm232855,Filipinas
ts91990,Estados Unidos
tm421214,SA
tm424879,Japão
ts53513,TW
tm245050,NG
tm247159,VN
tm244041,Países Baixos
tm244041,Reino Unido
tm407961,NG
tm225416,Estados Unidos
ts82475,Singapura
tm198786,Filipinas
ts249161,Estados Unidos
ts107658,Estados Unidos
ts107658,Japão
tm232090,Estados Unidos
tm571645,Estados Unidos
tm350727,AE
tm212909,Filipinas
tm233121,Turquia
tm272666,Filipinas
ts56544,Malásia
tm245791,Indonésia
tm271333,Filipinas
tm409220,NG
tm421382,Índia
tm234735,Índia
ts77795,Reino Unido
ts56683,Estados Unidos
tm312676,Canadá
tm312676,Estados Unidos
ts53864,Estados Unidos
tm239091,Canadá
tm239091,Hungria
tm239091,México
tm239091,Espanha
tm239091,Reino Unido
tm239091,Estados Unidos
ts55668,Alemanha
tm313149,Estados Unidos
tm244208,Estados Unidos
ts81064,Estados Unidos
ts81294,Estados Unidos
ts53023,Estados Unidos
tm244259,França
tm244259,Reino Unido
tm244259,Estados Unidos
tm310953,Estados Unidos
tm232797,França
tm232797,Países Baixos
tm232797,Reino Unido
tm232797,Estados Unidos
ts78801,Estados Unidos
tm366889,Estados Unidos
ts42405,Estados Unidos
tm315174,Estados Unidos
tm315174,Reino Unido
ts56768,Espanha
ts83970,Estados Unidos
ts79813,Estados Unidos
tm315344,China
tm315344,Canadá
tm315344,Estados Unidos
tm318206,Estados Unidos
ts77398,Estados Unidos
ts81884,Reino Unido
ts82584,Estados Unidos
ts74816,Estados Unidos
ts75151,Estados Unidos
ts77955,Estados Unidos
ts58133,Estados Unidos
ts58433,Estados Unidos
tm266714,Estados Unidos
tm425889,Estados Unidos
ts42477,Alemanha
ts54102,Estados Unidos
ts56261,Estados Unidos
ts84785,Estados Unidos
tm244220,Reino Unido
ts57465,Estados Unidos
tm367185,Estados Unidos
ts57120,Estados Unidos
ts57850,Estados Unidos
ts74823,Estados Unidos
ts53663,Canadá
ts75097,Estados Unidos
ts79229,Estados Unidos
tm287684,Canadá
tm287684,Reino Unido
ts55982,Canadá
tm244174,Coreia do Sul
tm244174,Estados Unidos
ts76243,Reino Unido
ts77852,Estados Unidos
ts56969,Estados Unidos
tm288010,Reino Unido
tm288010,Estados Unidos
ts39015,Estados Unidos
ts81208,Estados Unidos
tm300280,Canadá
tm244364,Austrália
ts58155,Canadá
ts269185,Estados Unidos
ts53198,Estados Unidos
tm359978,Coreia do Sul
tm414073,Canadá
tm414073,Estados Unidos
ts84328,Austrália
ts53545,Estados Unidos
ts58367,Reino Unido
ts55798,Coreia do Sul
tm412550,Estados Unidos
tm299741,Reino Unido
tm239286,Estados Unidos
tm272060,França
tm272060,Romênia
tm272060,Reino Unido
tm272060,Bélgica
tm272060,Alemanha
ts241248,Estados Unidos
ts241248,Reino Unido
tm266666,Estados Unidos
tm288499,Estados Unidos
tm288499,México
tm370212,HK
tm370212,Islândia
tm370212,Estados Unidos
tm244191,Estados Unidos
ts72247,Estados Unidos
ts75879,Estados Unidos
tm350379,Canadá
tm350379,França
ts74809,Estados Unidos
ts55720,Estados Unidos
tm350,Estados Unidos
ts312241,Estados Unidos
tm320570,Canadá
tm320570,Estados Unidos
ts52821,Reino Unido
tm357589,Reino Unido
tm357589,Estados Unidos
tm357589,França
ts82189,Japão
tm233482,Índia
tm233482,China
tm233482,Estados Unidos
tm233482,Reino Unido
tm320281,Estados Unidos
tm319818,Estados Unidos
tm319818,Reino Unido
tm414887,Estados Unidos
ts82849,Estados Unidos
ts55781,Bélgica
ts55781,França
ts78305,Espanha
ts56648,Estados Unidos
ts42294,Estados Unidos
tm374132,Estados Unidos
tm280828,Estados Unidos
ts54054,Estados Unidos
ts77518,Japão
ts82526,Estados Unidos
ts57055,Estados Unidos
ts84574,Estados Unidos
tm371380,Estados Unidos
tm244197,PR
tm244197,Estados Unidos
tm244197,Reino Unido
tm244197,China
tm420348,Estados Unidos
ts77563,Estados Unidos
ts76458,Finlândia
ts77824,Estados Unidos
ts77197,Estados Unidos
ts78558,Estados Unidos
ts76869,Japão
ts84280,Japão
tm435086,Canadá
tm414285,Estados Unidos
tm244206,Estados Unidos
ts79926,Reino Unido
tm273294,Estados Unidos
tm280060,Estados Unidos
ts76865,Japão
tm226948,Estados Unidos
ts83999,Reino Unido
tm371900,Reino Unido
tm271951,Estados Unidos
tm271951,Reino Unido
tm244332,Estados Unidos
tm410435,Estados Unidos
ts78430,Reino Unido
ts82228,Japão
ts58025,Estados Unidos
ts82597,Estados Unidos
tm362881,Japão
ts87369,Canadá
tm221953,Índia
tm227940,Austrália
tm311815,Estados Unidos
ts55645,Estados Unidos
ts81331,Estados Unidos
tm362098,Estados Unidos
ts80856,Estados Unidos
tm317542,Estados Unidos
tm313683,Espanha
tm414220,Canadá
tm414220,Estados Unidos
tm299677,Estados Unidos
tm244325,Reino Unido
tm244325,Alemanha
tm435916,Estados Unidos
tm433228,Reino Unido
tm244307,Estados Unidos
ts80705,Estados Unidos
ts78080,Estados Unidos
tm346943,Estados Unidos
tm233362,Estados Unidos
ts80035,Estados Unidos
ts82560,Nova Zelândia
tm310706,Estados Unidos
tm244233,Estados Unidos
tm317566,Estados Unidos
tm422491,Estados Unidos
tm422491,PR
tm449070,Reino Unido
tm449070,Estados Unidos
tm315340,Indonésia
tm307283,Austrália
ts84010,Austrália
tm366567,Estados Unidos
ts55962,Estados Unidos
tm300615,Estados Unidos
ts56480,Reino Unido
tm243326,Estados Unidos
tm243326,Reino Unido
ts57424,França
ts56511,Espanha
tm349803,Canadá
tm349803,Estados Unidos
tm323634,Estados Unidos
tm316414,Estados Unidos
ts80523,Japão
tm434202,Reino Unido
ts75772,Reino Unido
ts121489,Estados Unidos
ts77957,Estados Unidos
ts78452,Reino Unido
ts78356,Dinamarca
ts86296,Reino Unido
tm410742,Itália
tm410742,Suíça
tm410742,França
ts79422,Estados Unidos
ts78298,Coreia do Sul
ts88783,Japão
tm244229,Itália
tm244229,Espanha
tm244229,França
ts56038,Estados Unidos
ts57439,Estados Unidos
ts53936,Turquia
ts56481,Estados Unidos
tm348993,Estados Unidos
tm348993,Islândia
tm348993,Noruega
tm427308,Canadá
ts85895,Rússia
ts82302,Estados Unidos
tm245176,IQ
tm245176,Reino Unido
ts82281,Japão
ts81344,Estados Unidos
tm240076,Estados Unidos
ts77525,Estados Unidos
tm298084,Hungria
tm423436,Estados Unidos
ts85568,Alemanha
ts77474,Coreia do Sul
tm368449,Estados Unidos
tm433381,Espanha
tm349278,Canadá
tm363488,Estados Unidos
tm315424,Reino Unido
tm315424,Estados Unidos
ts57303,Estados Unidos
tm310899,Estados Unidos
tm310899,Austrália
tm310899,Reino Unido
ts56594,Estados Unidos
ts76313,Austrália
tm417496,Estados Unidos
tm352588,Estados Unidos
ts79660,Canadá
ts79660,Reino Unido
tm314477,Espanha
ts75263,Estados Unidos
tm368241,Estados Unidos
tm503797,Estados Unidos
tm244175,República Tcheca
tm244175,Reino Unido
tm244175,Estados Unidos
tm321224,Estados Unidos
ts90596,Estados Unidos
ts90596,Irlanda
ts90596,Canadá
tm416105,Estados Unidos
tm285107,Reino Unido
tm285107,Estados Unidos
tm319882,Reino Unido
tm420274,Austrália
tm233294,Estados Unidos
tm320255,Tailândia
ts83745,Estados Unidos
ts57814,Japão
ts85810,AE
tm412623,Reino Unido
ts84904,Austrália
tm374313,Reino Unido
tm374313,África do Sul
ts41527,Estados Unidos
tm411311,Reino Unido
ts215037,Estados Unidos
tm368040,Estados Unidos
tm368040,Reino Unido
tm368040,Espanha
tm324155,Estados Unidos
ts84533,Estados Unidos
tm244148,Reino Unido
tm244148,Estados Unidos
ts55231,Estados Unidos
tm363248,Estados Unidos
ts57082,Reino Unido
tm420745,Estados Unidos
tm420745,Canadá
tm217228,Estados Unidos
ts79234,Estados Unidos
tm426274,Estados Unidos
tm363103,Canadá
tm139885,IR
tm139885,Estados Unidos
tm139885,França
ts84056,Espanha
tm244317,Estados Unidos
tm219259,Canadá
ts86169,Estados Unidos
ts57947,Bélgica
ts113109,Reino Unido
ts56670,Estados Unidos
tm370232,Estados Unidos
tm431347,Estados Unidos
tm211554,Reino Unido
tm211554,Indonésia
tm211554,Canadá
tm211554,China
tm211554,Singapura
tm211554,Estados Unidos
ts75164,Estados Unidos
ts57210,Estados Unidos
tm292837,Espanha
ts81542,Canadá
tm351101,Espanha
tm351101,França
tm328443,Coreia do Sul
tm367065,Singapura
tm367065,Reino Unido
tm367065,Estados Unidos
tm281935,Estados Unidos
ts79157,Japão
ts57964,Estados Unidos
tm439484,Estados Unidos
ts84930,França
tm306301,Estados Unidos
tm306301,França
tm139545,Estados Unidos
ts83906,Estados Unidos
tm374454,Canadá
ts78382,Estados Unidos
ts80519,Estados Unidos
tm423373,Índia
tm349800,Estados Unidos
ts77600,Estados Unidos
tm284015,GE
tm284015,Alemanha
tm284015,França
ts83540,Estados Unidos
ts56201,Canadá
tm289181,Estados Unidos
tm312767,Estados Unidos
tm436470,Estados Unidos
ts55491,Estados Unidos
ts84243,Itália
ts57822,Reino Unido
ts79020,Reino Unido
ts84779,Estados Unidos
tm411415,Estados Unidos
ts83561,Turquia
tm370392,Estados Unidos
tm300184,Reino Unido
ts58225,Estados Unidos
tm414962,Indonésia
ts55581,Coreia do Sul
tm370436,Nova Zelândia
ts81318,Israel
ts56718,Estados Unidos
ts89130,Espanha
tm307910,Estados Unidos
ts82218,Japão
tm321596,Estados Unidos
tm351214,Estados Unidos
tm324870,Estados Unidos
tm406111,Estados Unidos
tm406111,Reino Unido
ts81918,Estados Unidos
ts85686,Nova Zelândia
tm298339,Irlanda
tm245937,Estados Unidos
tm464542,Índia
tm351216,Estados Unidos
ts83360,Coreia do Sul
tm298846,Estados Unidos
tm414709,Canadá
tm414709,Estados Unidos
tm414709,Alemanha
ts79045,Estados Unidos
tm367250,Países Baixos
tm411507,Estados Unidos
ts39016,Estados Unidos
ts75749,Coreia do Sul
ts76486,Coreia do Sul
tm327199,Estados Unidos
tm409766,Reino Unido
tm409766,Estados Unidos
ts79026,Reino Unido
ts55194,Estados Unidos
ts82892,Reino Unido
tm420797,Estados Unidos
tm438502,Espanha
tm411958,Estados Unidos
tm322243,Canadá
tm322243,Estados Unidos
ts75355,Itália
tm305437,Estados Unidos
ts76417,Bélgica
ts57080,Estados Unidos
ts53367,Japão
tm312577,Japão
tm413049,China
ts81885,Estados Unidos
ts80617,Turquia
tm346467,Estados Unidos
ts77787,Japão
ts53101,Coreia do Sul
tm299790,Estados Unidos
tm219258,Canadá
tm219258,Irlanda
ts85034,Estados Unidos
tm266652,Japão
ts82372,Estados Unidos
ts83232,Polônia
tm244368,Estados Unidos
ts77799,Estados Unidos
ts86814,Estados Unidos
tm419733,Estados Unidos
tm352774,Estados Unidos
tm406881,Estados Unidos
ts80720,China
tm317110,Coreia do Sul
ts78507,Estados Unidos
ts90994,Estados Unidos
tm437608,Estados Unidos
ts85175,Tailândia
tm407827,Países Baixos
tm407827,Bélgica
tm326723,Estados Unidos
ts81757,México
tm241990,Japão
tm285356,Estados Unidos
tm285356,KH
ts75157,Estados Unidos
tm324820,França
tm324820,Japão
ts53693,Reino Unido
ts85138,Estados Unidos
ts83251,Estados Unidos
ts55348,Estados Unidos
tm330869,Estados Unidos
tm330869,Reino Unido
ts83763,Reino Unido
ts86682,Estados Unidos
tm285340,Estados Unidos
ts78217,Espanha
tm270999,Estados Unidos
ts85659,Estados Unidos
ts77034,China
ts224746,Argentina
tm349138,Estados Unidos
tm448122,Estados Unidos
ts58152,Espanha
ts83537,Polônia
ts55939,Suécia
ts85968,PR
tm315584,Japão
tm420334,Estados Unidos
ts75620,Coreia do Sul
tm282910,Japão
ts58175,Estados Unidos
tm425138,Japão
tm307515,Estados Unidos
tm307515,Espanha
tm244519,Estados Unidos
tm244519,Canadá
tm244519,China
tm347821,Estados Unidos
ts75002,Noruega
ts82770,Espanha
tm298779,Japão
ts85170,Coreia do Sul
tm369179,Estados Unidos
ts81734,China
ts75981,Reino Unido
ts75477,Estados Unidos
ts83502,França
tm266685,Estados Unidos
tm409618,Estados Unidos
tm347530,Estados Unidos
ts57985,Estados Unidos
ts58297,Canadá
ts80959,Índia
tm313974,Estados Unidos
ts81821,Colômbia
tm359103,Japão
ts78291,Alemanha
tm1883,China
tm1883,Estados Unidos
tm1883,Espanha
ts81414,China
ts76793,Estados Unidos
ts95569,Estados Unidos
ts78231,Estados Unidos
ts321277,Estados Unidos
ts83790,Coreia do Sul
ts228255,França
ts90869,Estados Unidos
tm271959,Estados Unidos
tm318200,Estados Unidos
ts78590,Brasil
tm375912,Reino Unido
tm407775,França
ts236347,Japão
tm436844,Estados Unidos
tm429163,Espanha
tm308090,Estados Unidos
ts78206,Coreia do Sul
tm427465,Estados Unidos
ts131579,Bélgica
ts83489,Brasil
tm349529,CU
tm349529,Estados Unidos
tm372318,França
ts75341,Japão
tm299761,Espanha
ts57811,Japão
ts75286,Estados Unidos
ts57148,Estados Unidos
ts83457,Espanha
tm348003,BG
tm348003,Estados Unidos
tm219252,Estados Unidos
tm294581,Estados Unidos
tm290831,Estados Unidos
tm425732,Estados Unidos
ts81526,França
tm413557,Japão
ts85837,Coreia do Sul
tm285295,Estados Unidos
ts88234,Reino Unido
tm366019,Filipinas
tm350607,Canadá
tm350607,Estados Unidos
tm434917,França
ts57464,Estados Unidos
tm368538,França
tm445735,Estados Unidos
tm427293,Espanha
tm353742,Estados Unidos
tm353742,BG
tm311898,Canadá
tm311898,Estados Unidos
tm326624,Estados Unidos
tm326624,Dinamarca
tm326624,Reino Unido
ts56125,México
ts53399,China
tm443993,Espanha
ts82445,China
ts80411,Coreia do Sul
ts55232,Japão
tm420656,Reino Unido
tm420656,Estados Unidos
tm441198,Estados Unidos
tm430104,Coreia do Sul
ts309731,Espanha
ts309731,Itália
tm285649,Turquia
tm285649,Estados Unidos
tm313293,Estados Unidos
tm357820,Estados Unidos
ts86949,Reino Unido
tm440996,Estados Unidos
tm260272,Estados Unidos
ts82375,Japão
ts82843,Estados Unidos
ts80479,Coreia do Sul
ts82268,Índia
tm446424,Canadá
tm320727,Estados Unidos
ts78246,Reino Unido
ts90594,Estados Unidos
ts84833,México
ts76603,Japão
ts87194,Austrália
tm313487,Estados Unidos
tm357479,Estados Unidos
tm357479,BG
ts82631,Tailândia
tm368310,Peru
tm368310,Alemanha
tm368310,Noruega
ts76753,Coreia do Sul
tm440415,Estados Unidos
ts77755,Estados Unidos
ts84646,Dinamarca
tm300054,Espanha
tm320670,Luxemburgo
tm320670,Estados Unidos
tm320670,França
ts81583,Coreia do Sul
tm233360,Israel
tm443186,Estados Unidos
tm314705,Estados Unidos
tm324124,Estados Unidos
tm417440,Espanha
tm139564,Estados Unidos
ts79997,Coreia do Sul
tm327540,Canadá
tm327540,Reino Unido
tm327540,Estados Unidos
ts82424,Estados Unidos
tm371630,Alemanha
ts53166,Estados Unidos
ts76478,Coreia do Sul
tm344886,Israel
tm344886,MA
tm344886,Estados Unidos
tm344886,BG
tm344886,Reino Unido
ts85202,Estados Unidos
ts36650,Espanha
tm420989,Estados Unidos
tm270490,Estados Unidos
tm325102,Estados Unidos
tm426202,Estados Unidos
tm313988,Estados Unidos
ts75750,Coreia do Sul
tm404690,Estados Unidos
ts77545,Estados Unidos
ts75718,Estados Unidos
tm376903,Argentina
tm376903,Chile
tm359713,Estados Unidos
ts116101,Reino Unido
ts57300,Estados Unidos
ts85967,Estados Unidos
ts9075,Estados Unidos
ts80313,Estados Unidos
tm238377,Estados Unidos
tm285171,Estados Unidos
tm363231,Japão
ts79679,Turquia
ts82298,Coreia do Sul
ts84645,Estados Unidos
ts78299,Estados Unidos
tm424032,Argentina
tm424032,Espanha
tm421776,Estados Unidos
ts74962,Canadá
tm322569,Estados Unidos
tm266702,França
tm307776,Índia
ts77014,Turquia
ts82181,Japão
tm426569,Argentina
tm426569,Espanha
tm426569,UY
tm414447,TW
tm311319,HK
tm311319,China
ts54050,Estados Unidos
ts80090,Japão
tm839847,Estados Unidos
tm405849,Japão
tm405849,China
tm344336,França
ts84799,Espanha
tm406831,Japão
ts79086,Estados Unidos
tm423761,Estados Unidos
ts82127,Japão
tm374845,Japão
ts78053,Japão
tm311995,Coreia do Sul
tm366590,Índia
tm366590,Estados Unidos
ts78031,Polônia
tm515157,Estados Unidos
tm434727,Estados Unidos
tm361770,Estados Unidos
tm371952,Índia
tm306811,Estados Unidos
tm306811,Austrália
tm425884,Estados Unidos
tm307612,Estados Unidos
tm366820,Estados Unidos
tm311789,Estados Unidos
tm244300,Alemanha
ts85732,Estados Unidos
ts55627,Estados Unidos
tm448479,QA
tm448479,TN
tm448479,França
tm301024,França
ts80059,Reino Unido
tm317491,Índia
ts56933,Nova Zelândia
tm327053,Brasil
tm419496,Índia
ts118696,Coreia do Sul
tm410748,Estados Unidos
ts79219,Estados Unidos
tm299764,Espanha
tm299764,México
tm408941,Irlanda
ts85183,Brasil
tm444469,Filipinas
tm444469,Singapura
ts84135,México
ts86067,Estados Unidos
ts76245,México
tm412273,XX
tm365122,Estados Unidos
tm365122,AE
tm309903,Alemanha
tm309903,Dinamarca
tm309903,Países Baixos
tm309903,Reino Unido
tm362121,Países Baixos
tm362121,México
ts56033,Colômbia
ts56636,Coreia do Sul
ts92825,Estados Unidos
ts76509,Estados Unidos
tm321628,Austrália
tm299504,Espanha
ts55978,Japão
tm346939,Estados Unidos
ts77520,Japão
tm326704,Índia
tm365824,Índia
ts85236,NG
tm407295,Estados Unidos
tm357552,Estados Unidos
ts78789,Japão
tm438995,Estados Unidos
tm404475,Estados Unidos
tm244274,Estados Unidos
ts82867,Estados Unidos
tm376234,Espanha
ts86164,Japão
ts74959,Austrália
tm314829,Estados Unidos
tm327622,Estados Unidos
ts78913,Coreia do Sul
ts84780,Colômbia
ts85822,Índia
tm371959,Estados Unidos
tm313120,Estados Unidos
tm429208,Canadá
tm429208,China
ts76949,Canadá
ts76511,Reino Unido
tm362180,Estados Unidos
ts53516,Estados Unidos
tm372305,Estados Unidos
tm326773,Espanha
tm407714,França
tm318641,Estados Unidos
tm408306,Canadá
tm233485,Estados Unidos
ts84346,Estados Unidos
ts84346,México
tm363329,Canadá
tm328175,França
ts90880,Itália
tm344173,Estados Unidos
ts57913,Coreia do Sul
tm307843,Índia
tm441060,Estados Unidos
ts58442,Coreia do Sul
ts84772,Japão
tm370628,Estados Unidos
tm300027,Espanha
ts80030,Estados Unidos
tm406098,Noruega
tm406098,Suécia
tm406098,Dinamarca
tm406098,Países Baixos
ts77405,Coreia do Sul
tm300056,Espanha
tm355666,Estados Unidos
ts111582,Espanha
tm244292,Alemanha
ts85126,Estados Unidos
tm313712,Índia
ts70631,Japão
tm359714,Estados Unidos
tm336712,Estados Unidos
tm376015,Estados Unidos
tm348010,Estados Unidos
ts83213,China
tm238587,Estados Unidos
tm238587,Alemanha
tm238587,África do Sul
tm372662,Espanha
tm438994,Estados Unidos
ts82419,Estados Unidos
tm279585,Estados Unidos
tm270987,Canadá
tm270987,França
tm374216,Estados Unidos
tm362074,Islândia
tm362074,Suécia
tm362074,Bélgica
ts86945,Estados Unidos
ts55484,Coreia do Sul
ts74805,Estados Unidos
ts80042,Canadá
tm285298,Estados Unidos
ts80466,Reino Unido
ts89067,Japão
ts78145,Estados Unidos
tm263427,Alemanha
tm263427,Espanha
ts77770,Japão
tm421335,Estados Unidos
tm428453,China
tm428453,França
tm428453,TW
tm428453,Estados Unidos
tm371741,Colômbia
ts80600,México
tm295177,Espanha
ts80413,Coreia do Sul
tm299783,Espanha
ts83925,Argentina
tm313748,Estados Unidos
ts79585,Estados Unidos
tm444043,Canadá
ts83554,Estados Unidos
tm287041,KH
tm327652,Estados Unidos
tm416620,Espanha
tm416620,França
tm354644,Espanha
ts82565,Rússia
tm299730,Coreia do Sul
tm331117,Bélgica
tm331117,França
tm417317,Índia
tm359150,Bélgica
tm359150,França
tm359150,Itália
ts79409,Japão
tm358666,Alemanha
tm358666,Suíça
ts53264,Coreia do Sul
ts83359,Coreia do Sul
ts83071,Brasil
tm300447,Estados Unidos
ts84484,Estados Unidos
ts75012,Japão
ts80208,Espanha
tm463806,Estados Unidos
tm350887,Canadá
tm289882,Filipinas
tm296398,Coreia do Sul
tm440946,Canadá
tm361743,Japão
tm361743,Coreia do Sul
tm361743,França
tm408104,Reino Unido
tm244521,Estados Unidos
tm414676,Brasil
tm321627,Austrália
tm307761,Índia
tm428073,Espanha
ts83070,Estados Unidos
tm356563,Alemanha
tm356563,Nova Zelândia
tm356563,Reino Unido
tm365670,Peru
tm415875,França
ts82398,Estados Unidos
ts78353,Coreia do Sul
tm432838,Espanha
ts84977,Estados Unidos
tm427143,Estados Unidos
ts82296,Coreia do Sul
ts79330,Reino Unido
tm346398,Estados Unidos
tm376840,Estados Unidos
tm367473,França
ts83430,Japão
tm409942,França
tm300440,França
tm408890,Espanha
tm307950,Estados Unidos
tm375729,China
tm313424,Índia
tm426117,Itália
tm244321,México
tm244321,Estados Unidos
tm372610,Reino Unido
tm409456,Índia
tm242108,Estados Unidos
ts95011,Estados Unidos
tm242765,Austrália
ts85276,Coreia do Sul
tm322210,Espanha
ts77467,Japão
ts83814,Colômbia
tm439854,Índia
tm340587,Índia
ts68146,Reino Unido
tm266705,Espanha
tm372891,Estados Unidos
ts78099,Austrália
ts78099,Estados Unidos
tm315850,Estados Unidos
tm421748,Índia
tm353046,Estados Unidos
tm418039,Estados Unidos
tm324588,Estados Unidos
tm440678,Coreia do Sul
tm995893,PS
tm275437,Estados Unidos
ts268283,Japão
ts89538,Espanha
ts89069,Estados Unidos
ts89069,Dinamarca
tm426983,Áustria
tm440278,NG
tm307774,Índia
ts78707,Estados Unidos
tm299396,Espanha
ts75676,Espanha
tm366972,Coreia do Sul
tm307751,Índia
tm367008,Estados Unidos
tm437631,Estados Unidos
ts80993,China
tm445899,Polônia
tm445899,Estados Unidos
tm236659,Estados Unidos
tm305112,Coreia do Sul
tm353247,Índia
ts80057,Japão
ts55936,Coreia do Sul
tm477838,KE
tm375007,Estados Unidos
tm233484,China
tm355724,Estados Unidos
tm496588,GH
ts82085,Japão
ts81886,Estados Unidos
ts57281,Estados Unidos
ts82875,Japão
tm363878,Índia
ts80410,Japão
ts55533,México
ts57116,Austrália
tm347850,Estados Unidos
ts85250,Estados Unidos
tm411856,Estados Unidos
tm363003,Estados Unidos
tm348386,Estados Unidos
tm349752,Estados Unidos
tm372054,Espanha
tm440255,Polônia
tm372061,Índia
tm372917,Itália
tm372917,Suíça
tm372917,VA
tm372917,França
tm372917,Alemanha
tm411503,Estados Unidos
tm293867,Estados Unidos
ts84597,Estados Unidos
tm420800,França
tm273600,Japão
tm286532,Alemanha
tm320817,Índia
tm348568,Estados Unidos
tm348392,Peru
tm348392,Reino Unido
tm348392,Estados Unidos
tm348392,Israel
tm348392,Itália
tm372486,Alemanha
tm327708,Índia
ts78767,Itália
tm320489,Alemanha
tm411467,França
tm307767,Índia
ts79707,Argentina
ts78692,Estados Unidos
tm432327,Índia
ts81596,SA
ts81596,SY
ts81596,AE
ts84932,Brasil
ts84038,Estados Unidos
tm352705,Reino Unido
tm376801,Estados Unidos
tm306631,Estados Unidos
tm370447,Espanha
tm375962,Brasil
ts79856,Japão
ts84782,Estados Unidos
ts84782,Coreia do Sul
ts83045,China
tm414340,Estados Unidos
tm313118,Turquia
tm408871,Espanha
ts83204,Reino Unido
tm363787,Estados Unidos
tm409817,Índia
tm409817,França
ts80751,Estados Unidos
tm286520,Estados Unidos
tm244287,Índia
ts74765,Índia
tm364206,Brasil
tm411358,Estados Unidos
ts82559,Reino Unido
ts82559,Estados Unidos
tm283559,Polônia
ts75887,Reino Unido
ts89372,Coreia do Sul
tm363922,RS
tm363922,Polônia
tm363922,Rússia
ts81856,Brasil
ts76771,Estados Unidos
ts84335,Polônia
tm373873,Estados Unidos
tm366143,Israel
tm372969,Índia
ts93947,Austrália
ts82160,Estados Unidos
ts83247,Estados Unidos
tm405738,Espanha
tm405738,Argentina
ts86994,Reino Unido
tm319512,Espanha
tm374357,Austrália
tm326089,Índia
ts80084,Japão
ts76646,Japão
ts75138,Coreia do Sul
tm445255,Índia
ts75491,Estados Unidos
tm358609,Espanha
tm409494,Estados Unidos
tm366973,Estados Unidos
tm852185,Índia
ts80342,Filipinas
ts57291,Japão
tm431760,Malásia
tm295558,Chile
tm295558,Países Baixos
tm295558,França
tm434883,Reino Unido
tm360945,Índia
tm446206,Irlanda
tm446206,Canadá
tm320785,Estados Unidos
tm314939,África do Sul
tm345767,Espanha
tm405901,Estados Unidos
tm445456,Índia
tm322200,Espanha
tm358813,Estados Unidos
tm424888,México
tm323195,Estados Unidos
tm244277,Índia
tm314295,Estados Unidos
tm314295,Países Baixos
tm368441,Índia
tm325433,Argentina
tm325433,Espanha
tm444799,Canadá
tm359030,XX
tm233345,Estados Unidos
ts84985,Reino Unido
tm309115,Índia
tm358242,Estados Unidos
tm320206,Estados Unidos
ts80671,Estados Unidos
tm358239,Estados Unidos
tm351688,Estados Unidos
tm362264,TZ
tm463827,França
ts75357,Estados Unidos
ts85217,Estados Unidos
tm421125,Egito
ts78757,Estados Unidos
tm311283,Estados Unidos
ts82192,Brasil
tm275004,Canadá
tm358949,Canadá
tm358949,Estados Unidos
ts85953,Estados Unidos
tm418870,França
tm418870,Bélgica
tm413955,Dinamarca
tm348073,Estados Unidos
tm359658,Indonésia
tm357272,Estados Unidos
ts84167,TW
tm408892,Itália
tm408892,Espanha
tm371619,Indonésia
tm371619,Malásia
tm371619,Singapura
tm337040,Estados Unidos
tm361505,Canadá
ts317239,Japão
ts86279,Estados Unidos
tm417111,Peru
tm429984,França
tm429984,Luxemburgo
tm429984,Canadá
tm307551,Reino Unido
ts77219,Coreia do Sul
ts103638,Estados Unidos
tm449262,Índia
ts76159,Canadá
tm412489,França
tm412489,QA
tm412489,TN
tm412489,Bélgica
tm407318,México
tm429382,Estados Unidos
tm321073,Índia
tm353627,Estados Unidos
ts58480,Estados Unidos
tm411313,Polônia
tm411313,Suíça
tm411313,AL
tm411313,Itália
tm367264,República Tcheca
tm367264,Estados Unidos
ts79988,Japão
ts86302,Indonésia
ts83710,Estados Unidos
ts55576,Estados Unidos
ts84330,Tailândia
tm334949,Alemanha
ts222363,Coreia do Sul
ts77011,Japão
ts56251,Japão
tm365961,Estados Unidos
tm413418,Índia
ts84644,Estados Unidos
tm370440,Estados Unidos
tm328052,França
tm359975,Coreia do Sul
ts95274,França
tm348467,Argentina
tm348467,França
tm326270,Estados Unidos
tm429567,Estados Unidos
tm413129,Filipinas
tm444821,Itália
tm443537,Índia
tm435487,Indonésia
tm422715,Índia
tm558730,Estados Unidos
tm283322,Estados Unidos
tm356666,Estados Unidos
tm285329,Estados Unidos
tm422359,Filipinas
tm357708,Coreia do Sul
tm311902,Estados Unidos
tm244310,Índia
tm247631,Turquia
ts81485,Estados Unidos
tm366025,França
tm428597,Estados Unidos
tm352033,Alemanha
tm352033,Itália
tm323602,França
tm416121,Indonésia
tm430281,Índia
ts80692,Japão
tm371622,Argentina
tm428483,Filipinas
tm456983,Índia
ts82323,TW
tm410298,Itália
tm410298,França
tm464947,NG
tm319310,Índia
ts85660,Coreia do Sul
tm424898,México
tm424898,Finlândia
tm351201,Turquia
tm429377,Estados Unidos
tm299771,França
tm324806,Estados Unidos
tm436171,Argentina
tm431928,Índia
ts82705,Canadá
ts82705,Brasil
tm363088,Reino Unido
tm375091,Estados Unidos
tm324204,Índia
tm324204,México
ts84200,Estados Unidos
tm370430,Estados Unidos
tm370430,México
tm443034,Espanha
tm348281,Reino Unido
ts85618,Estados Unidos
tm445153,Índia
tm407730,Indonésia
tm320249,Estados Unidos
tm374226,Estados Unidos
tm319477,Estados Unidos
ts84179,Estados Unidos
tm518107,NG
tm245383,Estados Unidos
tm350971,Peru
tm443283,Estados Unidos
tm279017,Estados Unidos
tm349656,Brasil
tm349656,Dinamarca
tm349656,França
tm349656,Alemanha
tm349656,Polônia
tm349656,Argentina
tm512751,NG
tm353875,Brasil
tm327219,Estados Unidos
tm315865,Brasil
tm369433,Índia
tm435144,Estados Unidos
tm437159,Estados Unidos
tm414595,Estados Unidos
tm459527,Turquia
tm444564,México
tm446574,África do Sul
tm446574,Estados Unidos
tm446574,Canadá
tm356684,Espanha
tm356684,Bélgica
tm858471,Canadá
tm430090,PY
tm351181,Turquia
tm504329,Estados Unidos
tm504329,NG
tm431081,NG
tm446987,Reino Unido
tm375547,Espanha
tm348175,Irlanda
tm351720,Estados Unidos
tm351720,Bélgica
tm351720,Reino Unido
tm492277,Indonésia
tm461349,Estados Unidos
tm425748,ZW
tm411257,Estados Unidos
tm403197,LB
tm368729,Índia
tm138667,Índia
tm314272,Brasil
tm436266,Nova Zelândia
tm447750,Japão
tm432313,Índia
tm433215,Filipinas
tm408781,PK
tm429186,Espanha
tm459024,Itália
tm459024,Argentina
tm411288,NG
tm411288,Estados Unidos
ts85515,Tailândia
tm481188,NG
ts83820,Tailândia
tm313472,Argentina
tm430057,Áustria
tm430057,IQ
tm430057,Estados Unidos
tm316744,Estados Unidos
tm361312,Estados Unidos
ts84372,Coreia do Sul
tm407349,Brasil
tm327951,Indonésia
tm447261,Estados Unidos
tm321149,Brasil
tm684591,AE
tm360618,GE
tm197806,Estados Unidos
tm404449,México
tm352865,XX
tm412515,Argentina
tm412515,Itália
tm415938,México
tm364417,Polônia
tm344562,LB
tm317274,Filipinas
tm444257,Índia
tm348845,Estados Unidos
tm361588,Canadá
tm434676,Estados Unidos
tm346867,Estados Unidos
ts84341,TW
tm319127,Índia
tm319127,Estados Unidos
ts83663,TW
tm416458,México
tm409376,Colômbia
ts81857,México
tm430660,Malásia
tm447263,Estados Unidos
ts272185,Coreia do Sul
tm421161,Estados Unidos
tm347060,Índia
tm478147,NG
tm478147,Noruega
ts82564,Japão
tm374656,Estados Unidos
tm430059,Filipinas
tm434179,Espanha
tm443073,Estados Unidos
tm445258,XX
ts81632,TW
tm346334,Islândia
tm346334,Reino Unido
tm294696,Turquia
ts236619,Estados Unidos
tm332500,Filipinas
tm325610,Estados Unidos
tm351505,Coreia do Sul
tm423315,Peru
tm423593,Indonésia
tm434126,Brasil
ts87591,Estados Unidos
tm332572,Índia
tm411508,Índia
tm439678,Argentina
tm311193,Egito
tm430426,Egito
tm418894,México
ts58061,China
ts75320,TW
ts119220,Estados Unidos
tm446104,Filipinas
tm352951,Filipinas
tm354136,México
tm447514,Estados Unidos
tm374395,Índia
tm376844,México
tm376844,Colômbia
tm426238,Malásia
tm346390,Estados Unidos
ts104093,Canadá
ts82887,Japão
tm369315,Índia
tm320756,XX
ts83407,Estados Unidos
tm345225,Índia
tm408257,Argentina
tm408257,Estados Unidos
tm371188,Indonésia
tm429174,Espanha
tm429174,França
tm362047,Estados Unidos
tm351171,Turquia
tm434776,Estados Unidos
tm444576,Estados Unidos
tm814861,Índia
tm431214,KW
tm363181,Índia
ts86360,China
tm466084,França
tm413082,Estados Unidos
tm449860,NG
tm463592,Japão
tm463592,Reino Unido
tm431169,TW
tm431169,Estados Unidos
tm835357,México
tm428982,Egito
tm476959,LB
tm458074,Brasil
tm353791,Filipinas
tm246330,Índia
tm426994,Índia
tm364769,NP
tm364769,Índia
tm442354,Índia
tm423802,Argentina
tm426367,México
tm312738,Índia
tm358746,Canadá
tm416341,Japão
tm368448,Espanha
tm420311,Brasil
tm316658,Estados Unidos
tm325650,Austrália
tm325650,Estados Unidos
tm325650,China
tm424162,TW
tm368350,França
tm368350,Índia
tm368350,Singapura
tm438105,República Tcheca
tm373864,Argentina
tm323300,Estados Unidos
tm422510,Egito
tm327619,Índia
tm407881,França
tm440208,TZ
tm435333,Japão
tm367105,Colômbia
tm307698,Filipinas
tm373134,Turquia
tm352642,LB
tm352642,PS
tm446558,Turquia
tm336227,África do Sul
tm242887,Índia
tm413266,Japão
tm413266,Estados Unidos
tm413266,Canadá
tm1063790,CM
tm438423,Filipinas
tm447328,Estados Unidos
tm376421,Japão
tm411649,Índia
tm364525,Estados Unidos
tm328041,BD
tm328041,Índia
tm445852,XX
tm479734,Canadá
tm479734,África do Sul
tm438005,Filipinas
tm436704,Estados Unidos
tm348191,Filipinas
tm701033,República Tcheca
tm469399,Índia
tm305227,México
tm350116,Índia
tm361161,Reino Unido
tm349418,NG
tm450512,PK
tm415245,Malásia
tm479933,XX
tm345960,México
tm417488,Egito
tm370781,Chile
tm362878,Indonésia
tm358370,Índia
tm369453,México
tm358188,México
tm442805,Turquia
tm307383,França
tm307383,PS
tm307383,Suíça
tm307383,QA
tm478701,NG
tm414746,México
tm324753,Brasil
tm314138,Brasil
ts81828,Estados Unidos
tm429383,Coreia do Sul
ts55735,TW
tm244473,Países Baixos
tm244473,JO
tm244473,Alemanha
tm478654,Estados Unidos
ts80859,China
tm460198,NG
tm369210,Colômbia
tm404569,Índia
tm321563,Reino Unido
tm321563,Dinamarca
tm321563,Grécia
tm367613,Índia
tm350945,Indonésia
tm478967,AE
tm438250,México
tm438250,Argentina
tm369456,XX
tm368284,Colômbia
tm376709,Estados Unidos
tm376709,Chile
tm376709,México
tm316923,Indonésia
tm375836,LB
tm480647,KG
tm450769,Índia
tm362737,Suíça
ts81827,Estados Unidos
tm452767,XX
tm430666,Malásia
tm369079,Estados Unidos
tm416134,Argentina
tm404828,Coreia do Sul
tm321035,Egito
tm441915,Estados Unidos
tm361633,GH
ts229123,Índia
tm368006,Estados Unidos
tm840936,XX
tm430459,México
tm440324,Colômbia
ts78444,Estados Unidos
tm1146751,TZ
tm411528,Estados Unidos
ts84555,México
tm153164,Índia
tm320949,México
tm428877,Turquia
tm314677,México
ts54112,TW
tm306680,XX
tm430748,Índia
tm369452,Argentina
tm471288,África do Sul
tm444907,Índia
tm491499,AE
tm493814,Indonésia
tm404610,Estados Unidos
tm465864,AE
ts82591,Japão
tm433087,Malásia
tm336084,Índia
tm360763,Indonésia
tm370472,XX
tm368697,Filipinas
ts250172,Brasil
tm420789,Índia
ts97584,Estados Unidos
tm458186,BD
tm430496,Estados Unidos
tm327926,AE
tm327926,LB
tm327636,Estados Unidos
tm366383,Turquia
tm349134,Chile
tm285712,Estados Unidos
tm834886,KW
tm494577,NG
tm426260,Indonésia
ts76645,Estados Unidos
ts216746,Estados Unidos
ts89840,Estados Unidos
tm441050,Estados Unidos
tm441050,Reino Unido
ts87466,Japão
ts88361,Estados Unidos
ts87248,Estados Unidos
ts90311,Japão
ts80962,Estados Unidos
ts86497,Estados Unidos
ts254656,Estados Unidos
ts57327,Estados Unidos
ts216679,Estados Unidos
ts237109,México
ts81007,Reino Unido
tm510203,Estados Unidos
ts86912,Estados Unidos
ts252505,Estados Unidos
ts191559,Estados Unidos
ts89259,Estados Unidos
ts83555,Estados Unidos
ts82915,Reino Unido
ts82914,Estados Unidos
ts215046,Luxemburgo
ts90234,Estados Unidos
ts88613,Reino Unido
ts81120,Estados Unidos
ts87953,Estados Unidos
ts235655,Estados Unidos
ts84146,Estados Unidos
tm681578,Estados Unidos
ts221904,Estados Unidos
ts55762,Coreia do Sul
tm369594,Estados Unidos
tm244149,Estados Unidos
ts100116,Canadá
ts219101,França
ts87453,Estados Unidos
ts222988,Austrália
ts235758,Estados Unidos
tm496322,Estados Unidos
ts224901,Reino Unido
tm863808,África do Sul
tm863808,Reino Unido
tm827638,Estados Unidos
ts84633,Japão
tm460124,Reino Unido
tm460124,Estados Unidos
ts88379,Reino Unido
tm824398,Espanha
tm911973,Estados Unidos
ts249891,Estados Unidos
tm849003,Estados Unidos
ts89564,Estados Unidos
tm845489,Reino Unido
tm403709,Reino Unido
ts224303,China
tm362198,Estados Unidos
tm362198,Canadá
tm362198,China
tm368699,Estados Unidos
tm828369,BT
tm828369,China
tm502532,Estados Unidos
tm417392,Estados Unidos
tm417392,Austrália
ts219660,Japão
ts57213,Estados Unidos
ts57213,Reino Unido
ts82913,Estados Unidos
tm414584,Estados Unidos
tm414584,China
ts221200,Estados Unidos
tm817504,Estados Unidos
tm412937,Reino Unido
tm412937,Estados Unidos
ts237107,Estados Unidos
tm456156,Estados Unidos
tm943790,Reino Unido
tm239927,Reino Unido
tm239927,Estados Unidos
ts89210,Estados Unidos
tm919961,Canadá
tm919961,Hungria
tm919961,Estados Unidos
tm427335,Estados Unidos
tm427335,Canadá
tm431321,Estados Unidos
tm417553,Estados Unidos
tm821789,Estados Unidos
tm834851,Reino Unido
tm834851,Estados Unidos
ts223210,Reino Unido
ts223548,Estados Unidos
tm827648,Estados Unidos
tm460948,Estados Unidos
ts107724,Alemanha
tm847085,Estados Unidos
tm494295,Estados Unidos
tm916405,BG
tm916405,Estados Unidos
tm823545,Canadá
ts90448,Estados Unidos
tm244207,Estados Unidos
tm849004,Estados Unidos
ts218802,Estados Unidos
ts287836,Bélgica
tm423666,China
tm818266,Bélgica
tm818266,LT
tm818266,Países Baixos
ts225651,Reino Unido
tm813695,Estados Unidos
tm448792,Estados Unidos
tm448792,Canadá
tm1121246,Canadá
tm1121246,Reino Unido
tm1121246,Estados Unidos
ts222439,Coreia do Sul
tm447963,Estados Unidos
ts104401,Noruega
tm832345,Polônia
ts304505,Estados Unidos
ts103702,Reino Unido
ts88577,Estados Unidos
ts85398,Reino Unido
ts91039,Estados Unidos
ts257301,Canadá
ts95997,Estados Unidos
tm428856,Austrália
tm983787,Estados Unidos
tm840196,Estados Unidos
ts223530,Coreia do Sul
tm455636,Estados Unidos
ts82912,Estados Unidos
tm824331,Estados Unidos
ts84663,Estados Unidos
tm441231,Itália
tm441231,MC
tm441231,Estados Unidos
tm441231,Canadá
tm843444,Estados Unidos
tm832916,Estados Unidos
ts242210,Coreia do Sul
ts221016,Reino Unido
ts221749,Japão
ts86165,Estados Unidos
ts225522,Alemanha
ts116814,Bélgica
ts246072,Alemanha
tm458553,Estados Unidos
ts218569,Estados Unidos
tm886464,Estados Unidos
ts235672,Índia
tm417416,Estados Unidos
tm439163,China
tm439163,Estados Unidos
tm439163,Austrália
tm439163,Canadá
tm426428,Estados Unidos
ts84661,Estados Unidos
tm441232,Estados Unidos
ts220751,Canadá
tm450262,Bélgica
tm450262,Suécia
tm450262,Reino Unido
ts83082,Estados Unidos
ts113842,Reino Unido
tm435520,Estados Unidos
tm443615,Reino Unido
tm432765,Estados Unidos
ts129445,França
tm456436,Canadá
tm456436,Estados Unidos
ts241486,Japão
tm470240,Estados Unidos
tm458585,Estados Unidos
tm678022,Estados Unidos
ts237560,Estados Unidos
ts269397,Polônia
tm361746,Reino Unido
tm361746,Estados Unidos
ts105825,Islândia
tm821143,Estados Unidos
ts113506,Reino Unido
tm453862,Coreia do Sul
tm849022,Estados Unidos
ts89339,Estados Unidos
ts88909,Reino Unido
ts103133,Estados Unidos
tm358770,Estados Unidos
tm358770,Espanha
ts83491,Estados Unidos
tm420826,Estados Unidos
ts281928,Estados Unidos
tm372066,Estados Unidos
ts223981,Estados Unidos
ts89014,Estados Unidos
ts83657,Estados Unidos
tm499045,Austrália
tm836438,Estados Unidos
ts250997,Estados Unidos
tm444017,Estados Unidos
ts215012,Estados Unidos
tm433462,Estados Unidos
ts103329,Japão
tm927718,Estados Unidos
ts215683,China
tm548602,Estados Unidos
ts236531,Estados Unidos
tm325325,Estados Unidos
tm845484,Estados Unidos
tm332071,Estados Unidos
ts80709,Estados Unidos
ts256007,Suécia
ts86908,Estados Unidos
ts105441,Reino Unido
ts227305,Estados Unidos
tm943774,Estados Unidos
ts88469,Bélgica
tm824488,Austrália
tm428557,Estados Unidos
tm878333,Japão
tm893480,Estados Unidos
tm413660,Canadá
tm413660,Estados Unidos
ts284800,Reino Unido
tm820190,Coreia do Sul
tm853953,Estados Unidos
ts88262,Reino Unido
ts286390,Espanha
ts224907,Coreia do Sul
ts161737,Estados Unidos
ts225867,Reino Unido
ts187541,Coreia do Sul
tm464662,Estados Unidos
tm455568,Estados Unidos
ts88283,Estados Unidos
tm471967,Estados Unidos
tm447788,Estados Unidos
ts215341,Coreia do Sul
tm361998,França
ts105047,Rússia
tm451078,Japão
tm414341,Canadá
tm414341,Estados Unidos
ts215691,Estados Unidos
tm450375,Índia
ts90729,Estados Unidos
tm437221,Estados Unidos
tm845496,Estados Unidos
ts242820,Estados Unidos
ts288350,Estados Unidos
tm449105,Alemanha
tm449105,Estados Unidos
tm418847,Alemanha
ts89744,Alemanha
ts82361,Japão
tm498803,Estados Unidos
tm819950,Reino Unido
tm819950,República Tcheca
tm819950,França
ts250801,México
tm315255,China
tm315255,HK
ts223986,Estados Unidos
tm853783,Reino Unido
ts216522,Japão
ts82851,Estados Unidos
tm411750,Estados Unidos
ts252758,Estados Unidos
ts84993,Estados Unidos
ts224859,Estados Unidos
tm469991,França
tm877681,Estados Unidos
tm434553,Estados Unidos
ts255427,Estados Unidos
ts269690,Estados Unidos
tm428558,Estados Unidos
tm927037,Estados Unidos
ts88699,Canadá
ts223240,Coreia do Sul
tm884511,Estados Unidos
tm285317,Estados Unidos
tm817709,Reino Unido
tm845512,Estados Unidos
tm824477,China
tm824477,Estados Unidos
tm927480,Estados Unidos
ts88151,Suécia
tm444247,Estados Unidos
tm355783,Estados Unidos
tm449195,Estados Unidos
tm449195,MW
tm449195,Reino Unido
tm925486,Estados Unidos
tm925486,CY
tm934040,Estados Unidos
ts225101,Coreia do Sul
ts79695,Brasil
tm469193,Bélgica
tm469193,França
tm469193,SN
ts223404,Coreia do Sul
ts89075,Coreia do Sul
ts268799,Dinamarca
ts237499,Polônia
tm420455,Estados Unidos
ts236747,Estados Unidos
tm925584,Estados Unidos
tm914535,Estados Unidos
ts90019,Estados Unidos
tm423140,Reino Unido
tm348403,Reino Unido
tm348403,França
ts87364,Estados Unidos
tm878842,Estados Unidos
tm453099,Estados Unidos
tm446176,Estados Unidos
ts250912,Estados Unidos
ts219162,Estados Unidos
tm316311,Brasil
tm316311,França
tm316311,Espanha
tm316311,Bélgica
tm375883,Espanha
ts268560,Coreia do Sul
ts306090,Japão
tm974366,Estados Unidos
tm443179,Estados Unidos
tm498034,Estados Unidos
tm446609,Estados Unidos
ts105542,Estados Unidos
ts83107,Estados Unidos
ts251782,Estados Unidos
tm810547,Coreia do Sul
tm919864,Índia
ts88721,Estados Unidos
ts89347,Estados Unidos
ts236091,Coreia do Sul
tm827508,Estados Unidos
tm845415,Estados Unidos
ts89747,Espanha
ts81646,Estados Unidos
tm822246,Estados Unidos
ts108392,Reino Unido
ts236685,Espanha
ts227385,Estados Unidos
tm948128,Estados Unidos
tm948128,Suíça
ts222455,Estados Unidos
ts222455,Israel
tm828069,Irlanda
tm828069,Reino Unido
tm935309,França
tm935309,LT
tm935309,Reino Unido
ts106536,Reino Unido
tm458467,Estados Unidos
ts84586,Estados Unidos
ts89251,Estados Unidos
ts90937,Austrália
ts86978,Espanha
tm426638,Reino Unido
tm426638,Irlanda
tm852996,Estados Unidos
ts87471,Japão
tm464557,Estados Unidos
ts86946,França
ts86726,Estados Unidos
tm554944,Reino Unido
tm554944,Itália
tm845437,Estados Unidos
tm463385,Estados Unidos
tm856375,Canadá
tm822907,Estados Unidos
tm952590,Estados Unidos
tm918706,Estados Unidos
tm910040,Estados Unidos
ts243036,Estados Unidos
tm831061,Índia
ts271247,Estados Unidos
ts255926,Estados Unidos
tm827216,Reino Unido
tm827216,Estados Unidos
ts76382,Estados Unidos
ts89282,Espanha
tm497383,JO
tm497383,Tailândia
tm497383,Estados Unidos
tm497383,AL
tm475252,Índia
tm887450,Canadá
ts321758,Coreia do Sul
tm898474,França
tm852097,Japão
tm471878,Portugal
tm471878,Estados Unidos
tm827142,Estados Unidos
ts256309,Austrália
ts219080,Suécia
ts256764,China
ts256764,Estados Unidos
tm828317,Reino Unido
ts251157,Estados Unidos
tm918734,Estados Unidos
tm918734,Reino Unido
tm818502,Espanha
ts223308,Estados Unidos
tm926004,Estados Unidos
tm490222,Estados Unidos
tm467579,Estados Unidos
ts215178,Estados Unidos
ts213820,Estados Unidos
ts89326,Coreia do Sul
ts223759,Estados Unidos
tm452826,Reino Unido
tm452826,Estados Unidos
tm928541,Estados Unidos
tm858954,Polônia
tm845549,Estados Unidos
tm845549,Reino Unido
tm432022,Japão
ts192440,Estados Unidos
ts225912,Alemanha
ts93066,Estados Unidos
tm475783,Estados Unidos
ts219561,Estados Unidos
tm452851,Israel
tm452851,Estados Unidos
tm452851,França
tm452851,Alemanha
ts85480,Japão
ts89958,Coreia do Sul
ts88485,Estados Unidos
ts252856,Estados Unidos
tm465724,Estados Unidos
tm849005,Canadá
ts225787,Estados Unidos
ts254592,Estados Unidos
ts218500,Estados Unidos
tm451512,Estados Unidos
tm451512,Reino Unido
ts224796,TW
ts224796,Malásia
tm369389,Estados Unidos
tm369389,Canadá
tm369389,França
tm369389,Espanha
tm933375,França
ts251420,Estados Unidos
tm471922,França
tm465231,Estados Unidos
tm922788,Estados Unidos
ts87473,Japão
ts89881,Estados Unidos
ts251654,Egito
ts237751,Filipinas
ts104449,Estados Unidos
tm827501,Estados Unidos
tm936236,Finlândia
tm936236,Noruega
ts251067,Estados Unidos
ts225328,Reino Unido
ts223344,Turquia
ts214861,Estados Unidos
tm120072,Estados Unidos
ts93054,Estados Unidos
tm936396,Estados Unidos
tm676311,Estados Unidos
tm464351,Reino Unido
tm464351,Estados Unidos
tm493175,Reino Unido
ts237513,Japão
ts87986,Estados Unidos
ts252098,Reino Unido
ts93611,Estados Unidos
ts85619,Espanha
tm283581,Índia
tm447439,Alemanha
tm885775,Estados Unidos
ts100359,Estados Unidos
ts235862,Coreia do Sul
ts105608,Argentina
ts93482,Estados Unidos
tm835486,Estados Unidos
ts103360,Espanha
ts236501,Espanha
ts256784,Estados Unidos
tm511940,Estados Unidos
tm837756,México
tm837756,Estados Unidos
tm460829,Japão
tm853396,Estados Unidos
ts106126,França
tm877456,Estados Unidos
ts190462,Estados Unidos
tm459512,Estados Unidos
ts225430,Coreia do Sul
ts218888,Japão
tm847998,Estados Unidos
ts88352,Coreia do Sul
tm931686,Estados Unidos
ts237096,Estados Unidos
ts83810,Estados Unidos
ts83810,França
ts83810,Japão
tm461366,Polônia
tm467299,Estados Unidos
ts254537,Brasil
ts86413,Estados Unidos
ts252341,Estados Unidos
ts90413,França
ts90413,Estados Unidos
ts275111,Estados Unidos
ts87008,Reino Unido
tm855600,Estados Unidos
tm503508,Reino Unido
tm503508,Japão
tm824165,Estados Unidos
tm425698,Índia
tm425698,Reino Unido
tm446625,Estados Unidos
ts254045,Estados Unidos
ts225716,França
ts88312,França
ts88312,Estados Unidos
ts222917,Estados Unidos
tm918701,Espanha
tm850723,Japão
tm855483,Estados Unidos
ts101408,Espanha
ts189629,Argentina
ts215378,Turquia
tm475836,Estados Unidos
tm524282,Estados Unidos
tm857051,Índia
ts223126,Estados Unidos
ts90621,Índia
tm451548,Japão
ts223077,Estados Unidos
tm469008,Estados Unidos
tm816038,Japão
ts357033,Coreia do Sul
ts236725,Estados Unidos
tm812916,França
ts255880,Estados Unidos
ts113637,Espanha
tm845535,Estados Unidos
tm845535,China
tm845535,Reino Unido
tm447159,Estados Unidos
tm447159,França
tm447159,Suécia
tm447159,Reino Unido
tm447159,Alemanha
tm447159,Dinamarca
tm447159,Canadá
ts89119,Reino Unido
ts251617,Estados Unidos
ts103890,Austrália
tm938793,Austrália
tm897732,Bélgica
tm897732,França
ts225460,Alemanha
ts225460,Áustria
tm924991,Estados Unidos
tm924991,Tailândia
ts277126,Israel
ts110703,Reino Unido
ts84129,Estados Unidos
tm893799,Bélgica
tm893799,França
ts237104,Reino Unido
tm430171,Estados Unidos
tm848996,Estados Unidos
tm846964,Estados Unidos
tm902330,Reino Unido
tm450478,Estados Unidos
ts89583,Canadá
ts238242,Colômbia
tm826563,Estados Unidos
tm500565,Estados Unidos
tm887369,Estados Unidos
tm844642,Estados Unidos
tm981451,Reino Unido
tm981451,Estados Unidos
tm822832,Filipinas
tm822832,Estados Unidos
ts236051,Espanha
tm680024,Estados Unidos
tm678851,Índia
tm935895,Itália
tm935895,Estados Unidos
tm855535,Polônia
tm893816,Estados Unidos
ts223238,Coreia do Sul
ts88296,Países Baixos
ts86744,Coreia do Sul
ts106141,Brasil
tm860965,Estados Unidos
tm371882,China
tm890674,Estados Unidos
ts189422,Noruega
tm447520,Estados Unidos
tm977997,Estados Unidos
ts89028,Índia
ts187070,Estados Unidos
ts252122,Coreia do Sul
ts111206,Estados Unidos
ts90995,México
tm812998,Turquia
ts223192,Coreia do Sul
ts254600,Estados Unidos
tm857430,Espanha
ts226588,Estados Unidos
ts242244,Japão
ts268608,Reino Unido
ts189405,Brasil
tm452573,Estados Unidos
tm834664,Estados Unidos
ts251028,TW
ts103213,África do Sul
tm493511,Índia
ts268508,Reino Unido
ts92547,Turquia
ts88744,Reino Unido
tm883441,Espanha
tm847430,Japão
tm922532,Alemanha
ts221293,Coreia do Sul
ts217719,Estados Unidos
ts226602,Estados Unidos
ts255104,Estados Unidos
tm885860,Austrália
ts101060,Estados Unidos
ts222367,Alemanha
ts86365,Japão
tm453850,Coreia do Sul
ts91124,Coreia do Sul
ts222634,Brasil
ts223589,Estados Unidos
tm472195,Estados Unidos
ts317497,Espanha
ts256783,Estados Unidos
tm455059,BG
tm455059,Estados Unidos
tm893680,Estados Unidos
tm888080,Estados Unidos
tm854669,Estados Unidos
ts222933,França
ts223982,França
ts89876,Estados Unidos
tm917036,Estados Unidos
ts218277,Argentina
ts315066,França
ts223659,Índia
ts219422,Coreia do Sul
tm458127,Estados Unidos
ts225102,Coreia do Sul
ts88336,Estados Unidos
ts102933,Espanha
tm454375,Estados Unidos
tm838687,Estados Unidos
ts224072,Estados Unidos
ts254568,Alemanha
tm848995,Estados Unidos
ts105192,Austrália
tm470560,Estados Unidos
ts272134,Estados Unidos
ts219895,Estados Unidos
tm883189,Estados Unidos
tm1127695,Espanha
tm1127695,França
tm469400,Estados Unidos
tm670553,TW
tm942240,Brasil
tm942240,México
tm839411,Itália
ts226468,Itália
tm823355,Estados Unidos
ts110635,Itália
ts215718,Coreia do Sul
ts87224,Colômbia
ts192297,Países Baixos
ts192297,Reino Unido
tm857187,Estados Unidos
ts224198,Coreia do Sul
tm814671,Estados Unidos
ts87372,Japão
ts93981,México
ts103209,Estados Unidos
ts218564,Estados Unidos
tm472411,Austrália
tm826368,Estados Unidos
tm824559,Estados Unidos
tm376739,Estados Unidos
ts108593,Estados Unidos
ts223456,Estados Unidos
tm814644,Estados Unidos
tm458326,Estados Unidos
tm449594,França
ts268551,Coreia do Sul
ts226617,Estados Unidos
tm454824,Rússia
ts220248,Estados Unidos
ts270439,Estados Unidos
tm885805,Estados Unidos
ts91087,Coreia do Sul
ts90645,Espanha
ts236033,Estados Unidos
tm453994,Noruega
tm453994,Canadá
ts220552,França
ts220552,Estados Unidos
ts254737,Canadá
ts104483,Índia
ts106015,Japão
ts218803,Estados Unidos
tm458328,Índia
tm838869,França
tm470836,Estados Unidos
ts225860,Noruega
ts89231,Estados Unidos
tm495609,Índia
ts225162,Estados Unidos
ts105645,Estados Unidos
tm833638,Japão
ts288353,Brasil
ts110637,França
tm453903,Espanha
tm461829,Estados Unidos
tm446581,Brasil
tm831873,Argentina
ts90063,China
tm868777,Estados Unidos
tm483997,Reino Unido
tm838876,Estados Unidos
ts225718,França
ts222609,Coreia do Sul
tm819054,Bélgica
tm819054,França
ts236388,França
ts216474,Itália
ts86927,Coreia do Sul
tm915043,Estados Unidos
ts187443,Espanha
tm827304,Estados Unidos
tm954303,Colômbia
tm954303,Espanha
ts217356,Índia
ts220983,Coreia do Sul
tm917846,África do Sul
ts213544,Coreia do Sul
ts251061,China
tm467467,Estados Unidos
ts312044,Japão
ts221174,China
tm467848,Japão
tm917974,Estados Unidos
tm848443,Índia
ts223895,Coreia do Sul
tm917822,Estados Unidos
ts269501,Argentina
tm889018,Chile
tm843768,Estados Unidos
tm846166,China
tm846166,Alemanha
tm846166,Reino Unido
tm819107,Estados Unidos
tm886086,Estados Unidos
tm847629,Reino Unido
ts89048,Coreia do Sul
ts88937,África do Sul
ts82739,Países Baixos
ts82739,Bélgica
ts251615,Estados Unidos
ts89832,Coreia do Sul
ts216493,Japão
tm375446,Noruega
tm375446,Alemanha
tm881859,Estados Unidos
ts217891,Estados Unidos
tm986700,Polônia
tm674099,Itália
tm434830,Canadá
ts254982,Reino Unido
tm473601,Argentina
tm475162,Canadá
tm475162,Estados Unidos
ts88841,Coreia do Sul
ts104840,Alemanha
tm814734,Alemanha
tm912373,Estados Unidos
tm916997,Estados Unidos
tm465408,Estados Unidos
tm826473,TW
tm932595,Estados Unidos
tm454156,Espanha
ts221365,Espanha
tm889679,Estados Unidos
ts251560,Coreia do Sul
tm502151,Espanha
ts223242,Coreia do Sul
ts237773,Itália
ts268099,Estados Unidos
tm927286,Reino Unido
tm881162,Estados Unidos
tm319139,Índia
tm461159,Canadá
tm305433,Estados Unidos
ts314529,Coreia do Sul
tm980097,Itália
ts237488,África do Sul
tm485801,Espanha
tm485801,Portugal
tm978401,Estados Unidos
ts253722,Estados Unidos
ts268890,Coreia do Sul
tm835869,Israel
tm835869,Estados Unidos
ts114080,França
ts219049,TW
ts251512,Estados Unidos
ts90356,Japão
ts222325,Alemanha
ts89291,França
ts225544,Estados Unidos
tm836662,Austrália
ts251618,Reino Unido
ts85451,Espanha
ts226403,Brasil
ts90902,Coreia do Sul
tm464435,Estados Unidos
ts224891,Japão
ts218176,Estados Unidos
ts222380,Brasil
ts236653,Estados Unidos
ts252166,Coreia do Sul
ts245653,México
tm823488,Canadá
tm816992,China
tm816992,HK
ts225669,Japão
ts255809,Argentina
ts237208,Estados Unidos
ts237208,Reino Unido
ts88271,China
ts256853,China
ts87320,Canadá
tm854278,França
tm467804,Índia
ts225410,México
tm451502,Índia
tm884369,Canadá
tm454096,Estados Unidos
tm850454,Estados Unidos
ts251272,Estados Unidos
tm814150,França
ts90980,Estados Unidos
ts185885,Alemanha
tm864480,Argentina
tm864480,Espanha
ts227412,Reino Unido
ts221366,França
tm518467,Espanha
tm518467,Bélgica
tm518467,Alemanha
ts254293,Estados Unidos
tm844250,Índia
tm816593,Estados Unidos
ts251119,Tailândia
ts237111,Argentina
tm366245,Índia
tm948100,Índia
tm857399,Estados Unidos
ts237014,Colômbia
tm941382,Japão
tm571805,Estados Unidos
tm571805,Reino Unido
tm931330,Estados Unidos
ts351349,Estados Unidos
tm932201,Tailândia
tm932201,Estados Unidos
tm494731,Estados Unidos
tm470378,Estados Unidos
tm1081074,Estados Unidos
ts105601,Estados Unidos
ts269844,Índia
ts101874,Colômbia
ts89656,China
tm452962,Estados Unidos
tm452962,França
tm452962,Espanha
ts267956,Turquia
ts217389,Índia
ts236332,Estados Unidos
tm898169,Estados Unidos
ts85510,Estados Unidos
ts187386,Canadá
tm894619,Estados Unidos
tm894619,Canadá
tm458893,Romênia
tm897170,França
tm449590,Estados Unidos
tm884581,Brasil
ts104168,Estados Unidos
ts221363,Alemanha
ts222049,Estados Unidos
tm898262,Espanha
tm898262,França
tm898262,Argentina
tm462611,México
tm844513,Brasil
tm854876,Itália
ts237071,Japão
tm987599,Estados Unidos
tm462778,Estados Unidos
tm890660,Espanha
tm421560,Bélgica
tm421560,França
tm857397,Argentina
tm472766,Brasil
tm460360,Espanha
tm460360,França
tm973536,Estados Unidos
ts191121,Brasil
ts213232,Estados Unidos
tm462660,Tailândia
ts251378,Brasil
ts218890,Japão
ts268592,XX
ts216593,México
ts241460,SA
ts88552,Argentina
ts87361,Austrália
ts296153,Estados Unidos
tm946604,Áustria
tm514257,Espanha
tm933826,Índia
tm835432,Espanha
ts224164,Reino Unido
tm1147120,Estados Unidos
tm453098,Coreia do Sul
ts270465,Itália
tm886283,Países Baixos
tm886283,Polônia
tm886283,Ucrânia
tm886283,Reino Unido
tm886283,Estados Unidos
ts214192,México
ts250871,Estados Unidos
ts252141,Austrália
ts87488,Estados Unidos
ts222606,Coreia do Sul
tm475501,Estados Unidos
tm464888,Índia
tm880059,Estados Unidos
ts251783,Estados Unidos
tm933639,Estados Unidos
tm675171,Estados Unidos
ts314648,Reino Unido
ts214579,Japão
ts270742,Coreia do Sul
ts228502,Estados Unidos
tm455410,França
ts214462,Colômbia
ts104485,Tailândia
ts214280,México
tm450673,Estados Unidos
tm855827,Estados Unidos
tm812781,Estados Unidos
ts88133,China
tm857921,QA
tm857921,PS
tm494531,Espanha
ts89361,Espanha
ts268758,Índia
tm912400,Reino Unido
tm465513,Estados Unidos
tm944331,Estados Unidos
ts236769,Estados Unidos
tm823302,Brasil
tm496648,França
tm430106,RS
tm430106,UY
tm430106,Argentina
ts225379,Coreia do Sul
ts224794,Estados Unidos
ts306187,Estados Unidos
ts236182,Estados Unidos
ts188840,Estados Unidos
ts268648,Brasil
tm817542,Japão
tm918043,Índia
tm454861,México
tm450698,França
tm450698,Itália
ts103935,Colômbia
tm889629,Estados Unidos
tm895839,Itália
ts89696,México
ts190452,Espanha
ts90280,México
tm474548,Estados Unidos
tm946718,Canadá
tm946718,LK
ts100354,Argentina
ts88471,Brasil
tm466255,Estados Unidos
tm832903,Brasil
tm450832,França
tm450462,Índia
tm882887,Estados Unidos
tm882887,Argentina
ts225647,Coreia do Sul
ts86928,Coreia do Sul
tm847678,Japão
tm960414,Estados Unidos
ts90640,LB
tm945168,Egito
tm945168,Estados Unidos
tm889200,Japão
ts84639,Japão
ts251094,Estados Unidos
ts251094,Índia
tm466954,Estados Unidos
tm857805,TW
ts89315,França
tm848663,Índia
ts256898,Alemanha
tm413558,França
tm413558,Luxemburgo
tm413558,Bélgica
tm413558,KH
tm827168,Japão
tm827168,Estados Unidos
ts87698,Espanha
tm679284,Estados Unidos
tm925858,Estados Unidos
tm925858,Bélgica
tm925858,Espanha
tm972010,TW
tm483420,Reino Unido
ts91034,Índia
tm821164,Estados Unidos
tm821164,Japão
tm514494,Alemanha
tm514494,Espanha
ts87489,Estados Unidos
tm825102,Estados Unidos
tm825102,Reino Unido
ts217045,Japão
ts235979,TW
ts88169,Coreia do Sul
ts256297,TW
tm932609,Itália
tm447755,Austrália
tm448767,Estados Unidos
tm462277,Índia
ts253549,Austrália
ts252661,Espanha
tm814894,Espanha
ts256606,Estados Unidos
tm843276,Argentina
tm949267,Argentina
tm919106,Reino Unido
tm850862,Estados Unidos
tm494847,Índia
ts254817,Alemanha
ts215166,Japão
tm931436,Canadá
tm931436,França
tm931436,Japão
tm931436,Reino Unido
tm931436,Estados Unidos
tm943718,Estados Unidos
ts251621,Estados Unidos
tm837690,Índia
tm484989,Espanha
tm879609,Canadá
tm879609,Reino Unido
tm897418,França
tm863890,Alemanha
tm844497,Estados Unidos
tm420181,Estados Unidos
tm847623,Estados Unidos
tm925218,China
tm925218,HK
ts188991,Espanha
ts188991,México
ts90511,México
ts237239,Colômbia
ts191285,China
tm946360,Estados Unidos
tm858416,Índia
tm917325,Estados Unidos
tm838954,Malásia
tm675154,Índia
ts91125,Coreia do Sul
tm844662,Estados Unidos
tm918853,Estados Unidos
ts216698,Reino Unido
tm460815,Índia
ts90466,HK
tm856424,Índia
tm470252,Estados Unidos
tm919082,Reino Unido
tm843938,Itália
ts226410,China
tm455161,Índia
tm869307,NG
tm452440,Brasil
tm849407,Alemanha
ts223690,China
tm898759,Estados Unidos
tm831934,NG
tm465427,Filipinas
tm851346,Estados Unidos
tm834230,Espanha
tm475339,Estados Unidos
tm892081,Estados Unidos
ts78324,Estados Unidos
tm954543,Estados Unidos
tm975398,Alemanha
ts113748,Estados Unidos
tm948916,Áustria
tm948916,Alemanha
ts222625,China
ts90508,Reino Unido
ts221041,Tailândia
ts223084,TW
ts269157,França
tm897771,Estados Unidos
tm910999,México
ts101503,Estados Unidos
tm830833,Estados Unidos
tm819497,Alemanha
tm836674,Estados Unidos
ts269740,África do Sul
tm373452,Índia
tm982100,Estados Unidos
ts90789,Estados Unidos
tm945825,Estados Unidos
tm885669,Estados Unidos
tm945435,XX
tm474061,Estados Unidos
tm837843,Estados Unidos
tm837843,Reino Unido
tm837843,Alemanha
tm840761,Reino Unido
tm840761,Estados Unidos
tm856593,Estados Unidos
tm948607,Canadá
tm351938,França
tm351938,Bélgica
tm470597,Estados Unidos
tm470597,China
tm426630,Índia
tm483602,Índia
tm886214,Índia
tm919903,França
tm919903,México
tm919903,Colômbia
tm835305,Estados Unidos
tm455981,Índia
tm836638,Bélgica
tm836638,França
tm836638,Itália
ts59542,México
ts105589,Estados Unidos
tm847008,Brasil
tm847008,França
ts222438,Japão
tm452929,Espanha
tm845532,Estados Unidos
tm818786,Espanha
tm818786,México
tm834715,Índia
tm830795,Tailândia
tm450095,Japão
tm833382,Turquia
ts222802,China
tm477006,Índia
ts243256,Estados Unidos
ts250803,Reino Unido
ts250803,Estados Unidos
tm825952,Estados Unidos
tm863992,Espanha
ts112733,Índia
ts90095,JO
tm466832,Japão
tm871330,Estados Unidos
tm458418,Coreia do Sul
tm817087,Itália
tm461827,Espanha
tm947555,Estados Unidos
tm372035,França
ts250920,Estados Unidos
tm819016,Colômbia
tm838765,Estados Unidos
tm818588,México
ts112667,Estados Unidos
tm845850,México
tm845850,Estados Unidos
ts104507,TW
tm884616,Chile
tm931158,Estados Unidos
ts223062,Tailândia
tm898180,Reino Unido
tm677746,França
tm677746,Índia
tm677746,QA
tm452867,Coreia do Sul
ts222803,Argentina
ts222803,Peru
tm458721,Estados Unidos
tm492043,Índia
tm881891,Estados Unidos
tm929630,Estados Unidos
tm935993,TW
tm901947,TW
ts88821,China
ts89336,Estados Unidos
ts250800,Brasil
ts223078,Estados Unidos
tm843944,México
tm850730,Espanha
ts87680,México
ts89331,Japão
tm976632,Índia
tm857873,Índia
tm890591,Peru
tm921416,Índia
ts87599,China
tm849937,MU
tm861718,Reino Unido
tm937044,França
ts252318,Estados Unidos
tm442199,China
tm455197,Índia
tm840224,Estados Unidos
tm459329,Índia
tm453727,Estados Unidos
tm818154,Estados Unidos
ts225539,Coreia do Sul
ts89330,Japão
tm832843,Estados Unidos
tm919210,Índia
tm851912,Índia
tm941531,Itália
tm938466,Países Baixos
ts251616,Alemanha
tm977478,Estados Unidos
tm912190,Índia
tm873159,China
tm957567,Alemanha
tm468200,Índia
ts222835,Alemanha
ts236197,Canadá
tm893874,Índia
tm931701,NG
tm827640,Estados Unidos
tm908529,México
tm817284,Indonésia
tm979689,Estados Unidos
ts268997,TW
tm975765,Brasil
tm977782,Canadá
tm429172,Espanha
tm849131,Reino Unido
tm854749,Itália
ts223098,Brasil
ts221851,Coreia do Sul
tm929600,Brasil
ts222599,Estados Unidos
tm977952,Polônia
tm824560,NG
tm920320,Alemanha
tm920320,Dinamarca
tm920320,Egito
tm466426,Estados Unidos
tm853910,México
tm898699,Estados Unidos
tm854682,México
tm828326,Estados Unidos
tm835512,Estados Unidos
tm841239,Estados Unidos
ts189314,Estados Unidos
ts233367,Espanha
tm446480,Indonésia
tm423624,Índia
ts214463,Estados Unidos
ts89679,TW
tm889390,Estados Unidos
tm912327,Coreia do Sul
tm852662,Itália
tm452996,Estados Unidos
ts88146,Estados Unidos
tm889647,Estados Unidos
ts266898,Brasil
tm1079495,Austrália
ts89363,Coreia do Sul
tm885845,Estados Unidos
tm851860,México
tm943771,Estados Unidos
tm943771,Irlanda
tm462551,Espanha
tm840723,Índia
tm898773,Índia
ts222942,Estados Unidos
tm908777,Brasil
tm1028083,Canadá
tm938227,Estados Unidos
tm937265,México
tm917999,Estados Unidos
tm832684,Estados Unidos
tm463038,Espanha
ts213071,Tailândia
tm845117,Estados Unidos
tm822596,Alemanha
tm837648,França
tm844208,Espanha
tm824858,Filipinas
ts222838,Estados Unidos
tm944631,México
tm843958,Estados Unidos
ts225377,IO
tm511991,Índia
ts266966,KW
tm1149814,África do Sul
ts235689,TW
ts235689,China
tm846941,Estados Unidos
tm474862,Estados Unidos
tm849323,Índia
tm425944,França
tm425944,Países Baixos
tm425944,Singapura
tm469432,Austrália
tm469432,Reino Unido
tm501222,Espanha
ts251072,Tailândia
tm428506,Índia
tm957903,Estados Unidos
tm923612,Japão
tm838705,Estados Unidos
ts252015,Estados Unidos
tm946277,Índia
tm884531,Alemanha
tm973335,Índia
tm847212,Índia
tm234980,TW
tm910612,Bélgica
tm850382,Índia
tm464509,Índia
tm820116,França
tm856945,Canadá
tm859143,Índia
tm1096875,Estados Unidos
tm918960,Canadá
ts89340,México
ts103574,SN
ts218367,Argentina
tm840216,Estados Unidos
tm821662,Índia
tm540277,UY
tm810642,Índia
tm984018,Estados Unidos
tm946801,Brasil
ts221891,México
tm950808,Índia
tm847630,Itália
ts89531,Egito
tm946927,Estados Unidos
tm883113,Bélgica
tm883113,França
ts218504,Canadá
tm431769,Alemanha
tm431769,Índia
tm431769,Áustria
tm849251,Argentina
ts237487,Estados Unidos
tm878995,Estados Unidos
tm856545,Argentina
tm462037,Chile
tm851499,Índia
tm927033,Canadá
tm849102,Índia
tm810836,Índia
tm954606,Alemanha
tm431810,Reino Unido
tm469966,MA
tm469966,França
tm469966,QA
tm818239,Índia
ts222980,Estados Unidos
ts221151,Estados Unidos
tm468724,Estados Unidos
tm468724,China
tm469510,Índia
tm845607,Estados Unidos
tm926528,Índia
tm1013697,NG
tm854454,Índia
ts269085,Chile
ts269073,Índia
tm473813,Índia
tm1226722,PS
tm1226722,Filipinas
tm863611,Índia
tm998899,CM
tm826875,França
ts258169,Estados Unidos
tm845370,México
tm845370,Estados Unidos
ts92405,Índia
tm452900,Chile
tm918962,Canadá
tm908128,Índia
tm1026231,Japão
ts223110,Estados Unidos
tm882606,Índia
tm473647,Estados Unidos
tm452574,Estados Unidos
tm840242,Estados Unidos
ts88608,Índia
tm115973,Índia
ts234501,Estados Unidos
tm869373,Japão
tm843143,Indonésia
ts237304,Estados Unidos
ts253288,Estados Unidos
tm848444,SA
ts89895,Estados Unidos
tm823350,Brasil
tm431349,Índia
tm881984,Índia
tm451852,Indonésia
tm842829,Filipinas
tm451584,Indonésia
tm935388,Índia
tm907704,Estados Unidos
tm452237,Estados Unidos
tm456074,Estados Unidos
tm894241,Índia
ts224906,China
tm887052,Estados Unidos
tm458363,Estados Unidos
tm845942,Estados Unidos
tm824324,Egito
tm831196,Índia
tm819841,Filipinas
tm841410,Estados Unidos
ts262037,Coreia do Sul
tm845588,Estados Unidos
ts255867,Coreia do Sul
tm834653,Egito
tm834653,SA
tm894858,KW
tm971431,Islândia
tm465984,Espanha
tm465984,China
tm863280,Malásia
ts225708,SA
tm866782,Turquia
tm810423,Estados Unidos
tm918373,Estados Unidos
tm457410,Turquia
tm940566,Índia
tm825210,Brasil
tm460259,Chile
tm460259,Argentina
tm460259,Canadá
tm896246,Estados Unidos
ts217553,HK
tm925785,México
tm454464,China
tm484173,Índia
tm919920,Índia
ts269283,Índia
tm405637,Egito
tm478962,Índia
tm813634,Índia
ts89182,TW
tm828318,Índia
tm455715,Indonésia
tm977184,Estados Unidos
tm474695,Espanha
tm845616,Tailândia
tm826677,Tailândia
ts234505,França
ts224261,Alemanha
tm1000551,NG
tm943808,Argentina
tm975616,Brasil
tm373471,Índia
tm936519,Egito
tm946795,NG
tm813936,Estados Unidos
ts88166,México
tm918258,Argentina
tm918258,Colômbia
tm1047951,NG
tm493556,Índia
tm882875,Japão
ts221472,Egito
tm460411,Turquia
tm816432,Índia
tm1020701,México
tm839479,Filipinas
tm828570,Índia
tm835445,Estados Unidos
tm435327,Indonésia
tm435836,Índia
tm983091,Estados Unidos
tm674135,Turquia
tm938434,Malásia
tm475638,Brasil
ts213611,Tailândia
tm980358,Estados Unidos
tm483511,Índia
ts101042,México
ts269280,África do Sul
ts255418,XX
tm830151,Indonésia
tm1026240,Japão
tm885938,Brasil
ts225513,Brasil
tm838007,Índia
tm845552,Estados Unidos
ts237556,Colômbia
tm810357,Canadá
tm1062350,África do Sul
tm457296,Estados Unidos
tm982569,Estados Unidos
tm840208,Reino Unido
tm840236,Indonésia
tm844978,GT
tm844978,UY
tm885364,México
ts45322,China
tm849599,Argentina
ts257243,Estados Unidos
tm981475,Espanha
tm882700,Espanha
ts89740,HK
tm945831,Estados Unidos
ts256134,Estados Unidos
tm862830,África do Sul
tm915354,TW
tm881575,Estados Unidos
tm881575,Espanha
ts218000,LB
tm848261,Índia
tm454431,HK
tm890479,Estados Unidos
tm982018,Estados Unidos
tm813231,NG
tm835414,Índia
tm823459,Estados Unidos
tm832463,Índia
ts252695,Estados Unidos
tm836449,Japão
tm832844,Reino Unido
tm898322,NG
tm925702,Singapura
tm887376,Estados Unidos
tm887376,França
tm887376,Japão
tm472999,Índia
tm859424,AF
tm859424,Alemanha
tm859424,PS
tm863879,Índia
tm925186,África do Sul
tm925186,AO
tm852728,Indonésia
ts283159,HK
tm846630,Indonésia
tm918959,Estados Unidos
tm881973,Canadá
ts90648,KW
tm813929,NG
tm475815,Índia
tm683841,HK
tm683841,Filipinas
tm474647,Japão
tm854786,Índia
ts222901,TW
tm973704,Índia
ts250872,Estados Unidos
ts90568,Tailândia
tm1036794,Indonésia
tm844201,Estados Unidos
tm437379,México
tm437379,Estados Unidos
tm847805,Índia
tm814652,Índia
tm920599,Canadá
tm813938,Estados Unidos
tm461532,Turquia
tm820338,TW
tm844236,Canadá
tm822502,Brasil
tm989205,Argentina
ts218307,Estados Unidos
tm839761,Filipinas
tm468651,África do Sul
tm834121,México
tm834121,Estados Unidos
tm474618,México
tm474618,Estados Unidos
tm474496,Chile
tm677904,NG
tm476708,Turquia
tm949905,Índia
ts223121,Tailândia
tm477403,Índia
tm935941,Reino Unido
tm863514,Índia
tm922943,Austrália
tm439365,Índia
tm927926,México
tm944561,Índia
tm818499,Singapura
tm818499,Malásia
tm476922,LB
tm822272,Indonésia
tm466854,Índia
tm845594,Índia
tm1088545,NG
tm530822,Estados Unidos
tm463217,Índia
tm467116,Suécia
tm467116,Estados Unidos
tm879556,Estados Unidos
tm838022,Índia
tm468811,Índia
tm812593,Colômbia
tm814953,Indonésia
tm853091,Egito
tm846354,Indonésia
tm373655,Índia
tm896976,Estados Unidos
tm981956,Estados Unidos
tm842869,França
tm918894,França
tm823848,Egito
tm831125,Estados Unidos
tm843222,Japão
tm675214,NG
tm852775,Índia
tm822167,Filipinas
tm461427,Índia
tm464212,França
tm1041549,NG
tm471802,Índia
tm837802,Brasil
tm849871,Colômbia
tm825934,Estados Unidos
tm825934,Canadá
tm866495,Indonésia
tm813423,LB
tm813423,Estados Unidos
tm813423,Países Baixos
tm813423,Canadá
tm922407,Índia
tm461726,Estados Unidos
tm843345,Coreia do Sul
tm843345,Estados Unidos
tm901961,Alemanha
tm483103,Egito
tm924556,Índia
tm976168,Austrália
tm451269,Filipinas
tm840152,Países Baixos
tm840152,PS
tm840152,Estados Unidos
tm840152,LB
tm1080109,NG
tm813075,Estados Unidos
tm893510,Índia
tm475254,BD
ts251929,Estados Unidos
tm938186,África do Sul
tm852060,Argentina
tm942492,Estados Unidos
tm942492,Canadá
tm888850,Japão
tm882222,AE
ts223115,Tailândia
tm824855,Filipinas
tm849565,Indonésia
tm851862,México
tm944307,Turquia
tm510525,Índia
tm835958,Canadá
tm852207,Dinamarca
tm852207,LB
tm852207,Reino Unido
tm883070,Suécia
ts230973,Japão
tm679270,Índia
ts255823,Filipinas
tm837042,Japão
tm435295,Indonésia
tm678035,AE
tm507191,TW
ts236850,LB
tm430120,UY
tm430120,México
tm430120,Espanha
tm981770,Colômbia
tm1000166,Indonésia
tm929614,França
tm474405,Filipinas
tm474405,Japão
tm454338,Filipinas
tm941493,Canadá
tm885948,Índia
ts235916,Índia
tm1068745,NG
tm912399,França
tm834608,UY
tm925490,China
tm925490,Japão
tm925490,Estados Unidos
tm476496,Índia
tm947446,Filipinas
tm456894,Estados Unidos
tm976519,Estados Unidos
tm1005937,NG
tm860204,VN
tm833555,Coreia do Sul
tm822271,Indonésia
tm826983,Filipinas
ts215862,Estados Unidos
tm1073298,NG
tm902363,Argentina
tm816983,KW
tm461907,Índia
tm456271,LB
ts103918,Colômbia
tm979073,Indonésia
tm1031016,NG
tm918704,NA
tm470687,Colômbia
tm1114639,Índia
tm854261,Turquia
tm464284,HK
tm460149,Indonésia
tm878492,NG
tm815438,Egito
tm472231,Indonésia
tm472961,Estados Unidos
tm902993,Estados Unidos
tm462809,Indonésia
tm916008,França
ts90643,KW
tm836077,Colômbia
ts304136,Coreia do Sul
tm811954,Índia
tm856372,SA
tm842976,Argentina
tm426634,LB
tm426634,QA
tm426634,SY
tm426634,França
ts223454,Tailândia
tm452578,Estados Unidos
tm1028068,Indonésia
tm921230,Indonésia
tm450129,Filipinas
tm810873,Índia
tm824566,PS
tm824566,Dinamarca
tm824566,LB
tm981675,Estados Unidos
tm460199,Índia
tm463814,Itália
ts224956,IO
tm1080445,Estados Unidos
tm1080445,República Tcheca
ts252861,Estados Unidos
tm463762,Índia
tm305129,Estados Unidos
tm852360,Estados Unidos
tm1170388,Estados Unidos
tm1170388,Reino Unido
tm1126268,Estados Unidos
tm1020438,Estados Unidos
ts271450,Estados Unidos
ts277084,Reino Unido
tm1067148,Estados Unidos
tm1226954,Estados Unidos
ts356995,Estados Unidos
ts269395,Estados Unidos
ts353844,Estados Unidos
tm1143265,TW
tm957290,Estados Unidos
ts357030,Estados Unidos
ts306335,Estados Unidos
tm1043537,Reino Unido
tm1043537,Estados Unidos
ts215951,Estados Unidos
ts108385,Estados Unidos
tm928497,Espanha
ts308317,Reino Unido
ts264270,Reino Unido
ts264270,Estados Unidos
ts222333,Estados Unidos
ts220305,Coreia do Sul
ts271437,Coreia do Sul
tm1082564,Estados Unidos
ts217231,Reino Unido
ts344162,Coreia do Sul
ts225061,Estados Unidos
ts223537,Estados Unidos
tm856378,Estados Unidos
tm674063,Reino Unido
tm674063,Austrália
tm674063,Canadá
tm674063,Grécia
tm674063,Nova Zelândia
ts356887,Estados Unidos
ts328671,Japão
ts288808,Espanha
ts319426,Reino Unido
tm1072066,Noruega
ts255888,Estados Unidos
tm1221677,Estados Unidos
ts306526,Polônia
ts311101,Alemanha
ts241363,Espanha
tm1044289,Austrália
ts312082,Coreia do Sul
ts90093,Estados Unidos
ts307973,Estados Unidos
ts270910,Estados Unidos
tm1080083,Grécia
tm1080083,Reino Unido
tm1080083,Estados Unidos
ts296291,Japão
ts87242,Estados Unidos
ts302437,Estados Unidos
tm979026,Estados Unidos
ts353837,Estados Unidos
ts256072,Estados Unidos
tm404856,Estados Unidos
ts317746,Coreia do Sul
ts354073,Estados Unidos
ts256710,Estados Unidos
ts281927,Reino Unido
ts298766,Estados Unidos
ts225855,Coreia do Sul
ts342732,Estados Unidos
ts255037,Estados Unidos
tm1232830,Estados Unidos
tm1229846,Alemanha
tm1229846,França
tm1201262,Itália
tm852172,Países Baixos
tm852172,Estados Unidos
tm937814,Áustria
tm937814,Reino Unido
tm937814,Estados Unidos
ts320073,Reino Unido
tm370144,Estados Unidos
ts293103,Colômbia
ts345200,Dinamarca
ts222522,Japão
ts237713,Estados Unidos
tm825714,Estados Unidos
tm996762,Índia
ts102086,Reino Unido
ts357930,Índia
tm1196288,Estados Unidos
ts284297,Estados Unidos
ts296046,França
tm1083293,Estados Unidos
ts346959,Estados Unidos
ts287722,Estados Unidos
tm1165462,Estados Unidos
ts240453,Suécia
ts294227,Estados Unidos
tm946869,Estados Unidos
tm986168,Estados Unidos
tm1019177,Suíça
tm1019177,Alemanha
ts256310,Estados Unidos
tm1209228,Estados Unidos
ts311985,Estados Unidos
tm1120543,Estados Unidos
ts328051,Estados Unidos
ts357137,Espanha
ts310081,Bélgica
ts269096,Coreia do Sul
tm991529,Itália
ts355168,Reino Unido
ts330198,Reino Unido
tm1231785,Alemanha
tm1092864,Reino Unido
tm1092864,Estados Unidos
tm1092864,Alemanha
ts311987,Estados Unidos
ts85985,Estados Unidos
ts237722,Estados Unidos
ts251675,Coreia do Sul
tm1235785,Estados Unidos
tm1014947,Dinamarca
tm1014947,Islândia
tm1075698,Estados Unidos
ts252119,Israel
ts292696,Espanha
tm1195971,Estados Unidos
ts234817,Estados Unidos
ts227473,Estados Unidos
tm1117040,Índia
ts269179,Estados Unidos
tm1204402,Reino Unido
tm1001097,Estados Unidos
tm525645,Estados Unidos
ts289334,Estados Unidos
tm1022953,Estados Unidos
tm1038686,Estados Unidos
tm1180524,Turquia
ts310057,Estados Unidos
ts328625,Estados Unidos
tm501313,França
tm501313,Alemanha
tm501313,Estados Unidos
tm1137051,Japão
tm471968,Estados Unidos
tm471968,Canadá
tm471968,Reino Unido
tm1111987,Reino Unido
ts300391,Estados Unidos
ts300391,Austrália
ts273436,Estados Unidos
ts281225,Espanha
tm1048362,Alemanha
tm1048362,Estados Unidos
ts349630,Estados Unidos
ts286731,Japão
ts232107,Coreia do Sul
ts296472,Dinamarca
ts88578,Estados Unidos
tm1165983,Reino Unido
tm1198242,Estados Unidos
tm1196705,Estados Unidos
tm1196705,Austrália
tm456513,Estados Unidos
tm1138477,Estados Unidos
tm1166288,Canadá
tm1064065,Suécia
tm1119272,Estados Unidos
ts343430,França
tm851128,França
tm1137119,Israel
tm1166024,Reino Unido
tm1046932,Estados Unidos
tm1046932,Japão
tm1046932,Tailândia
tm992844,Reino Unido
ts225645,Estados Unidos
ts282131,Reino Unido
ts356951,Tailândia
tm1033470,Estados Unidos
tm824160,Estados Unidos
tm1064228,Canadá
tm1064228,Estados Unidos
ts95572,Reino Unido
tm1185367,Estados Unidos
ts311989,Estados Unidos
ts307649,Estados Unidos
ts305788,França
ts305788,Alemanha
tm983784,Nova Zelândia
ts321918,Estados Unidos
tm993838,Austrália
ts328194,Coreia do Sul
tm983723,Reino Unido
tm983723,Estados Unidos
tm855839,Dinamarca
tm1108321,Estados Unidos
tm1092958,Romênia
tm1092958,Estados Unidos
ts296743,Espanha
ts296743,KN
ts108042,México
tm1046264,Espanha
ts329699,Estados Unidos
tm1150385,Reino Unido
tm1138743,Estados Unidos
ts283080,México
tm1227918,Itália
ts287976,Suécia
ts225657,Estados Unidos
tm347095,França
tm347095,Estados Unidos
ts229335,Suécia
tm1087461,Suécia
tm1087461,Reino Unido
tm1046026,Noruega
tm416779,Estados Unidos
ts287559,Estados Unidos
tm1191224,Polônia
ts301625,Polônia
tm1075215,Estados Unidos
tm1094217,Bélgica
tm1094217,França
ts287438,Espanha
tm1199146,Dinamarca
tm1141439,Estados Unidos
tm1018747,Espanha
tm949309,Singapura
tm949309,Estados Unidos
tm949309,Índia
ts343432,Turquia
ts287352,Israel
ts328605,Turquia
ts328541,Reino Unido
tm1110527,Países Baixos
tm1022103,Espanha
tm1046627,Canadá
ts314135,Estados Unidos
tm1185360,Estados Unidos
ts321298,Coreia do Sul
tm1120855,Estados Unidos
tm861000,Canadá
tm861000,Reino Unido
tm861000,Estados Unidos
tm1021871,Estados Unidos
tm841797,Estados Unidos
ts309930,Coreia do Sul
ts271888,Estados Unidos
tm1020851,Austrália
tm1020851,Estados Unidos
ts219423,Estados Unidos
tm1003630,França
tm1003630,Estados Unidos
ts255779,Estados Unidos
ts314164,Coreia do Sul
tm1229690,África do Sul
ts299865,Estados Unidos
tm1000147,Reino Unido
ts321513,Coreia do Sul
ts273229,Espanha
ts300325,Alemanha
ts300325,Austrália
tm1180610,Argentina
ts330425,Estados Unidos
tm1185374,Estados Unidos
tm992260,Estados Unidos
tm1166046,Índia
ts271413,Estados Unidos
tm1079334,Estados Unidos
tm1079334,Países Baixos
ts296214,Estados Unidos
ts330347,Polônia
tm1227853,Índia
ts94677,Estados Unidos
tm1210970,Alemanha
tm413169,Austrália
tm413169,Estados Unidos
ts302053,Coreia do Sul
ts225690,Japão
ts279892,Estados Unidos
tm1151272,Índia
tm981945,Reino Unido
tm981945,Canadá
ts344184,Estados Unidos
ts314594,Estados Unidos
ts1475,Dinamarca
tm919880,Reino Unido
tm919880,Estados Unidos
ts189612,KE
tm833216,Estados Unidos
tm314863,Estados Unidos
ts330402,Estados Unidos
ts281062,Noruega
ts312071,Japão
ts302363,Coreia do Sul
ts308845,Alemanha
tm841825,Irlanda
tm841825,Estados Unidos
tm841825,Canadá
ts304310,TW
tm1159163,Estados Unidos
tm1164962,Bélgica
tm1164962,França
ts253813,Portugal
tm1027081,Reino Unido
tm1027081,Alemanha
ts272980,Reino Unido
tm922706,Estados Unidos
tm1003034,Estados Unidos
tm1003034,Polônia
tm1003034,Coreia do Sul
tm857461,Índia
tm1217459,Índia
ts294338,Estados Unidos
ts294338,Reino Unido
tm976166,Estados Unidos
tm1141594,Estados Unidos
ts296825,França
ts284702,Estados Unidos
tm458292,Coreia do Sul
tm459789,Estados Unidos
ts271595,Estados Unidos
tm1179973,Reino Unido
ts269881,Japão
tm1134087,Estados Unidos
ts343599,Reino Unido
tm1063652,Estados Unidos
tm1002815,Canadá
tm1002815,Estados Unidos
tm1107225,Espanha
tm1049265,Polônia
ts340376,Colômbia
ts310938,Suíça
ts329700,Estados Unidos
ts349921,Estados Unidos
ts270405,Estados Unidos
tm1166020,França
ts192196,Estados Unidos
tm897466,Luxemburgo
tm897466,França
tm1093099,Estados Unidos
tm1207094,Estados Unidos
ts297247,Estados Unidos
tm465421,Coreia do Sul
ts271604,Japão
ts341767,Japão
ts288744,Coreia do Sul
tm1038327,Itália
tm1038327,Brasil
tm922429,Estados Unidos
ts273485,Japão
tm1020820,Reino Unido
tm1020820,Estados Unidos
ts290643,Japão
tm1234767,Estados Unidos
ts313689,Coreia do Sul
tm993670,Estados Unidos
tm1198388,Coreia do Sul
ts313646,TW
tm1038363,Estados Unidos
tm1048678,Estados Unidos
tm1073510,Reino Unido
tm1073510,Hungria
tm1073510,Países Baixos
tm1073510,Suíça
ts271867,Coreia do Sul
tm1158704,Estados Unidos
tm863351,Estados Unidos
tm1020073,Estados Unidos
ts288087,Reino Unido
tm1121707,França
ts314742,Estados Unidos
tm1038344,Estados Unidos
ts333834,Estados Unidos
ts237972,Islândia
ts262246,Reino Unido
tm1080252,Brasil
ts313668,Itália
tm1028298,Estados Unidos
ts288489,Japão
tm977704,Reino Unido
tm813078,Brasil
tm813078,Alemanha
tm813078,QA
tm813078,México
tm813078,Estados Unidos
tm813078,Suíça
tm813078,Argentina
tm1150872,Estados Unidos
tm1195561,Índia
ts329854,Coreia do Sul
ts104499,Filipinas
ts321966,Reino Unido
tm1180123,Reino Unido
tm1141923,Estados Unidos
tm673809,Alemanha
tm1110150,Estados Unidos
ts315611,Estados Unidos
ts315611,Brasil
tm858869,Alemanha
tm858869,Estados Unidos
ts297483,Coreia do Sul
tm1165219,Estados Unidos
tm1132176,Reino Unido
ts269676,Estados Unidos
ts304058,França
tm898614,Estados Unidos
ts273100,Estados Unidos
tm1086874,Índia
ts222864,China
ts265991,Espanha
ts256311,Japão
tm1018890,Estados Unidos
tm996676,Índia
ts331680,Estados Unidos
tm1210379,África do Sul
tm1188818,Índia
ts244930,Estados Unidos
tm888243,Estados Unidos
tm1018427,Estados Unidos
ts305264,Estados Unidos
tm434625,Estados Unidos
tm434625,China
tm1185687,África do Sul
tm1221280,Índia
tm1038369,Estados Unidos
tm863823,Estados Unidos
tm912100,Reino Unido
tm912100,Estados Unidos
tm999817,China
tm1131061,Canadá
tm1131061,Reino Unido
ts312984,Coreia do Sul
ts352579,Turquia
ts311791,Coreia do Sul
ts304053,Estados Unidos
tm1096775,Estados Unidos
tm1066826,Estados Unidos
tm1161601,Indonésia
ts271025,Estados Unidos
tm1108648,Espanha
ts287532,Estados Unidos
ts329885,França
tm1074764,Alemanha
ts291718,Estados Unidos
ts271321,Coreia do Sul
ts319412,Coreia do Sul
tm999927,México
ts287294,Estados Unidos
ts311915,México
tm1082314,Estados Unidos
ts307925,França
tm1044275,Itália
ts272463,Estados Unidos
tm1106212,Indonésia
ts313781,Turquia
tm1087956,Estados Unidos
ts246073,Alemanha
tm1019885,Índia
ts321614,Estados Unidos
ts250092,Japão
ts303513,Chile
tm1201670,Estados Unidos
ts344043,Coreia do Sul
ts317078,Japão
tm1219831,Estados Unidos
ts315041,Coreia do Sul
ts289620,Índia
tm1042481,Canadá
ts343492,Japão
tm1030071,Índia
tm1167440,Países Baixos
tm1195032,Índia
ts297846,Itália
ts220196,Estados Unidos
tm1177856,Espanha
tm1177856,Peru
tm1005109,Coreia do Sul
tm1144897,Turquia
ts319333,Estados Unidos
tm1107063,Coreia do Sul
ts272366,Estados Unidos
ts268102,Coreia do Sul
ts220553,Reino Unido
ts301915,Coreia do Sul
ts288195,Brasil
tm1198745,Canadá
tm1198745,Estados Unidos
tm1003261,Estados Unidos
tm1120902,Alemanha
ts317297,Japão
tm998188,Espanha
ts331439,Estados Unidos
ts317522,Alemanha
tm1047503,Estados Unidos
ts29800,Estados Unidos
tm1018418,Estados Unidos
ts347762,Dinamarca
ts296563,China
tm1138870,Índia
tm1207099,Estados Unidos
tm166973,Estados Unidos
ts320502,Estados Unidos
ts286317,Estados Unidos
ts301999,Polônia
tm1104532,Estados Unidos
ts271593,Estados Unidos
tm1020326,Estados Unidos
ts327074,Estados Unidos
tm1228963,Índia
tm1213009,Índia
tm1040671,Itália
tm1087932,Alemanha
tm983668,Bélgica
tm983668,Reino Unido
tm983668,Alemanha
ts241854,Japão
tm921206,África do Sul
tm921206,Reino Unido
tm921206,Estados Unidos
ts268835,Coreia do Sul
ts305263,Estados Unidos
tm319224,Estados Unidos
ts301914,Coreia do Sul
tm1087160,Chile
tm1087160,Peru
tm1045741,México
tm1045741,Estados Unidos
tm855641,Alemanha
ts308689,Países Baixos
ts272939,Estados Unidos
ts343251,Coreia do Sul
tm473502,Índia
tm855075,Japão
tm1187913,Espanha
ts349845,Noruega
tm1134006,Reino Unido
tm1134006,Estados Unidos
tm881587,Indonésia
ts349842,França
tm816591,Polônia
tm810504,Coreia do Sul
tm983270,Estados Unidos
ts317422,Estados Unidos
tm982887,Estados Unidos
tm984155,Estados Unidos
tm984204,Estados Unidos
ts287328,Estados Unidos
ts302489,Estados Unidos
ts304468,Coreia do Sul
ts108621,Espanha
ts307745,Espanha
tm863919,Canadá
tm863919,China
tm863919,Estados Unidos
tm974195,Japão
tm858000,Japão
ts269493,Estados Unidos
tm1218547,Brasil
ts287703,Coreia do Sul
ts310376,Estados Unidos
ts317612,Japão
ts282291,Itália
tm860261,Estados Unidos
ts258415,Dinamarca
tm1052498,Estados Unidos
tm1150256,Estados Unidos
ts310335,Espanha
ts301196,Reino Unido
ts250998,Países Baixos
tm1102868,Polônia
ts320426,Estados Unidos
tm1223736,Canadá
ts343427,Estados Unidos
ts243780,Singapura
ts243780,Estados Unidos
ts288005,Coreia do Sul
tm872108,Estados Unidos
ts246178,Japão
ts283676,Estados Unidos
tm1143898,Índia
ts215989,Suécia
tm1110389,Canadá
tm1031976,Índia
ts308511,Brasil
tm362072,Canadá
tm362072,Estados Unidos
tm1120509,Estados Unidos
ts320075,Índia
ts280892,Itália
tm1091155,Estados Unidos
ts260477,Noruega
ts254928,Coreia do Sul
tm1219931,Polônia
tm991351,Reino Unido
ts223450,Coreia do Sul
ts257504,Espanha
tm1102891,Turquia
ts308039,Alemanha
tm998858,Estados Unidos
tm894254,Austrália
tm894254,Estados Unidos
tm983658,Estados Unidos
ts312200,Espanha
ts346500,Reino Unido
ts302312,Espanha
ts317720,Estados Unidos
tm1003353,Estados Unidos
tm817075,Polônia
tm1137862,Itália
tm834847,África do Sul
tm876997,Índia
tm1096769,Estados Unidos
ts255486,Japão
tm1092995,Reino Unido
ts312094,Japão
tm1166015,Itália
tm880822,Japão
tm1160424,Tailândia
ts258358,Turquia
tm1039147,Estados Unidos
ts283528,Canadá
ts276067,Brasil
tm1215536,Estados Unidos
ts320335,Brasil
ts286632,Austrália
ts320302,Brasil
ts320302,Estados Unidos
tm833467,Índia
tm1185388,Itália
tm998726,França
ts257873,Austrália
tm1077201,Bélgica
tm1077201,França
tm1203307,Países Baixos
tm945448,França
ts296129,Espanha
ts331681,Estados Unidos
tm1176905,Egito
ts320872,Alemanha
tm1106806,Reino Unido
tm1106806,Estados Unidos
ts328317,Itália
ts296179,México
ts275448,Coreia do Sul
ts269286,Espanha
ts306322,Suécia
tm1119136,Tailândia
ts104362,Estados Unidos
tm1043290,Espanha
ts345976,Estados Unidos
tm810494,Coreia do Sul
tm1029256,Bélgica
tm1029256,Países Baixos
ts283610,Índia
tm1144693,Colômbia
tm1000619,Índia
ts309676,Estados Unidos
ts280693,Estados Unidos
ts285469,Estados Unidos
tm675820,Reino Unido
ts354329,Estados Unidos
ts287802,África do Sul
ts257315,Estados Unidos
ts299321,Estados Unidos
tm1185506,Polônia
tm1083068,Polônia
tm879685,Espanha
tm466544,Índia
ts315551,Espanha
ts317144,Estados Unidos
ts325756,Singapura
ts260502,Portugal
ts320557,Espanha
ts296081,França
tm448707,Índia
ts296069,Espanha
tm1111717,Estados Unidos
tm1111920,Alemanha
ts287149,Estados Unidos
tm950444,Estados Unidos
tm950444,Índia
ts239188,Áustria
ts239188,Alemanha
ts297685,Tailândia
ts308002,México
tm1092892,China
tm1092892,Estados Unidos
ts271517,Estados Unidos
ts257271,Espanha
tm1108010,França
ts296059,Espanha
ts306068,Itália
ts346007,Estados Unidos
tm1098514,TW
tm1108621,Itália
ts317526,Estados Unidos
ts216407,Estados Unidos
ts306510,Coreia do Sul
tm1127479,Índia
tm433048,Estados Unidos
ts321254,Índia
ts270798,Coreia do Sul
tm972519,Itália
tm1003725,Reino Unido
tm1003725,Estados Unidos
ts284862,Reino Unido
tm1036270,África do Sul
ts302056,Estados Unidos
ts287838,Coreia do Sul
ts273318,Estados Unidos
ts318024,Estados Unidos
tm876608,Espanha
tm1000797,Japão
ts331449,Brasil
tm858287,Índia
tm990835,Índia
ts283639,Índia
ts296091,Espanha
ts271720,Japão
ts289364,Estados Unidos
tm993435,Nova Zelândia
tm1191860,Estados Unidos
tm1064532,Tailândia
tm1047190,Estados Unidos
tm1047190,Reino Unido
ts292446,Índia
ts315549,Espanha
ts288997,Estados Unidos
tm1030495,Espanha
ts282133,França
ts289261,Estados Unidos
tm1002869,Reino Unido
tm1002869,Itália
ts287045,Turquia
tm1001267,Rússia
tm1001267,Estados Unidos
ts258321,Estados Unidos
ts342479,Canadá
ts300274,Estados Unidos
ts271726,Estados Unidos
tm1218702,Turquia
tm1041543,Estados Unidos
ts257817,Índia
ts310628,Austrália
tm1142517,Estados Unidos
ts300456,Estados Unidos
tm1146393,Argentina
ts302714,Argentina
tm1065041,Japão
ts288545,Estados Unidos
ts299485,Espanha
ts299485,Estados Unidos
tm1132325,Índia
ts301609,Brasil
tm1038355,França
tm890013,Brasil
tm1182144,Espanha
tm1102226,Itália
tm1000037,República Tcheca
tm1000037,Alemanha
ts297065,Estados Unidos
tm1084481,Estados Unidos
ts285724,LB
ts288065,Estados Unidos
tm963182,Estados Unidos
tm1114205,NG
ts272515,França
ts343404,Índia
tm1073802,Índia
tm1129394,Estados Unidos
tm949382,Índia
tm1129217,México
tm1000599,Brasil
ts257345,Turquia
tm1188819,Alemanha
tm1049155,Finlândia
ts291150,Bélgica
ts320183,Coreia do Sul
ts315144,Estados Unidos
ts309235,França
ts90023,JO
ts346034,Estados Unidos
ts346034,NG
tm1002408,Alemanha
ts226392,Polônia
tm1187638,Estados Unidos
ts287941,Coreia do Sul
tm1001108,Estados Unidos
ts320407,Japão
ts288540,Índia
tm475430,China
tm1125844,Tailândia
tm1130995,Estados Unidos
ts356275,Estados Unidos
tm980657,TW
tm980657,China
ts311887,Coreia do Sul
ts273461,China
ts235563,México
tm993790,México
tm993790,Estados Unidos
ts288472,Coreia do Sul
tm919869,França
tm919869,Alemanha
tm1022912,Índia
ts292662,Estados Unidos
ts330012,Índia
ts282155,Itália
ts188861,Estados Unidos
tm454879,Rússia
ts279953,Coreia do Sul
tm421437,Países Baixos
tm1025318,Índia
ts316965,Estados Unidos
ts270807,Coreia do Sul
ts302058,México
tm1022893,Nova Zelândia
tm1022893,HK
ts321437,Japão
tm1080406,Estados Unidos
tm1001095,Índia
ts345779,Estados Unidos
ts282214,Tailândia
ts329711,MA
ts329711,SA
ts329711,TN
ts329711,Egito
ts329711,LB
ts14520,Estados Unidos
tm985550,Espanha
tm992279,Brasil
ts326029,Colômbia
tm998033,Índia
tm1178876,Noruega
tm1115800,Estados Unidos
ts330132,Espanha
tm975741,China
tm975741,Reino Unido
tm1120937,Estados Unidos
tm859256,Índia
ts297763,Estados Unidos
ts61384,Estados Unidos
ts321084,Itália
tm989672,Estados Unidos
tm1024062,Índia
ts297031,Estados Unidos
tm1198504,Japão
tm1143258,Índia
ts272092,Estados Unidos
tm1077013,Reino Unido
tm1031186,Espanha
ts287741,Estados Unidos
ts288832,Estados Unidos
tm1082359,Reino Unido
tm1040688,AF
tm985712,Estados Unidos
ts301964,Estados Unidos
tm1027712,Austrália
tm1102151,Japão
tm1065788,Turquia
ts296201,Brasil
ts297058,Colômbia
tm1162608,México
tm979182,Suécia
ts282840,Estados Unidos
ts268220,Alemanha
ts268103,Coreia do Sul
ts352881,Itália
tm1070032,Alemanha
ts328617,Brasil
tm1152224,Turquia
ts72196,Estados Unidos
ts307981,Estados Unidos
tm1074621,Estados Unidos
ts188367,Índia
tm990983,Turquia
tm1094069,França
tm1037704,Estados Unidos
tm902870,Estados Unidos
tm1165118,Turquia
tm948681,Espanha
ts331654,México
ts283614,México
tm960430,Japão
tm954297,Brasil
ts319460,Reino Unido
tm997608,Espanha
ts287853,Bélgica
ts287853,Luxemburgo
tm950360,China
ts288064,México
ts305890,México
ts304690,Tailândia
tm1107912,TW
tm813372,Índia
tm1001619,TW
tm1025493,Índia
tm1087383,Suécia
tm1147890,Itália
tm983722,Polônia
tm886188,Itália
tm1101878,Estados Unidos
tm1183542,Índia
ts229537,Estados Unidos
tm960145,França
ts267062,África do Sul
ts254956,Coreia do Sul
tm810657,Índia
tm876083,Espanha
ts305732,Estados Unidos
ts313902,Alemanha
tm1102856,Alemanha
ts302653,TW
tm462311,Bélgica
tm462311,Alemanha
tm855340,Índia
ts326955,Índia
tm1000185,Polônia
tm1030283,Estados Unidos
tm1040337,Itália
ts306188,Canadá
tm1039422,Reino Unido
ts308516,África do Sul
ts329882,Espanha
tm1006127,Estados Unidos
ts317064,Espanha
tm1196455,Argentina
tm990972,Itália
ts232506,Turquia
tm1074622,Estados Unidos
ts330289,Brasil
tm1063013,Suécia
tm1063013,Romênia
tm996040,Itália
tm945283,HK
tm1075596,Estados Unidos
ts311958,Coreia do Sul
tm979688,Japão
tm1033803,Índia
ts302570,Brasil
tm1038096,Brasil
ts285854,LB
ts343426,África do Sul
ts343426,Estados Unidos
tm1031448,Estados Unidos
tm1039168,Índia
tm1164320,Estados Unidos
tm904862,Países Baixos
tm926580,Japão
tm1017664,Itália
tm977620,Japão
tm1118822,Estados Unidos
tm1185568,Colômbia
ts310331,Estados Unidos
tm1110205,México
tm1119455,Estados Unidos
ts293346,Estados Unidos
tm1172947,Índia
ts285422,Egito
tm942277,Estados Unidos
tm942277,Israel
tm856634,Reino Unido
tm856634,Índia
ts304709,Estados Unidos
tm1031499,Brasil
tm1143058,Polônia
tm1152323,Estados Unidos
tm963023,Índia
tm1166429,Brasil
tm1068692,Brasil
tm983466,Estados Unidos
tm1003376,Brasil
tm872496,Polônia
tm1027297,HK
tm1000296,China
tm861018,Coreia do Sul
tm1037519,Canadá
tm1063034,Estados Unidos
ts272669,Estados Unidos
tm859005,Argentina
tm1147172,Estados Unidos
tm1028026,Índia
tm1106551,França
ts273275,Estados Unidos
tm867681,Índia
tm1173806,Índia
ts286218,China
tm960924,Índia
tm1127511,Filipinas
ts289757,Índia
tm1204317,Turquia
tm1040832,Filipinas
tm1037687,Suécia
tm981676,Brasil
tm1165244,Polônia
tm1111595,Estados Unidos
tm1089593,NG
tm1150800,Canadá
tm1150800,África do Sul
tm989502,Coreia do Sul
tm1088320,Reino Unido
tm1038857,Reino Unido
tm1038857,Estados Unidos
tm1011188,Países Baixos
tm1023388,França
tm1049290,Polônia
tm1159301,Estados Unidos
ts273245,Estados Unidos
tm1049083,Filipinas
tm1030241,Índia
tm1073555,Índia
tm1044137,Estados Unidos
tm1116525,Brasil
tm1019865,Índia
tm990740,Estados Unidos
tm1041329,Egito
tm1013111,Espanha
tm1027639,Índia
ts314962,Itália
ts357345,Estados Unidos
tm869475,Índia
tm1179579,Turquia
tm1040733,Estados Unidos
tm1080114,Estados Unidos
tm983730,Estados Unidos
tm1067260,Índia
tm1082515,Estados Unidos
ts297132,TW
ts330422,Estados Unidos
tm1142245,Índia
tm1109843,Índia
ts296581,Estados Unidos
ts322267,Brasil
tm1092075,Países Baixos
tm1092309,Japão
tm886193,Índia
ts272422,Estados Unidos
tm1124066,México
tm1171107,Reino Unido
tm1171107,Estados Unidos
tm1104252,Estados Unidos
ts308053,Estados Unidos
tm1038364,Tailândia
tm1022280,Índia
ts316882,México
tm998238,Egito
tm1064988,HK
tm1119172,Austrália
tm1119172,Estados Unidos
tm1095880,Estados Unidos
tm1118234,França
ts286386,Estados Unidos
tm1036542,Hungria
tm1036542,Canadá
ts319303,Japão
tm1119015,Japão
tm998678,Índia
tm1106900,Indonésia
ts285470,Estados Unidos
tm1024535,VN
tm958688,Turquia
tm1039571,Estados Unidos
tm1054462,Polônia
tm1043655,NG
tm1161223,Irlanda
tm1161223,Reino Unido
ts282876,Espanha
ts288544,Japão
tm1111616,Polônia
tm1091284,Índia
tm1172600,Espanha
ts322506,Estados Unidos
tm1068632,Polônia
ts285874,Espanha
tm1045603,México
tm1179176,Itália
tm1032950,Canadá
tm1033369,Indonésia
ts307816,Coreia do Sul
tm1114350,Indonésia
tm996996,França
tm996010,Itália
tm1141663,Turquia
tm1120212,Egito
tm997617,Filipinas
tm1036797,Índia
tm1027177,Índia
tm1029279,Estados Unidos
ts289982,Tailândia
tm988879,França
ts297061,SA
tm1033635,Estados Unidos
tm1115392,Índia
ts317709,Polônia
tm1076198,Itália
ts269300,Coreia do Sul
tm1064193,México
ts283284,Índia
tm1120636,Estados Unidos
tm1029314,Turquia
tm1130275,Estados Unidos
tm1150727,Índia
tm1111559,México
tm1015884,África do Sul
tm1146635,Japão
tm1121098,Filipinas
tm1023438,Egito
tm1119331,França
ts274575,Estados Unidos
tm965758,Turquia
ts284885,Egito
tm1120766,França
tm1120766,Bélgica
tm1091823,Índia
ts341760,Austrália
tm1068777,México
tm988801,Indonésia
tm1160938,Japão
tm998544,Filipinas
tm1109080,Índia
tm1004011,Índia
tm1131895,Filipinas
ts317423,Espanha
tm1098060,NG
tm1042277,Estados Unidos
tm1018592,Indonésia
ts346656,Estados Unidos
tm863829,Indonésia
ts297729,Indonésia
tm1068720,NG
tm1106888,Turquia
tm1045883,África do Sul
tm1147041,NG
ts285471,Estados Unidos
ts325991,África do Sul
tm1045018,NG
tm1045018,Canadá
tm987730,Índia
tm1019084,Canadá
tm1019084,Estados Unidos
tm1094060,Estados Unidos
ts287804,Colômbia
tm1038025,África do Sul
tm986017,TW
tm988613,Índia
tm1080697,TZ
tm1080697,Reino Unido
tm1046969,LB
tm1099320,Reino Unido
tm1099320,Estados Unidos
tm1040959,Estados Unidos
tm982470,Turquia
ts270616,Estados Unidos
tm1204412,Peru
tm1049317,China
tm1201341,Brasil
tm1110212,África do Sul
tm1122095,NG
tm994923,México
tm1183575,Coreia do Sul
tm1026043,KE
tm1121084,Filipinas
tm1082795,Colômbia
tm1063339,Coreia do Sul
tm1037800,Argentina
tm918777,Indonésia
tm1020293,SA
ts287729,Índia
tm851599,Indonésia
tm1110241,Índia
tm993616,SA
tm831387,Coreia do Sul
tm878575,Indonésia
ts287687,IO
tm1099969,África do Sul
ts319608,Brasil
tm846586,Indonésia
ts288861,Tailândia
ts273317,Índia
tm996479,Reino Unido
tm996479,Índia
ts307884,NG
tm1091956,Filipinas
tm1091956,FO
tm985747,TW
tm959213,Filipinas
tm1040816,Filipinas
tm1053409,África do Sul
tm1165179,Malásia
tm985215,Filipinas
tm1097142,Egito
tm1074617,Estados Unidos
tm1014599,NG
tm1059008,Colômbia
tm1035612,Estados Unidos
