ID TITULO,GENERO
ts300399,Documentário
tm84618,Drama
tm84618,Crime
tm154986,Drama
tm154986,Ação
tm154986,Suspense
tm154986,Europeu
tm127384,Fantasia
tm127384,Ação
tm127384,Comédia
tm120801,Guerra
tm120801,Ação
ts22164,Comédia
ts22164,Europeu
tm70993,Comédia
tm14873,Suspense
tm14873,Ação
tm14873,Crime
tm119281,Crime
tm119281,Drama
tm119281,Ação
tm98978,Romance
tm98978,Ação
tm98978,Drama
tm44204,Ação
tm44204,Drama
tm44204,Guerra
tm67378,Faroeste
tm67378,Ação
tm67378,Europeu
tm69997,Comédia
tm69997,Documentário
tm16479,Romance
tm16479,Comédia
tm135083,Drama
tm135083,Crime
tm135083,Comédia
tm89386,História
tm89386,Documentário
tm89386,Europeu
tm156453,Guerra
tm156453,Documentário
tm156453,Música
tm156453,Comédia
tm14350,Drama
tm81728,Drama
tm94651,Drama
tm94651,Comédia
tm94651,Crime
tm94651,Romance
tm94651,Ação
tm27298,Ação
tm27298,Drama
tm27298,Guerra
tm27298,História
tm27298,Romance
tm100027,Drama
tm100027,Romance
tm100027,Ação
tm100027,Fantasia
tm100027,Família
tm19608,Crime
tm19608,Romance
tm19608,Drama
tm204541,Ação
tm204541,Drama
tm204541,Romance
tm204541,Suspense
tm259855,Documentário
tm356209,Drama
tm356209,Suspense
tm356209,Crime
ts45948,Comédia
tm200475,Drama
tm90896,Música
tm90896,Drama
tm90896,Crime
tm336403,Crime
tm336403,Suspense
tm107372,Romance
tm107372,Drama
tm107372,Comédia
tm358653,Romance
tm358653,Crime
tm358653,Drama
tm259684,Documentário
tm403346,Romance
tm16812,Drama
tm16812,Ação
tm16812,Romance
ts20681,Comédia
tm155787,Drama
tm155787,Crime
tm22327,Guerra
tm22327,Drama
tm180542,Crime
tm180542,Drama
tm180542,Europeu
tm138875,Comédia
tm138875,Romance
tm138875,Drama
tm2386,Terror
tm133087,Comédia
tm133087,Drama
tm133087,Romance
tm177480,Crime
tm177480,Comédia
tm54450,Terror
tm54450,Suspense
tm54450,Europeu
ts22082,Ficção Científica
ts22082,Ação
ts22082,Crime
ts22082,Drama
ts21715,Animação
ts21715,Família
ts21715,Comédia
ts21715,Fantasia
ts21715,Drama
ts21715,Ação
ts21715,Música
ts20678,Família
ts20678,Comédia
ts20678,Romance
tm145608,Drama
tm145608,Europeu
ts25028,Família
tm147710,Comédia
tm147710,Europeu
tm142895,Drama
tm20712,Comédia
tm20712,Documentário
tm117580,Romance
tm117580,Comédia
ts23753,Comédia
ts23753,Família
tm130586,Romance
tm130586,Drama
ts987,Animação
ts987,Comédia
ts987,Família
ts987,Ficção Científica
ts987,Europeu
tm721687,Drama
tm721687,Suspense
tm40103,Ficção Científica
tm40103,Animação
tm40103,Ação
tm40103,Drama
tm40103,Guerra
tm125985,Animação
tm125985,Ficção Científica
tm125985,Ação
tm125985,Drama
tm125985,Guerra
ts2760,Animação
ts2760,Comédia
ts2760,Família
ts2760,Crime
ts2760,Europeu
tm21953,Comédia
tm21953,Documentário
tm126769,Comédia
tm152839,Comédia
tm152839,Documentário
tm49037,Ação
tm49037,Drama
tm49037,Guerra
tm49037,Animação
tm49037,Ficção Científica
tm62924,Comédia
tm62924,Documentário
tm52815,Drama
tm52815,Romance
tm159912,Drama
tm159912,Ação
tm159912,Crime
tm133914,Comédia
tm38736,Drama
tm38736,Guerra
tm51083,Suspense
tm51083,Crime
tm51083,Drama
tm137013,Drama
tm157603,Drama
tm157603,Comédia
tm157603,Romance
tm258072,Crime
tm258072,Drama
tm114356,Drama
tm157853,Drama
tm157853,Crime
tm132164,Comédia
tm446654,Drama
tm446654,Ação
tm446654,Crime
tm348735,Ação
tm348735,Crime
tm348735,Suspense
tm151332,Drama
tm342996,Ação
tm342996,Drama
tm24110,Drama
tm371359,Ação
tm371359,Drama
tm371359,Suspense
tm55091,Drama
ts63001,Comédia
tm311264,Ação
tm311264,Comédia
tm311264,Drama
tm311264,Família
tm411457,Drama
tm411457,Ação
tm172482,Romance
tm172482,Drama
tm172482,Ação
tm419052,Família
tm419052,Romance
tm47673,Drama
tm47673,Fantasia
tm52274,Guerra
tm52274,Drama
tm52274,Europeu
tm147829,Drama
ts20981,Reality Show
tm107744,Suspense
tm107744,Ação
ts22176,Ficção Científica
ts22176,Drama
ts22176,Ação
tm15897,Crime
tm15897,Suspense
tm15897,Drama
ts21223,Ação
ts21223,Ficção Científica
ts21223,Animação
ts21223,Comédia
ts21223,Fantasia
ts21223,Família
tm191013,Drama
tm122434,Drama
tm122434,Romance
tm25947,Crime
tm25947,Comédia
tm43808,Suspense
tm43808,Drama
tm43808,Crime
ts20339,Animação
ts20339,Ação
ts20339,Comédia
ts20339,Drama
ts20339,Fantasia
ts5145,Reality Show
ts5145,Comédia
ts5145,Drama
ts5145,Ficção Científica
tm191110,Drama
tm191110,Romance
ts34435,Animação
ts34435,Ação
ts34435,Ficção Científica
ts34435,Faroeste
ts34435,Comédia
ts34435,Drama
ts34435,Suspense
tm192037,Ficção Científica
tm192037,Ação
tm192037,Suspense
tm27395,Suspense
tm27395,Ação
tm113513,Comédia
ts20983,Drama
ts20983,Ficção Científica
ts20983,Animação
ts20983,Ação
ts20983,Fantasia
ts20983,Suspense
tm192405,Ficção Científica
tm192405,Suspense
tm192405,Romance
tm192405,Drama
tm116655,Crime
tm116655,Drama
tm116655,Ação
tm116655,Suspense
tm116655,Europeu
ts21567,Comédia
ts21567,Drama
tm116488,Suspense
tm116488,Drama
tm116488,Crime
tm116488,Ação
tm11556,Ação
tm11556,Suspense
tm11556,Faroeste
tm11556,Romance
tm56574,Comédia
tm56574,Romance
tm56574,Drama
ts20960,Ação
ts20960,Ficção Científica
ts20960,Fantasia
ts20960,Família
tm53991,Drama
tm53991,Comédia
tm53991,Europeu
tm49178,Fantasia
tm49178,Ação
tm49178,Terror
tm49178,Suspense
ts25252,Ficção Científica
ts25252,Ação
ts25252,Família
ts25252,Fantasia
ts25252,Animação
ts25252,Comédia
ts25252,Drama
tm191989,Drama
tm191989,Suspense
tm191989,Crime
ts22193,Animação
ts22193,Ficção Científica
ts22193,Comédia
ts22193,Família
ts22193,Fantasia
ts22489,Ficção Científica
ts22489,Suspense
ts22489,Família
ts22489,Fantasia
ts22489,Terror
ts22489,Música
ts21034,Ficção Científica
ts21034,Ação
ts21034,Fantasia
ts21034,Romance
ts21034,Animação
ts21034,Comédia
ts21034,Drama
tm121879,Drama
tm44402,Drama
tm44402,Europeu
tm187187,Ação
tm187187,Fantasia
tm187187,Comédia
tm187187,Família
ts16919,Comédia
ts16919,Família
ts16919,Música
tm6859,Drama
tm6859,Família
tm6859,Romance
tm6859,Comédia
tm6859,Europeu
tm118238,Faroeste
tm118238,Crime
tm118238,Ação
tm118238,Drama
tm111163,Suspense
tm111163,Ação
tm111163,Drama
tm111163,Crime
tm190835,Ação
tm190835,Drama
tm190835,Animação
tm190835,Ficção Científica
tm190835,Fantasia
tm192769,Comédia
tm187791,Drama
tm187791,Suspense
tm187791,Crime
tm187791,Ação
tm113576,Drama
tm113576,Romance
tm113576,Família
tm65686,Suspense
tm65686,Crime
tm65686,Ação
ts8570,Comédia
ts8570,Família
tm191387,Terror
tm191387,Suspense
tm191387,Ação
ts27693,Família
ts27693,Comédia
tm19494,Comédia
tm19494,Esporte
tm191772,Ação
tm191772,Drama
tm191772,História
tm191772,Guerra
tm12499,Suspense
tm12499,Ação
tm12499,Crime
tm12499,Drama
tm186589,Ação
tm186589,Suspense
tm186589,Comédia
tm186589,Animação
tm189764,Drama
tm189764,Crime
tm189764,Suspense
tm10739,Ação
tm10739,Drama
tm10739,Ficção Científica
tm10739,Suspense
tm1822,Comédia
tm1822,Família
tm1822,Ação
tm1822,Esporte
tm55369,Romance
tm55369,Drama
tm55369,Comédia
ts251477,Documentário
ts251477,Família
ts251477,Reality Show
tm192431,Crime
tm192431,Suspense
tm192431,Drama
tm192431,Ação
tm192431,Europeu
ts22286,Ficção Científica
ts22286,Animação
ts22286,Ação
ts22286,Comédia
ts22286,Drama
ts22286,Família
ts22286,Fantasia
ts22286,Romance
tm192199,Ficção Científica
tm192199,Ação
tm192199,Drama
tm192199,Terror
ts11397,Ficção Científica
ts11397,Animação
ts11397,Ação
ts11397,Comédia
ts11397,Família
ts11397,Fantasia
ts11397,Faroeste
tm56033,Drama
tm56033,Europeu
tm56033,Crime
ts21581,Drama
ts21581,Comédia
tm117488,Ação
tm117488,Drama
tm117488,Família
tm117488,Esporte
tm117488,Romance
tm190811,Faroeste
tm190811,História
tm190811,Drama
tm191431,Ação
tm191431,Ficção Científica
tm191431,Comédia
tm191431,Suspense
tm10811,Drama
tm10811,Romance
tm49839,Comédia
tm49839,Drama
ts20918,Comédia
ts21693,Comédia
ts21693,Drama
ts21693,Família
ts20939,Drama
ts20939,Comédia
ts20939,Família
ts21684,Drama
ts21684,Romance
ts21684,Comédia
ts22080,Animação
ts22080,Comédia
ts22080,Família
ts22080,Ação
ts22080,Europeu
tm67635,Romance
tm67635,Comédia
tm67635,Drama
tm320211,Documentário
tm7073,Ação
tm7073,Ficção Científica
ts28516,Drama
ts28516,Crime
tm117873,Drama
tm117873,Romance
tm117873,Comédia
tm55100,Drama
tm55100,Romance
tm64817,Comédia
tm64817,Documentário
ts22039,Comédia
tm188606,Drama
tm188606,Europeu
tm41525,Comédia
tm41525,Crime
tm41525,Suspense
tm189171,Drama
tm189171,Música
tm189171,Romance
tm63514,Drama
tm63514,História
tm63514,Guerra
tm63514,Documentário
tm21911,Comédia
tm21911,Música
tm21911,Documentário
tm188970,Comédia
tm188970,Documentário
tm12876,Drama
tm12876,Romance
ts224786,Drama
tm62176,Drama
tm62176,Romance
tm52871,Suspense
tm52871,Ação
tm52871,Drama
tm52871,Romance
tm8687,Comédia
tm104933,Comédia
tm104933,Documentário
tm184326,Drama
tm184326,Crime
tm62385,Romance
tm62385,Família
tm62385,Fantasia
tm62385,Drama
tm191614,Drama
tm191614,História
tm191614,Comédia
tm191614,Romance
tm110766,Drama
tm9898,Comédia
tm9898,Drama
tm9898,Ação
tm9898,Romance
tm47530,Comédia
tm47530,Drama
tm47530,Romance
tm57169,Comédia
tm57169,Documentário
tm192301,Comédia
tm192301,Romance
tm192301,Drama
tm58893,Comédia
tm58893,Ação
tm58893,Crime
tm58893,Suspense
tm110160,Drama
tm110160,Comédia
tm118438,Romance
tm118438,Crime
tm118438,Suspense
tm118438,Drama
tm424630,Drama
tm424630,Esporte
tm27601,Comédia
tm27601,Romance
tm27601,Drama
tm203186,Documentário
tm203186,História
tm128073,Comédia
tm7951,Comédia
tm7951,Documentário
tm7135,Comédia
tm52083,Romance
tm52083,Drama
tm52083,Comédia
tm52083,Guerra
tm52083,Europeu
tm340430,Drama
tm340430,Ação
tm340430,Crime
tm7032,Drama
tm7032,Guerra
tm7032,Crime
tm7032,Europeu
tm256669,Drama
tm256669,Ação
tm256669,Crime
tm256669,Suspense
tm64729,Comédia
tm64729,Documentário
tm184224,Comédia
tm184224,Documentário
tm25389,Romance
tm25389,Ação
tm25389,Crime
tm25389,Drama
tm25389,Suspense
tm34391,Comédia
tm34391,Documentário
tm44776,Romance
tm44776,Europeu
tm44776,Drama
tm334788,Ação
tm334788,Drama
tm117840,Drama
tm42397,Comédia
tm42397,Romance
tm42397,Fantasia
tm42397,Ação
tm314602,Romance
tm314602,Ação
tm314602,Drama
tm7810,Drama
tm7810,Suspense
tm7810,Crime
tm210754,Drama
tm449775,Drama
tm449775,Ação
ts4,Drama
ts4,Crime
ts4,Suspense
ts20371,Comédia
ts20371,Reality Show
ts20371,Europeu
ts20371,Música
ts9,Ação
ts9,Drama
ts9,Ficção Científica
ts9,Terror
ts9,Suspense
ts21465,Ficção Científica
ts21465,Terror
ts21465,Suspense
ts21465,Drama
ts21465,Fantasia
tm74402,Terror
tm74402,Ficção Científica
tm74402,Suspense
tm91952,Comédia
ts288536,Reality Show
ts288536,Europeu
ts12724,Comédia
ts12724,Esporte
ts6644,Drama
ts6644,Europeu
ts8308,Comédia
tm111828,Drama
tm111828,Crime
ts21469,Drama
ts21469,Romance
ts17156,Comédia
ts22011,Drama
ts22011,Família
ts26091,Crime
ts26091,Documentário
ts26091,Drama
tm150112,Comédia
tm150112,Europeu
ts22337,Crime
ts22337,Ação
ts22337,Suspense
ts22337,Drama
ts22337,Comédia
ts3371,Ficção Científica
ts3371,Animação
ts3371,Ação
ts3371,Família
ts3371,Fantasia
tm80906,Comédia
ts20604,Drama
ts20604,Esporte
ts20573,Comédia
ts20573,Europeu
tm92641,Ação
tm92641,Ficção Científica
tm92641,Música
tm92641,Suspense
ts22099,Ação
ts22099,Animação
ts22099,Família
ts22099,Ficção Científica
ts22099,Comédia
tm27911,Drama
tm27911,Suspense
tm27911,Crime
tm27911,Ação
ts21464,Drama
ts21464,Comédia
ts21464,Família
ts21464,Romance
tm88465,Terror
tm88465,Suspense
tm172683,Ação
tm172683,Suspense
tm172683,Ficção Científica
ts11313,Animação
ts11313,Suspense
ts11313,Ficção Científica
ts11313,Drama
ts11313,Fantasia
ts11313,Crime
ts21247,Drama
ts21247,Ficção Científica
ts21247,Terror
ts21247,Romance
ts21247,Suspense
ts21247,Fantasia
ts20305,Animação
ts20305,Ação
ts20305,Ficção Científica
ts20305,Comédia
ts20305,Fantasia
ts20305,Suspense
tm42877,Ação
tm42877,Suspense
tm42877,Crime
tm42877,Fantasia
tm39030,Ação
tm39030,Suspense
tm39030,Europeu
ts21511,Comédia
ts21511,Ficção Científica
ts21511,Animação
ts21511,Fantasia
ts21511,Família
ts21511,Drama
ts21511,Música
tm997728,Ação
tm997728,Suspense
tm997728,Ficção Científica
ts17942,Comédia
ts17942,Música
tm89677,Drama
tm89677,Comédia
tm89677,Romance
tm78592,Suspense
tm78592,Drama
tm78592,Crime
tm105329,Suspense
tm105329,Documentário
tm105329,Drama
tm105329,Crime
ts30311,Comédia
ts30311,Família
ts30311,Drama
ts30311,Música
ts30311,Romance
ts30311,Esporte
tm139658,Ação
tm139658,Fantasia
tm139658,Drama
tm139658,Romance
tm26327,Suspense
tm26327,Drama
tm26327,Guerra
tm95477,Ação
tm95477,História
tm95477,Guerra
tm95477,Drama
tm95477,Europeu
tm154187,Crime
tm154187,Suspense
tm154187,Ação
ts22267,Comédia
ts22267,Crime
tm133767,Drama
tm133767,Comédia
tm133767,Romance
ts2230,Reality Show
tm45454,Comédia
tm45454,Suspense
tm45454,Ação
tm26897,Suspense
tm26897,Ação
tm133374,Drama
tm133374,Esporte
tm195620,Drama
tm195620,Guerra
tm195620,Terror
tm195620,Suspense
tm136808,Suspense
tm70807,Ficção Científica
tm70807,Suspense
tm70807,Ação
tm70807,Drama
ts19036,Comédia
ts19036,Ficção Científica
ts19036,Animação
ts19036,Família
ts19036,Fantasia
tm93055,Comédia
tm93055,Drama
tm93055,Europeu
tm85811,Comédia
tm85811,Romance
tm85811,Drama
ts22456,Família
ts22456,Comédia
tm101914,Drama
tm131038,Ação
tm131038,Crime
tm131038,Drama
tm131038,História
tm131038,Europeu
tm58382,Comédia
tm35463,Crime
tm35463,Drama
tm30603,Fantasia
tm30603,Ação
tm30603,Crime
tm30603,Drama
ts22018,Comédia
ts22018,Família
ts22018,Romance
tm20959,Drama
tm20959,Europeu
tm136308,Crime
tm136308,Drama
tm136308,Suspense
tm136308,Europeu
tm29737,Ação
tm29737,Suspense
tm29737,Guerra
tm29737,Europeu
tm148270,Drama
tm148270,Comédia
tm148270,Romance
tm89036,Comédia
tm46436,Terror
tm46436,Suspense
tm46436,Fantasia
ts21197,Ação
ts21197,Drama
ts21197,Ficção Científica
ts21197,Fantasia
ts21197,Europeu
ts21544,Ação
ts21544,Animação
ts21544,Comédia
ts21544,Drama
ts21544,Família
ts21544,Ficção Científica
tm150260,Animação
tm150260,Comédia
tm150260,Família
tm150260,Fantasia
tm150260,Ficção Científica
tm150260,Romance
tm150260,Drama
ts31263,Reality Show
ts30313,Drama
ts30313,Comédia
tm79895,Terror
ts12787,Ficção Científica
ts12787,Ação
ts12787,Animação
ts12787,Drama
ts12787,Guerra
ts12787,Suspense
tm116324,Comédia
tm116324,Documentário
tm116324,Ação
tm39828,Comédia
tm39828,Esporte
tm39828,Europeu
tm23935,Drama
tm23935,Suspense
tm23935,Fantasia
tm23935,Romance
tm23935,Documentário
tm78067,Crime
tm78067,Drama
tm78067,Terror
tm78067,Suspense
tm95252,Ficção Científica
tm95252,Ação
tm95252,Suspense
tm95252,Drama
tm95252,Europeu
tm32919,Drama
tm32919,Suspense
tm32919,Ação
tm169949,Romance
tm169949,Drama
tm169949,Comédia
tm169949,Fantasia
tm30205,Drama
tm30205,Fantasia
tm30205,Comédia
tm30205,História
tm30205,Ação
tm40009,Crime
tm40009,Drama
tm40009,História
tm40009,Suspense
tm141390,Terror
tm141390,Suspense
ts35155,Ação
ts35155,Ficção Científica
ts35155,Animação
ts35155,Comédia
ts35155,Drama
tm94606,Drama
tm94606,Terror
tm94606,Suspense
tm94606,Fantasia
tm94606,Europeu
ts15986,Ficção Científica
ts15986,Reality Show
ts15986,Suspense
ts15986,Comédia
ts15986,Drama
ts15986,Terror
ts15986,Europeu
tm102337,Terror
tm102337,Suspense
tm102337,Crime
tm102337,Drama
ts22318,Animação
ts22318,Ação
ts22318,Comédia
ts22318,Família
ts22318,Fantasia
ts22318,Suspense
ts22318,Europeu
tm159901,Ação
tm159901,Comédia
tm159901,Crime
tm74780,Drama
tm74780,Comédia
tm74780,Europeu
ts30356,Ação
ts30356,Animação
ts30356,Comédia
ts30356,Família
ts32186,Família
ts32186,Animação
ts32186,Ação
ts32186,Comédia
ts32186,Drama
ts32186,Suspense
ts32186,Fantasia
ts32186,Ficção Científica
tm24088,Comédia
tm24088,Terror
tm111600,Comédia
tm111600,Romance
tm88045,Comédia
tm88045,Drama
tm88045,Romance
tm78919,Família
tm78919,Comédia
tm78919,Europeu
tm173066,Suspense
tm173066,Crime
tm173066,Europeu
tm118637,Drama
tm118637,Suspense
tm118637,Crime
tm142564,Drama
tm142564,Comédia
tm57190,Suspense
tm57190,Ação
tm57190,Ficção Científica
ts21706,Ficção Científica
ts21706,Drama
ts21706,Família
ts21706,Fantasia
tm137362,Terror
tm137362,Crime
ts24028,Comédia
ts24028,Europeu
tm148379,Família
tm148379,Fantasia
tm148379,Comédia
tm148379,Ação
tm137342,Guerra
tm137342,Ação
tm137342,Drama
tm137342,Suspense
tm90864,Comédia
tm90864,Drama
ts21740,Ficção Científica
ts21740,Animação
ts21740,Drama
ts21740,Suspense
ts21740,Comédia
ts21740,Fantasia
ts21740,Ação
ts21740,Terror
ts21740,Crime
tm32144,Drama
tm32144,Esporte
tm141707,Suspense
tm141707,Esporte
tm141707,Ação
tm141707,Crime
tm141707,Drama
tm150214,Terror
tm150214,Ação
tm81030,Ação
tm81030,Fantasia
tm81030,Família
ts687,Drama
ts687,Ficção Científica
ts687,Suspense
tm147211,Comédia
tm147211,Guerra
ts31514,Animação
ts31514,Família
ts33559,Animação
ts33559,Comédia
ts33559,Família
ts33559,Europeu
tm78671,Suspense
tm78671,Crime
ts26322,Animação
ts26322,Comédia
ts26322,Drama
ts26322,Romance
ts12815,Família
ts12815,Comédia
tm27268,Animação
tm27268,Comédia
tm27268,Família
tm27268,Fantasia
tm86189,Comédia
tm86189,Romance
tm700,Ação
tm700,Drama
tm700,Fantasia
tm700,História
tm700,Suspense
tm101249,Crime
tm101249,Ação
tm101249,Comédia
tm101249,Suspense
tm161263,Terror
tm161263,Suspense
tm161263,Ação
tm161263,Ficção Científica
tm161263,Europeu
tm81270,Comédia
tm81270,Crime
tm89684,Comédia
tm89684,Crime
tm89684,Família
tm89684,Romance
tm165593,Romance
tm165593,Comédia
tm165593,Drama
tm112381,Comédia
tm112381,Documentário
tm39487,Drama
tm39487,Romance
tm39487,Comédia
ts23752,Drama
ts23752,Comédia
tm43399,Romance
tm43399,Drama
tm43399,Ação
tm43399,Esporte
ts21421,Animação
ts21421,Família
ts21421,Comédia
ts21421,Europeu
ts22005,Guerra
ts22005,Reality Show
ts22005,Animação
ts22005,Ação
ts22005,Comédia
ts22005,Drama
ts22005,Família
ts20398,Comédia
tm186461,Documentário
tm186461,Música
tm29555,Comédia
tm29555,Drama
tm29555,Romance
tm103095,Drama
tm103095,Ação
tm103095,História
tm103095,Esporte
tm97070,Comédia
tm97070,Romance
tm97070,Drama
tm101334,Comédia
tm101334,Drama
tm183963,Família
tm183963,Drama
tm183963,Esporte
tm183963,Fantasia
tm76428,Documentário
tm76428,Comédia
tm77649,Suspense
tm77649,Drama
tm77649,Fantasia
tm86924,Romance
tm86924,Comédia
ts98340,Faroeste
tm26638,Suspense
tm26638,Terror
tm26638,Documentário
tm78189,Suspense
tm78189,Europeu
ts20544,Comédia
ts20544,Drama
ts20544,Animação
ts20544,Romance
ts23835,Família
ts23835,Ação
ts23835,Animação
ts23835,Comédia
tm104880,Comédia
ts30288,Ficção Científica
ts30288,Animação
ts30288,Ação
ts30288,Drama
ts30288,Guerra
ts38159,Ação
ts38159,Ficção Científica
ts38159,Família
ts38159,Fantasia
ts38159,Animação
ts38159,Europeu
tm22294,Família
tm22294,Comédia
tm100015,Ação
tm100015,Crime
tm100015,Drama
tm100015,Suspense
ts25765,Animação
ts25765,Drama
ts25765,Ação
ts25765,Ficção Científica
ts25765,Suspense
ts25765,Fantasia
ts25765,Terror
ts25765,Romance
ts21688,Comédia
ts21688,Drama
ts21688,Romance
tm83786,Drama
tm83786,Família
tm130574,Comédia
tm130574,Drama
tm130574,Romance
tm114476,Animação
tm114476,Comédia
tm114476,Família
tm114476,Ação
tm114476,Fantasia
ts20535,Animação
ts20535,Comédia
ts20535,Família
ts20535,Europeu
ts1893,Animação
ts1893,Comédia
ts1893,Família
ts1893,Fantasia
ts1893,Europeu
tm118462,Suspense
tm118462,Ação
tm118462,Crime
tm118462,Europeu
ts12701,Ação
ts12701,Animação
ts12701,Comédia
ts12701,Suspense
ts12701,Ficção Científica
ts12701,Família
ts12701,Romance
ts12701,Fantasia
ts121176,Comédia
ts121176,Família
ts121176,Fantasia
ts121176,Terror
ts121176,Música
ts121176,Animação
ts121176,Ficção Científica
tm86995,Comédia
tm86995,Família
ts20526,Drama
ts20526,Comédia
ts20526,Romance
ts20526,Esporte
ts23808,Comédia
ts23808,Documentário
tm97544,Animação
tm97544,Família
tm97544,Comédia
tm97544,Ação
tm97544,Romance
ts31593,Ficção Científica
ts31593,Família
ts31593,Animação
ts31593,Ação
ts27459,Ação
ts27459,Drama
ts3666,Ficção Científica
ts3666,Animação
ts3666,Comédia
ts3666,Drama
tm53999,Comédia
tm164557,Crime
tm164557,Suspense
tm164557,Drama
tm164557,Ação
tm164557,Animação
tm164557,Romance
tm164557,Comédia
tm80059,Animação
tm80059,Ação
tm80059,Fantasia
tm80059,Família
tm135451,Drama
tm71558,Fantasia
tm71558,Animação
tm71558,Família
tm134235,Fantasia
tm134235,Ação
tm134235,Animação
tm160800,Crime
tm160800,Drama
tm160800,Ação
tm160800,Suspense
tm160800,Europeu
tm22342,Suspense
tm22342,Ação
tm22342,Drama
tm22342,Crime
ts42914,Comédia
ts42914,Romance
ts42914,Ação
ts42914,Animação
ts42914,Família
ts42914,Fantasia
ts42914,Europeu
tm22636,Comédia
tm22636,Crime
ts21967,Animação
ts21967,Comédia
ts21967,Drama
ts21967,Família
ts21967,Ficção Científica
ts21967,Ação
tm85549,Documentário
tm85549,Crime
tm85549,Drama
tm85549,Romance
tm85549,Ação
tm100688,Drama
tm100688,Europeu
tm100688,História
tm22493,Comédia
tm22493,Documentário
ts14102,Animação
tm103732,Drama
tm73058,Suspense
tm73058,Drama
tm73058,Ação
tm73058,Comédia
tm73058,Fantasia
tm73058,Romance
tm138497,Comédia
tm138497,Crime
ts20358,Comédia
tm36475,Drama
tm36475,Romance
tm144345,Drama
tm144345,Romance
tm144345,Comédia
tm76835,Romance
tm76835,Comédia
tm76835,Drama
tm38896,Terror
tm38896,Suspense
tm38896,Documentário
tm38896,Guerra
tm38896,Europeu
tm86051,Crime
tm86051,História
tm86051,Ação
tm86051,Drama
ts74931,Ação
ts74931,Animação
ts74931,Comédia
ts74931,Família
tm29269,Romance
tm29269,História
tm29269,Guerra
tm29269,Ação
tm29269,Drama
ts17028,Ação
ts17028,Animação
ts17028,Ficção Científica
ts17028,Comédia
ts17028,Família
ts17028,Faroeste
tm91046,Drama
tm75022,Comédia
tm75022,Documentário
tm41508,Comédia
tm41508,Ação
tm41508,Crime
tm41508,Drama
ts67595,Drama
ts67595,Comédia
tm49405,Ação
tm49405,Animação
tm49405,Fantasia
tm82765,Drama
tm82765,Europeu
tm33981,Comédia
tm33981,Crime
tm33981,Ação
tm33981,Ficção Científica
tm33981,Drama
tm33981,Suspense
ts52849,Animação
ts52849,Comédia
ts52849,Família
ts52849,Música
ts52849,Fantasia
ts52849,Europeu
tm95238,Fantasia
tm95238,Terror
tm95238,Família
tm95238,Comédia
tm32885,Drama
tm32885,História
tm32885,Comédia
tm32885,Crime
ts72322,Drama
ts72322,Ação
ts63295,Drama
ts23319,Animação
ts23319,Comédia
ts23319,Família
ts23319,Fantasia
ts23319,Europeu
ts21695,Ação
ts21695,Drama
ts21695,Comédia
ts21695,Reality Show
ts21695,Romance
ts21695,Suspense
tm72587,Romance
tm72587,Documentário
tm72587,Drama
tm72587,Europeu
tm99776,Comédia
tm99776,Documentário
tm83175,Drama
tm83175,Ação
tm83175,Comédia
tm83175,Romance
tm83175,Crime
tm139349,Comédia
tm139349,Documentário
tm59880,Comédia
ts56589,Animação
ts56589,Comédia
ts56589,Família
tm61056,Romance
tm61056,Comédia
tm61056,Drama
tm129763,Comédia
tm129763,Drama
ts21664,Comédia
tm44378,Drama
tm44378,Música
tm25842,Documentário
tm34846,Fantasia
tm34846,Ação
tm34846,Drama
tm34846,Animação
tm71119,Comédia
tm71119,Ação
tm170873,Drama
tm170873,Comédia
tm22540,Comédia
tm22540,Crime
tm96037,Animação
tm96037,Ação
tm96037,Fantasia
tm110923,Romance
tm110923,Comédia
tm110923,Drama
tm110923,Guerra
tm168869,Comédia
ts37200,Animação
ts37200,Família
ts37200,Europeu
tm147686,Comédia
tm147686,Documentário
tm93612,Fantasia
tm93612,Animação
tm93612,Ação
tm36164,Fantasia
tm36164,Animação
tm36164,Ação
tm30170,Suspense
tm30170,Crime
tm30170,Ação
tm30170,Europeu
tm29731,Comédia
tm29731,Drama
tm29731,Romance
tm147494,Ação
tm147494,Comédia
tm147494,Drama
tm147494,Fantasia
tm147494,Animação
tm44530,Drama
tm44530,Romance
tm89936,Fantasia
tm89936,Ação
tm89936,Comédia
tm89936,Suspense
ts98353,Animação
ts44663,Animação
ts44663,Comédia
ts44663,Europeu
tm81461,Comédia
tm81461,Drama
tm155761,Comédia
tm155761,Ação
tm155761,Romance
tm48083,Drama
tm48083,Comédia
tm48083,Europeu
tm84348,Ação
tm84348,Crime
tm84348,Drama
tm175687,Guerra
tm175687,Documentário
tm33067,Drama
tm33067,Ação
tm33067,Suspense
tm33067,Crime
tm33067,Comédia
tm70222,Ação
tm70222,Drama
tm70222,Suspense
tm70222,Crime
tm105278,Fantasia
tm105278,Ação
tm105278,Animação
tm105278,Romance
tm105278,Comédia
tm352243,Documentário
tm352243,Crime
ts98316,Documentário
tm82718,Ação
tm82718,Comédia
tm82718,Ficção Científica
tm98975,Romance
tm98975,Drama
ts98252,Animação
ts98252,Comédia
ts98252,Família
tm101609,Drama
tm101609,Suspense
tm101609,Crime
tm418157,Documentário
tm39557,Drama
tm39557,Comédia
tm39557,Romance
tm150521,Ação
tm150521,Drama
tm150521,Suspense
tm30289,Comédia
tm30289,Documentário
tm141117,Drama
tm141117,Romance
tm80339,Comédia
tm80339,Fantasia
tm80339,Animação
tm80339,Ação
tm33729,Drama
tm33729,Suspense
tm33729,Comédia
tm93004,Crime
tm93004,Ação
tm93004,Drama
tm93004,Suspense
ts13411,Documentário
ts13411,Europeu
ts1464,Ação
ts1464,Drama
ts1464,Crime
ts1464,Suspense
ts1464,Comédia
tm145243,Comédia
tm145243,Drama
tm145243,Romance
tm34524,Ação
tm34524,Comédia
tm34524,Animação
tm34524,Drama
tm34524,Fantasia
tm111226,Comédia
tm111226,Ação
tm111226,Crime
tm111226,Drama
tm111226,Suspense
tm23441,Drama
tm23441,Romance
tm166293,Drama
tm166293,Família
tm166293,Fantasia
tm166293,Comédia
tm24576,Ação
tm24576,Animação
tm92977,Suspense
tm92977,Comédia
tm92977,Drama
tm92977,Romance
tm77348,Drama
tm77348,Romance
tm77348,Comédia
ts34414,Comédia
ts29199,Comédia
ts29199,Animação
tm91323,Comédia
tm91323,Drama
tm91323,Romance
tm88366,Drama
tm88366,Ação
tm88366,Comédia
tm88366,Romance
tm88366,Suspense
tm156575,Drama
tm156575,Comédia
tm164389,Romance
tm164389,Drama
tm164389,Fantasia
tm164389,Comédia
tm37945,Drama
tm37945,Música
tm106625,Drama
tm106625,Comédia
tm106625,Crime
tm106625,Romance
tm65142,Comédia
tm65142,Drama
tm65142,Animação
tm65142,Ação
tm99450,Comédia
tm99450,Drama
tm99450,Romance
tm149209,Crime
tm149209,Drama
tm149209,Ação
tm149209,Suspense
tm23977,Música
tm23977,Drama
tm23977,Suspense
tm160596,Drama
tm160596,Europeu
tm160596,Família
tm160596,Guerra
tm129971,Romance
tm129971,Drama
tm129971,Comédia
tm56428,Comédia
ts18653,Animação
ts18653,Ação
ts18653,Comédia
tm177687,Fantasia
tm177687,Ação
tm177687,Comédia
tm177687,Drama
tm177687,Animação
tm77863,Comédia
tm77863,Drama
tm77863,Romance
tm80455,Drama
tm80455,Suspense
tm80455,Crime
tm184732,Drama
tm89764,Fantasia
tm89764,Animação
tm89764,Ação
tm89764,Comédia
ts4866,Comédia
ts4866,Família
ts4866,Drama
ts4866,Romance
tm134407,Comédia
tm134407,Drama
tm134407,Romance
tm103133,Suspense
tm103133,Romance
tm103133,Drama
tm54147,Drama
tm54147,Romance
tm54147,Comédia
ts137477,Drama
ts19384,Documentário
tm101684,Comédia
tm101684,Romance
tm152724,Suspense
tm152724,Ação
tm152724,Drama
tm152724,Crime
tm152724,Romance
tm152724,Esporte
ts204466,Romance
ts204466,Comédia
ts204466,Drama
tm96168,Suspense
tm96168,Crime
tm96168,Drama
tm96168,Romance
tm96168,Ação
tm146887,Drama
tm146887,Comédia
tm138902,Animação
tm138902,Fantasia
tm138902,Ação
tm138902,Suspense
tm165809,Drama
tm165809,Comédia
tm165809,Romance
tm165809,Suspense
tm165809,Crime
tm31335,Comédia
tm31335,Crime
tm43179,Comédia
tm43179,Ação
tm43179,Crime
tm43179,Drama
tm170169,Ação
tm170169,Suspense
tm170169,Terror
tm170169,Ficção Científica
tm84316,Ação
tm84316,Crime
tm84316,Drama
tm84316,História
tm112235,Drama
tm112235,Guerra
tm112235,Ação
tm368679,Documentário
ts74928,Documentário
ts74928,História
ts74928,Guerra
ts74928,Europeu
tm148041,Comédia
tm148041,Drama
tm148041,Romance
tm176297,Comédia
tm68191,Guerra
tm68191,Comédia
tm68191,Drama
tm68191,Europeu
tm352863,Terror
tm25029,Romance
tm25029,Drama
ts40702,Drama
ts40702,Família
tm237621,Terror
tm237621,Suspense
tm237621,Drama
tm22989,Comédia
tm22989,Documentário
tm35652,Drama
tm80487,Animação
tm44634,Comédia
tm44634,Documentário
tm22558,Comédia
tm22558,Drama
tm22558,Família
tm52352,Música
tm52352,Documentário
tm104349,Suspense
tm104349,Crime
tm104349,Drama
tm104349,Ação
tm85243,Comédia
tm36636,Comédia
tm36636,Drama
tm36636,Suspense
tm226362,Guerra
tm145690,Comédia
tm31564,Suspense
tm31564,Crime
tm31564,Drama
tm41953,Comédia
tm98475,Drama
tm98475,Família
tm98475,Comédia
tm95434,Romance
tm95434,Comédia
tm95434,Drama
ts44053,Guerra
tm96595,Guerra
tm96595,Ação
tm96595,Drama
tm96595,Romance
tm87909,Animação
tm87909,Família
ts4924,Drama
ts4924,Comédia
ts4924,Romance
ts178360,Terror
ts178360,Suspense
ts178360,Guerra
ts178360,Ação
ts178360,Crime
ts56595,Animação
tm154802,Terror
tm154802,Suspense
tm154802,Drama
tm51493,Comédia
tm51493,Drama
tm97982,Drama
tm97982,Crime
tm97982,Comédia
tm52176,Comédia
tm52176,Drama
tm102848,Drama
tm102848,Comédia
tm114504,Crime
tm114504,Drama
tm114504,História
tm114504,Ação
ts160526,Reality Show
tm340006,Drama
tm340006,Ação
tm154375,Drama
tm154375,Romance
tm154375,Comédia
tm134140,Drama
tm134140,Comédia
tm134140,Romance
tm27484,Romance
tm27484,Drama
tm27484,Comédia
tm81864,Ação
tm81864,Comédia
tm81864,Crime
tm81864,Drama
tm241875,Documentário
tm241875,Música
tm241875,Drama
tm29028,Drama
tm29028,Romance
tm29028,Europeu
tm164591,Crime
tm164591,Drama
tm164591,Ação
tm130301,Drama
tm130301,Crime
tm130301,Ação
tm712151,Comédia
ts12444,Drama
tm91176,Drama
ts95855,Drama
tm143510,Comédia
tm143510,Drama
tm143510,História
tm308960,Comédia
tm308960,Documentário
tm144835,Documentário
tm135795,Drama
tm34924,Suspense
tm34924,Ação
tm49865,Suspense
tm49865,Crime
tm49865,Drama
tm49865,Ação
ts39604,Drama
tm598375,Fantasia
tm598375,Animação
tm598375,Ação
tm96052,Drama
tm62369,Suspense
tm62369,Ação
tm62369,Crime
tm32915,Comédia
tm32915,Crime
tm32915,Drama
ts1413,Drama
ts1413,Família
ts1413,Romance
tm254052,Suspense
tm254052,Terror
tm254052,Romance
tm254052,Drama
tm91125,Romance
tm91125,Suspense
tm91125,Ação
tm91125,Crime
tm91125,Drama
ts8614,Drama
ts8614,Ação
tm100106,Comédia
tm100106,Romance
ts188031,Drama
ts188031,Romance
ts188031,Comédia
tm85689,Suspense
tm85689,Terror
tm85689,Romance
tm85689,Drama
ts25707,Drama
tm38454,Comédia
tm38454,Documentário
tm57586,Ação
tm57586,Drama
tm57586,Suspense
ts23797,Ação
ts23797,Comédia
ts23797,Esporte
ts23797,Crime
tm76029,Guerra
tm76029,Romance
tm76029,Drama
tm76029,História
tm76029,Europeu
tm42831,Comédia
tm42831,Ação
tm42831,Drama
tm42831,Fantasia
ts70843,Drama
ts70843,Comédia
ts70843,Romance
tm216753,Documentário
tm216753,Crime
tm168751,Drama
tm101540,Comédia
tm142153,Drama
tm142153,Suspense
tm142153,Ação
tm142153,Crime
tm92671,Comédia
tm92671,Crime
tm92671,Ação
tm88343,Comédia
tm88343,Suspense
tm88343,Drama
tm88343,Romance
ts23353,Drama
ts23353,Comédia
tm628693,Drama
tm155774,Drama
tm46867,Drama
tm46867,Família
tm46867,Comédia
tm95507,Drama
tm95507,Música
tm95507,Romance
tm95507,Comédia
tm75544,Drama
tm75544,Esporte
tm75544,Suspense
tm144263,Comédia
tm144263,Crime
tm144263,Drama
tm21155,Drama
tm21155,Europeu
tm85369,Drama
tm85369,Comédia
tm85369,Romance
tm85369,Esporte
ts126804,Drama
tm140653,Comédia
tm140653,Romance
tm140653,Drama
tm311516,Romance
tm311516,Drama
tm311516,Comédia
ts29581,Suspense
ts29581,Ação
ts29581,Drama
tm152413,Drama
ts82583,Drama
tm130999,Comédia
tm130999,Drama
tm28024,Comédia
tm28024,Drama
tm28024,Romance
tm1077037,Animação
tm85563,Drama
tm85563,Europeu
ts124246,Animação
ts124246,Ação
tm254745,Documentário
tm254745,História
tm76399,Drama
tm76399,Romance
tm481594,Animação
ts82592,Suspense
ts82592,Drama
tm639940,Drama
tm639940,Família
tm639940,Romance
tm252951,Drama
tm87672,Drama
tm87672,Família
ts20660,Drama
ts20660,Comédia
tm68272,Comédia
tm61801,Suspense
tm61801,Drama
tm61801,História
tm61801,Guerra
tm44730,Ação
tm44730,Fantasia
tm44730,Ficção Científica
ts21095,Animação
ts21095,Ficção Científica
ts21095,Ação
ts21095,Família
ts21095,Suspense
ts21095,Terror
ts21095,Fantasia
ts21095,Crime
ts21095,Comédia
ts21095,Drama
tm39888,Suspense
tm39888,Ação
tm39888,Drama
tm39888,Crime
tm166978,Suspense
tm166978,Ação
ts20564,Comédia
ts20564,Romance
ts8175,Família
ts8175,Drama
ts8175,História
ts8175,Europeu
ts278,Drama
ts278,Ficção Científica
ts278,Suspense
ts278,Europeu
tm170442,Suspense
tm170442,Drama
tm41792,Faroeste
tm41792,Drama
ts21580,Drama
ts21580,Faroeste
ts21580,Crime
ts21580,Ação
ts32835,Ação
ts32835,Animação
ts32835,Comédia
ts32835,Fantasia
ts21599,Reality Show
tm32982,Drama
tm32982,História
tm32982,Romance
tm32982,Guerra
tm60292,Suspense
tm60292,Drama
ts27680,Drama
ts27680,Comédia
ts27680,Romance
ts27680,Europeu
ts20433,Ficção Científica
ts20433,Animação
ts20433,Ação
ts20433,Comédia
ts20433,Drama
ts20433,Fantasia
ts20433,Terror
ts20433,Suspense
tm171885,Animação
tm171885,Família
tm171885,Comédia
tm171885,Fantasia
tm171885,Drama
tm171885,Ação
tm158304,Drama
tm158304,Suspense
tm158304,Ficção Científica
tm158304,Ação
ts17598,Ação
ts17598,Crime
ts17598,Drama
ts17598,Suspense
ts17598,Ficção Científica
ts20458,Animação
ts20458,Comédia
ts20458,Família
ts20458,Ficção Científica
ts20458,Ação
ts20458,Fantasia
ts20458,Europeu
ts20429,Ficção Científica
ts20429,Ação
ts20429,Animação
ts20429,Drama
ts20429,Faroeste
ts20429,Fantasia
ts20429,Suspense
ts20429,Romance
ts20429,Comédia
ts20457,Animação
ts20457,Drama
ts20457,Família
ts20457,Ficção Científica
ts20457,Ação
ts20457,Fantasia
ts20457,Comédia
tm178201,Ação
tm178201,Crime
tm178201,Suspense
tm36237,Ação
tm36237,Drama
tm36237,Crime
tm36237,Suspense
tm40319,Drama
tm40319,Suspense
tm40319,Crime
tm40319,Ação
ts6506,Drama
ts6506,Crime
ts6506,História
ts6506,Romance
ts9794,Comédia
ts9794,Animação
ts9794,Família
ts33338,Drama
ts33338,Crime
ts33338,Suspense
ts33338,Europeu
tm39896,Comédia
tm39896,Fantasia
tm39896,Terror
tm74848,Ficção Científica
tm74848,Suspense
tm74848,Ação
tm74848,Crime
ts27468,Ficção Científica
ts27468,Ação
ts27468,Animação
ts27468,Comédia
ts27468,Família
ts20500,Comédia
ts20500,Crime
ts20500,Drama
tm168921,Animação
tm168921,Família
tm168921,Ação
tm168921,Comédia
tm168921,Fantasia
tm160132,Drama
tm160132,Família
tm160132,Esporte
tm49592,Drama
tm49592,Comédia
tm49592,Romance
tm167232,Suspense
tm167232,Ação
tm167232,Europeu
tm38980,Fantasia
tm38980,Ação
tm38980,Família
tm38980,Animação
tm38980,Suspense
tm38980,Ficção Científica
tm38980,Comédia
tm38980,Drama
tm38980,Europeu
ts20556,Reality Show
ts20556,Romance
ts20556,Documentário
ts20556,Comédia
tm69926,Ação
tm69926,Comédia
tm69926,Esporte
tm60844,Ação
tm60844,Fantasia
tm60844,Animação
tm60844,Terror
tm60844,Guerra
tm60844,Drama
ts9246,Ficção Científica
ts9246,Ação
ts9246,Fantasia
ts9246,Terror
ts9246,Família
ts9246,Animação
ts9246,Drama
ts27835,Documentário
ts20648,Ação
ts20648,Ficção Científica
ts18551,Comédia
ts18551,Drama
ts18551,Europeu
tm62210,Ação
tm62210,Drama
tm62210,História
tm62210,Guerra
tm106278,Romance
tm106278,Comédia
tm106278,Drama
tm182586,Drama
ts36647,Comédia
ts36647,Drama
ts36647,Europeu
ts81858,Comédia
ts81858,Família
ts81858,Animação
ts81858,Drama
ts81858,Terror
ts81858,Suspense
ts34740,Ficção Científica
ts34740,Ação
ts34740,Comédia
ts34740,Fantasia
ts34740,Terror
tm176507,Comédia
tm176507,Documentário
tm176507,Ação
ts21081,Crime
ts21081,Drama
ts21081,Suspense
ts21081,História
ts27586,Ficção Científica
ts27586,Ação
ts27586,Animação
ts27586,Comédia
ts27586,Fantasia
ts19779,Família
ts19779,Animação
ts19779,Comédia
ts22249,Comédia
ts22249,Animação
ts22249,Esporte
tm178395,Terror
tm173195,Drama
tm173195,Suspense
tm173195,Terror
tm69386,Drama
tm69386,Comédia
tm69386,Romance
tm69386,Música
tm174683,Drama
tm174683,Animação
tm174683,Família
tm174683,Comédia
tm174683,Fantasia
tm72845,Comédia
tm72845,Documentário
ts34921,Ficção Científica
ts34921,Animação
ts34921,Ação
tm170758,Animação
tm170758,Comédia
tm170758,Família
tm170758,Fantasia
tm174256,Fantasia
tm174256,Suspense
tm174256,Terror
tm174256,Drama
tm174256,Romance
tm56296,Música
tm56296,Comédia
tm56296,Ficção Científica
tm160371,Comédia
tm160371,Fantasia
tm160371,Romance
tm183547,Ficção Científica
tm183547,Comédia
tm183547,Família
tm183547,Animação
ts34737,Drama
ts34737,Crime
ts34737,Ação
ts34737,Suspense
tm59590,Ação
tm59590,Animação
tm59590,Fantasia
ts34151,Ficção Científica
ts34151,Ação
ts34151,Animação
ts34151,Comédia
ts34151,Crime
tm161904,Drama
tm161904,Documentário
tm44165,Drama
tm44165,Família
tm44165,Fantasia
tm53034,Comédia
ts32460,Drama
ts26776,Ação
ts26776,Comédia
ts26776,Ficção Científica
ts26776,Família
ts26776,Fantasia
ts26776,Animação
tm164353,Drama
tm164353,Ação
tm164353,Crime
ts39093,Comédia
ts39093,Drama
ts33349,Animação
ts33349,Comédia
ts33349,Família
ts33349,Fantasia
tm38064,Ação
tm38064,Drama
tm38064,Fantasia
tm38064,Animação
tm38064,Terror
tm182125,Romance
tm182125,Drama
tm182125,Comédia
ts55532,Animação
ts55532,Europeu
tm57436,Documentário
tm72251,Comédia
tm53625,Documentário
ts191698,Família
ts191698,Música
ts191698,Animação
ts45996,Reality Show
ts45996,Documentário
tm160361,Família
tm160361,Romance
tm160361,Comédia
tm160361,Drama
tm34331,Drama
tm183039,Comédia
tm183039,Documentário
ts35426,Animação
ts35426,Europeu
ts58528,Reality Show
tm177258,Comédia
tm177258,Ação
tm177258,Crime
tm177258,Suspense
tm174190,Documentário
tm174190,Esporte
tm68436,Drama
tm68436,Romance
tm68436,Comédia
tm65765,Suspense
tm65765,Ação
tm65765,Crime
tm65765,Drama
tm179451,Suspense
tm179451,Comédia
tm179451,Drama
tm177044,Ação
tm177044,Comédia
tm177044,Terror
tm177044,Suspense
tm177044,Animação
tm177044,Fantasia
tm49451,Comédia
tm1096916,Documentário
tm176128,Romance
tm176128,Comédia
tm67444,Comédia
tm183176,Drama
tm183176,Família
tm183176,Esporte
tm40860,Comédia
tm40860,Música
tm40860,Família
tm35700,Drama
tm35700,Crime
tm35700,Esporte
tm35700,Suspense
tm35700,Ação
tm170395,Drama
tm170395,Guerra
tm170395,Ação
tm170395,Suspense
tm169053,Drama
tm169053,Crime
tm53395,Comédia
tm53395,Família
tm183037,Ação
tm183037,Suspense
tm183037,Crime
tm183037,Europeu
tm177958,Romance
tm177958,Drama
tm177958,Comédia
tm177958,Europeu
ts6879,Drama
tm178106,Comédia
tm178106,Drama
tm178106,Família
tm57610,Crime
tm57610,Suspense
tm57610,Drama
tm57610,Fantasia
tm169354,Drama
tm176111,Suspense
tm176111,Drama
tm176111,Romance
tm176111,Comédia
tm59372,Ação
tm59372,Animação
tm59372,Drama
tm161804,Drama
tm159593,Drama
tm159593,Suspense
tm159593,Crime
ts39112,Ação
ts39112,Animação
ts39112,Comédia
ts39112,Família
tm44615,Família
tm44615,Comédia
tm44615,Drama
tm44615,Esporte
tm54780,Ficção Científica
tm54780,Animação
tm54780,Ação
ts167724,Comédia
ts99814,Comédia
ts99814,Animação
tm175909,Drama
tm175909,Comédia
ts158608,Reality Show
tm57382,Comédia
tm59289,Ação
tm59289,Comédia
tm59289,Crime
tm47171,Drama
tm47171,Fantasia
tm47171,Comédia
tm165712,Comédia
tm165712,Música
tm48239,Drama
tm48239,Romance
tm48239,Comédia
tm160021,Drama
tm160021,Romance
tm54371,Drama
tm54371,Ação
tm172883,Suspense
tm172883,Ação
tm172883,Crime
tm172883,Drama
tm172883,Europeu
tm174518,Drama
tm174518,Ação
tm174518,Romance
tm174518,Comédia
tm70528,Comédia
tm70528,Drama
tm74031,Drama
tm74031,Comédia
tm181856,Comédia
tm181856,Documentário
tm38013,Suspense
tm38013,Ação
tm38013,Crime
tm42306,Romance
tm42306,Comédia
ts32561,Comédia
ts32561,Drama
ts32561,Romance
tm39606,Drama
tm39606,Comédia
tm39606,Romance
tm167241,Drama
tm167241,Terror
tm167241,Suspense
ts37864,Drama
ts37864,História
ts37864,Romance
tm71992,Suspense
tm71992,Ação
tm31948,Drama
tm31948,Suspense
tm31948,Crime
tm166810,Drama
tm166810,Suspense
tm37573,Romance
tm37573,Comédia
tm69915,Drama
tm164090,Comédia
tm164090,Documentário
tm37175,Comédia
tm66725,Comédia
tm166740,Animação
tm166740,Ação
tm166740,Fantasia
tm200838,Animação
ts44064,Comédia
ts44064,Drama
ts44064,Romance
tm169128,Ficção Científica
tm169128,Animação
tm169128,Família
tm169128,Fantasia
tm172353,Suspense
tm172353,Ação
tm172353,Comédia
tm172353,Crime
tm34746,Comédia
tm29400,Drama
tm53360,Suspense
tm53360,Drama
tm53360,Crime
tm53360,Ação
tm180532,Drama
tm180532,Suspense
tm180532,Ação
tm180532,Crime
tm34142,Ação
tm34142,Suspense
tm34142,Crime
ts27875,Animação
ts27875,Família
tm162592,Drama
ts41114,Drama
tm70652,Ação
tm70652,Suspense
tm339197,Animação
tm172211,Drama
tm1077038,Animação
tm57256,Comédia
tm529723,Animação
ts128422,Drama
tm53829,Crime
tm53829,Ação
tm53829,Comédia
tm51412,Comédia
tm38331,Romance
tm38331,Drama
tm481620,Animação
tm30278,Ação
tm30278,Suspense
tm165932,Drama
tm165932,Suspense
tm165932,Ação
tm63368,Documentário
tm63368,História
tm161632,Comédia
tm182026,Fantasia
tm182026,Drama
tm182026,Família
tm182026,Ação
tm235979,Comédia
tm235979,Crime
tm235979,Drama
tm946846,Drama
tm181366,Drama
tm60213,Drama
tm481509,Animação
tm159623,Romance
tm159623,Drama
tm159623,Suspense
ts60663,Família
ts60663,Drama
tm34646,Comédia
tm34646,Drama
ts39465,Drama
ts39465,Comédia
ts39465,Romance
ts69208,Drama
tm224577,Comédia
tm224577,Romance
tm172504,Drama
tm172504,Romance
tm172504,Guerra
tm172504,Europeu
ts20110,Crime
ts20110,Drama
ts20110,Europeu
ts20837,Ficção Científica
ts20837,Romance
ts20837,Drama
ts20837,Fantasia
ts20682,Ação
ts20682,Ficção Científica
ts20682,Animação
ts20682,Terror
ts20682,Drama
ts20682,Fantasia
ts20824,Ficção Científica
ts20824,Drama
ts20824,Fantasia
ts20824,Terror
ts1639,Suspense
ts1639,Drama
ts1639,Crime
ts20351,Reality Show
ts20351,Romance
ts20351,Europeu
ts11188,Drama
ts11188,Ficção Científica
ts11188,Família
ts11188,Animação
ts11188,Ação
tm140389,Comédia
tm140389,Família
tm140389,Fantasia
tm140389,Animação
tm140389,Europeu
ts20248,Drama
ts20248,Fantasia
ts20248,História
tm150928,Terror
tm150928,Suspense
tm140877,Suspense
tm140877,Drama
tm140877,Guerra
ts8146,Ficção Científica
ts8146,Drama
ts8146,Ação
tm176864,Drama
tm176864,Ação
tm176864,Esporte
tm176864,Europeu
tm151663,Suspense
tm151663,Crime
tm151663,Drama
ts16045,Reality Show
tm145655,Comédia
tm145655,Drama
tm160621,Terror
tm160621,Suspense
ts20292,Drama
ts20292,Ficção Científica
ts20292,Suspense
ts20292,Ação
ts20292,Crime
tm134967,Ação
tm134967,Animação
tm134967,Comédia
tm134967,Família
tm134967,Fantasia
tm183523,Ação
tm183523,Drama
tm183523,Suspense
ts6,Drama
tm148147,Drama
tm148147,Documentário
tm148147,Romance
tm148147,Crime
tm143227,Drama
tm143227,Comédia
tm143227,Música
tm143227,Romance
ts21374,Crime
ts21374,Drama
ts21374,Suspense
ts14583,Comédia
ts14583,Drama
ts14583,Animação
tm169719,Drama
tm169719,Esporte
tm182429,Ação
tm182429,Suspense
tm182429,Drama
ts20261,Guerra
ts20261,Suspense
ts20261,Drama
tm175843,Ficção Científica
tm175843,Suspense
tm175843,Terror
tm175843,Documentário
tm163686,Drama
tm163686,Comédia
tm163686,Europeu
ts21367,Drama
ts21367,Comédia
ts20108,Comédia
ts20108,Família
ts20108,Ação
ts20108,Ficção Científica
ts20108,Suspense
ts20108,Drama
tm180572,Terror
tm180572,Suspense
tm151807,Terror
tm151807,Suspense
tm151764,Romance
tm151764,Comédia
tm151764,Drama
ts20823,Drama
ts20823,Comédia
ts20823,Crime
tm153284,Drama
tm153284,Ficção Científica
tm153284,Suspense
tm153284,Romance
ts32218,Ação
ts32218,Ficção Científica
ts32218,Família
ts32218,Comédia
ts32218,Drama
ts35682,Drama
ts35682,Suspense
ts35682,Crime
tm165967,Drama
tm165967,História
ts20791,Ação
ts20791,Comédia
ts20791,Drama
ts20791,Terror
ts20791,Romance
ts20791,Ficção Científica
tm161525,Suspense
tm161525,Terror
tm168400,Ação
tm168400,Drama
tm168400,Crime
tm168400,Suspense
tm168400,Europeu
tm161282,Família
tm161282,Animação
tm161282,Ação
tm161282,Comédia
tm161282,Ficção Científica
ts20280,Ação
ts20280,Drama
ts20280,História
ts20280,Documentário
tm148671,Drama
tm148671,Suspense
tm148671,Ação
tm148671,Crime
tm171042,Suspense
tm171042,Crime
tm171042,Drama
tm171042,Terror
tm171042,Ação
tm171042,Europeu
tm178712,Comédia
tm178712,Terror
ts20288,Ficção Científica
ts20288,Ação
ts20288,Crime
ts20288,Fantasia
ts20288,Terror
ts20281,Animação
ts20281,Família
ts20281,Fantasia
tm187279,Drama
tm187279,Comédia
tm187279,Europeu
tm165521,Ação
tm165521,Suspense
tm165521,Europeu
tm141648,Ação
tm141648,Fantasia
ts314002,Ficção Científica
ts314002,Ação
ts314002,Animação
ts314002,Comédia
ts314002,Fantasia
tm176630,Drama
tm176630,Europeu
ts32060,Comédia
ts32060,Drama
ts32060,Família
tm184608,Suspense
tm184608,Terror
tm187979,Animação
tm187979,Ficção Científica
tm187979,Drama
tm187979,Comédia
tm187979,Família
tm187979,Fantasia
tm171228,Música
ts2727,Drama
ts2727,Comédia
ts2727,Europeu
ts20790,Comédia
ts20790,Drama
ts20790,Romance
tm161029,Ação
tm161029,Família
tm161029,Animação
tm161029,Romance
tm161029,Comédia
tm161029,Fantasia
tm161029,História
tm161029,Ficção Científica
ts20014,Animação
ts20014,Ficção Científica
ts20014,Fantasia
ts20014,Romance
ts20014,Ação
ts20014,Comédia
ts20014,Drama
ts20014,Família
tm181270,Suspense
tm181270,Crime
tm181270,Drama
ts35570,Comédia
ts35570,Europeu
tm237143,Música
tm237143,Comédia
tm237143,Fantasia
tm237143,Família
tm181081,Drama
tm181081,História
tm181081,Europeu
tm181081,Romance
tm181081,Guerra
ts20336,Drama
ts20336,Romance
ts20336,Suspense
ts20336,Ação
ts20336,Crime
ts20336,Europeu
ts35244,Reality Show
tm144121,Drama
tm144121,Música
ts2161,Comédia
ts2161,Família
ts2161,Fantasia
ts2161,Animação
ts2161,Ação
ts2161,Europeu
ts32271,Drama
ts20097,Suspense
ts20097,Ficção Científica
ts20097,Drama
ts20097,Fantasia
ts20097,Terror
ts22383,Animação
ts22383,Comédia
ts22383,Família
ts22383,Europeu
tm143642,Suspense
tm143642,Europeu
tm143642,Ficção Científica
tm143642,Crime
tm143642,Drama
ts36836,Comédia
ts22426,Ação
ts22426,Ficção Científica
ts22426,Animação
ts22426,Drama
ts22426,Fantasia
ts22426,Romance
ts42168,Ação
ts42168,Guerra
ts42168,Drama
ts42168,História
tm148976,Documentário
tm148976,Esporte
ts35282,Drama
ts35282,Família
ts35282,Romance
tm136601,Comédia
tm151716,Documentário
tm166628,Comédia
tm166628,Animação
tm166628,Fantasia
tm166628,Família
tm140342,Suspense
tm140342,Ficção Científica
tm140342,Terror
tm140342,Ação
tm140342,Fantasia
ts20883,Família
ts20883,Comédia
tm151447,Suspense
tm151447,Ação
tm151447,Crime
tm147913,Drama
tm147913,Comédia
tm147913,Ficção Científica
tm147913,Romance
tm147913,Fantasia
ts11794,Animação
ts11794,Família
ts11794,Fantasia
ts11794,Ficção Científica
ts11794,Comédia
ts98110,Animação
ts22445,Comédia
ts22445,Drama
ts22445,Romance
tm469911,Drama
tm469911,Crime
tm469911,Europeu
tm149038,Comédia
tm149038,Documentário
tm161562,Drama
tm161562,Romance
ts34066,Ficção Científica
ts34066,Ação
ts34066,Família
ts34066,Fantasia
ts34066,Romance
ts34066,Comédia
ts34066,Drama
ts521,Reality Show
tm71148,Comédia
tm71148,Drama
tm71148,Romance
tm156811,Comédia
tm156811,Drama
ts82979,Animação
ts82979,Comédia
ts82979,Drama
ts82979,Família
ts82979,Ação
ts82979,Fantasia
ts82979,Europeu
ts33590,Comédia
ts33590,Família
ts33590,Fantasia
tm138431,Documentário
tm138431,Guerra
tm144046,Comédia
ts33840,Ficção Científica
ts33840,Animação
ts33840,Drama
ts33840,Fantasia
ts33840,Romance
tm171965,Comédia
tm171965,Documentário
tm171965,Romance
tm157085,Drama
tm157085,Romance
tm185208,Documentário
tm185208,Europeu
tm185208,Drama
tm185208,Família
tm180599,Suspense
tm180599,Terror
tm180599,Drama
ts58137,Ação
ts58137,Ficção Científica
ts58137,Drama
ts58137,Animação
ts58137,Comédia
ts58137,Família
ts58137,Fantasia
tm154797,Comédia
tm154797,Crime
tm154797,Família
tm154797,Animação
ts20709,Comédia
ts20709,Animação
ts20709,Drama
ts20709,Esporte
ts10206,Ação
ts10206,Animação
ts10206,Comédia
ts10206,Drama
ts10206,Família
ts10206,Fantasia
ts10206,Música
ts10206,Romance
ts154625,Drama
ts154625,Suspense
ts37187,Crime
ts37187,Drama
ts37187,Romance
ts53641,Animação
tm148910,Ação
tm148910,Drama
tm148910,Suspense
tm148910,Crime
tm182275,Romance
tm182275,Suspense
tm182275,Drama
tm182275,Crime
tm182275,Guerra
tm152904,Comédia
tm152904,Documentário
tm172710,Documentário
tm143757,Comédia
ts35628,Comédia
ts35628,Documentário
ts35628,Reality Show
ts57744,Animação
ts58010,Comédia
ts58010,Família
ts58010,Música
ts58010,Animação
tm143372,Ficção Científica
tm143372,Fantasia
tm143372,Drama
tm143372,Família
tm143372,Animação
tm143372,Comédia
ts21368,Ação
ts21368,Drama
ts21368,Romance
ts21368,Crime
tm167944,Drama
tm167944,Fantasia
tm167944,Animação
tm167944,Ação
tm167944,Romance
tm167944,Terror
tm187390,Documentário
tm187390,Drama
tm187390,História
tm143363,Drama
tm143363,Comédia
tm143363,Romance
ts88394,Documentário
ts88394,Família
ts36127,Comédia
ts36127,Família
ts36127,Esporte
ts36127,Ficção Científica
ts36127,Animação
ts36127,Ação
ts3799,Comédia
ts3799,Família
ts3799,Fantasia
ts3799,Animação
ts3799,Ação
tm171929,Documentário
tm171929,Esporte
tm155291,Crime
tm155291,Romance
tm155291,Drama
tm180643,Comédia
tm180643,Família
tm139617,Fantasia
tm139617,Animação
tm139617,Família
tm139617,Ação
tm139617,Comédia
ts16117,Ação
ts16117,Drama
ts16117,Romance
tm182969,Terror
tm215339,Comédia
tm215339,Documentário
tm151927,História
tm151927,Ação
tm151927,Drama
tm151927,Esporte
tm139922,Música
tm139922,Documentário
tm185797,Drama
tm185797,Comédia
tm185797,Romance
tm174289,Animação
tm174289,Comédia
tm174289,Família
tm174289,Ficção Científica
tm181092,Suspense
tm181092,Ação
tm181092,Crime
ts20781,Comédia
ts20781,Drama
tm180802,Ação
tm180802,Animação
tm180802,Comédia
tm183706,Documentário
tm183706,Família
tm183706,História
tm168685,Ação
tm168685,Suspense
tm199408,Documentário
tm199408,Comédia
tm140911,Drama
tm148597,Documentário
tm148597,Comédia
tm148597,Música
ts76743,Animação
ts76743,Ação
ts76743,Comédia
ts76743,Drama
ts76743,Fantasia
ts76743,Família
ts83239,Comédia
ts83239,Animação
ts83239,Família
tm144021,Ação
tm144021,Animação
tm144021,Família
tm144021,Comédia
tm144021,Ficção Científica
tm148457,Comédia
tm148457,Romance
ts75104,Crime
ts75104,Ação
tm148662,Drama
tm148662,Crime
ts34074,Drama
tm181550,Ação
tm181550,Crime
tm181550,Drama
tm181550,Romance
tm149914,Comédia
tm145627,Terror
tm145627,Suspense
tm186161,Comédia
tm186161,Drama
tm186161,Crime
tm186161,Ação
tm183002,Ação
tm183002,Suspense
tm183002,Drama
ts122290,Drama
ts75833,Animação
ts75833,Família
tm158302,Drama
tm158302,Comédia
tm182322,Drama
tm182322,Esporte
tm157062,Crime
tm157062,Ação
tm157062,Suspense
tm186054,Música
tm186054,Drama
tm165504,Crime
tm165504,Ação
tm165504,Comédia
tm165504,Drama
tm165504,Suspense
tm167342,Drama
tm167342,Documentário
tm35895,Drama
tm35895,Comédia
tm35895,Ação
tm35895,Documentário
tm35895,Europeu
tm158980,Comédia
tm158980,Romance
ts67797,Animação
ts67797,Europeu
tm149747,Drama
tm149747,Comédia
tm159819,Romance
tm159819,Comédia
tm2269,Comédia
tm2269,Documentário
tm2269,Drama
tm2269,Europeu
tm175753,Comédia
tm175753,Drama
tm178513,Drama
tm178513,Romance
tm160034,Drama
tm160034,Comédia
tm160034,Romance
tm142630,Terror
tm149578,Documentário
tm149578,Drama
tm176481,Romance
tm176481,Drama
tm176481,Ação
tm176481,Comédia
tm137379,Animação
tm137379,Família
tm137379,Ação
tm360904,Documentário
tm167107,Ação
tm167107,Crime
tm167107,Suspense
tm167107,Drama
tm158546,Suspense
tm158546,Crime
tm236725,Documentário
tm151210,Comédia
tm151210,Documentário
tm146657,Comédia
tm157681,Drama
tm145791,Drama
tm145791,Comédia
tm145791,Música
tm145791,Família
tm145791,Fantasia
tm175954,Comédia
tm175954,Documentário
tm158436,Documentário
tm158436,Drama
tm158436,História
tm172027,Drama
tm172027,História
tm172027,Romance
tm209037,Documentário
tm153055,Documentário
tm153055,Família
tm155051,Comédia
tm143299,Suspense
tm143299,Crime
tm143299,Drama
tm348393,Romance
tm182227,Comédia
tm182534,Documentário
ts121189,História
ts121189,Documentário
tm157461,Romance
tm157461,Drama
tm157461,Comédia
tm370685,Romance
tm370685,Drama
ts20238,Comédia
ts20238,Romance
tm157609,Documentário
tm157609,Europeu
tm152273,Ficção Científica
tm152273,Ação
tm152273,Animação
tm202914,Documentário
tm202914,Drama
tm202914,Comédia
tm202914,Família
tm183654,Comédia
tm183654,Ação
tm147518,Documentário
tm197423,Suspense
tm197423,Crime
tm197423,Drama
tm145658,Drama
tm145658,Comédia
tm145658,Ação
tm145658,Fantasia
tm145658,Romance
ts82860,Drama
tm151860,Documentário
tm151860,Ação
tm184511,Drama
tm184511,Romance
tm184511,Suspense
tm145216,Terror
tm610571,Drama
tm529733,Animação
tm169054,Drama
tm169054,Comédia
tm154729,Romance
tm154729,Suspense
tm154729,Comédia
tm154729,Drama
tm187505,Romance
tm187505,Drama
tm187505,Comédia
tm177645,Comédia
tm155507,Comédia
tm182580,Drama
tm182580,Família
tm182580,Comédia
tm152843,Comédia
tm147405,Documentário
tm147405,Guerra
tm185736,Documentário
tm185736,Música
tm587320,Reality Show
tm587320,Europeu
tm183805,Suspense
tm183805,Comédia
tm183805,Crime
tm323262,Drama
tm323262,Ação
tm323262,Romance
tm181051,Drama
tm181051,Europeu
tm169294,Terror
tm147908,Suspense
tm178992,Comédia
tm250364,Fantasia
tm250364,Animação
tm162259,Drama
tm166723,Romance
tm166723,Comédia
tm166723,Drama
tm177224,Comédia
tm177224,Drama
tm177224,Romance
tm187118,Drama
tm187118,Comédia
ts144527,Drama
tm577690,Suspense
tm577690,Drama
tm200926,Drama
tm200926,Documentário
tm200926,Europeu
tm155014,Comédia
tm159296,Comédia
tm159296,Drama
tm159296,Romance
tm179328,Comédia
tm179328,Romance
ts32752,Comédia
ts32752,Drama
tm528043,Animação
tm186408,Fantasia
tm157783,Comédia
tm146144,Ação
tm146144,Comédia
tm146144,Drama
tm146144,Suspense
tm144541,Suspense
tm144541,Drama
tm144541,Europeu
tm175364,Animação
tm175364,Fantasia
tm136036,Romance
tm136036,Comédia
tm136036,Drama
tm163066,Documentário
tm188290,Comédia
tm188290,Romance
tm1223427,Animação
tm142852,Drama
tm142852,Romance
tm142852,Comédia
tm228574,Comédia
tm171891,Comédia
tm171891,Drama
tm171891,Ação
tm250247,Animação
tm176900,Comédia
tm176900,Drama
tm176900,Romance
tm158671,Fantasia
tm158671,Comédia
tm158671,Família
tm158671,Animação
tm144557,Família
tm144557,Comédia
tm144557,Romance
tm528044,Animação
tm169669,Drama
tm169669,Comédia
tm149541,Comédia
tm144451,Suspense
tm144451,Crime
tm144451,Ação
tm205684,Crime
tm205684,Drama
tm205684,Comédia
tm175577,Comédia
tm175577,Romance
tm178234,Drama
tm176553,Drama
tm176553,Ação
tm481846,Animação
tm138280,Ação
tm138280,Suspense
tm156397,Comédia
tm156397,Drama
tm156397,Documentário
tm156397,Europeu
tm159094,Drama
tm159094,Ação
tm159094,Suspense
tm1194608,Comédia
tm1194608,Animação
tm460055,Documentário
tm460055,Guerra
tm157286,Suspense
tm179248,Comédia
tm179248,Crime
tm179248,Ação
tm1036195,Drama
tm681614,Comédia
tm681614,Terror
ts107543,Romance
ts107543,Comédia
tm242276,Suspense
tm242276,Crime
tm242276,Drama
tm242276,Família
tm159701,Comédia
tm177376,Comédia
tm150962,Comédia
tm150962,Romance
ts261583,Comédia
ts8,Drama
ts8,Crime
ts37143,Reality Show
ts37143,Documentário
ts38796,Ficção Científica
ts38796,Suspense
ts38796,Drama
ts38796,Fantasia
ts38796,Terror
ts21867,Comédia
ts41766,Ficção Científica
ts41766,Romance
ts41766,Comédia
ts41766,Drama
ts41766,Fantasia
ts37539,Ação
ts37539,Animação
ts37539,Comédia
ts37539,Fantasia
ts37539,Ficção Científica
ts37539,Terror
ts37539,Drama
tm232579,Drama
tm232579,Comédia
ts36577,Ação
ts36577,Drama
ts36577,Guerra
ts36577,História
ts36577,Europeu
ts35201,Drama
ts35201,Comédia
ts35201,Fantasia
ts35201,Suspense
ts35201,Animação
tm243100,Suspense
tm243100,Faroeste
tm243100,Ação
tm243100,Crime
tm243100,Drama
ts42069,Drama
ts42069,História
ts42069,Europeu
ts36885,Ação
ts36885,Ficção Científica
ts36885,Comédia
ts36885,Terror
ts36885,Fantasia
ts36885,Suspense
tm195209,Suspense
tm195209,Crime
tm195209,Drama
tm195209,Europeu
tm239760,Suspense
tm239760,Terror
tm204163,Crime
tm204163,Guerra
tm204163,Comédia
tm204163,Drama
ts36147,Ficção Científica
ts36147,Crime
ts36147,Drama
ts36147,Fantasia
ts35793,Reality Show
ts53051,Ficção Científica
ts53051,Drama
ts53051,Fantasia
tm135307,Ação
tm135307,Crime
tm135307,Suspense
tm205890,Ação
tm205890,Drama
tm205890,Crime
tm205890,Suspense
tm239727,Suspense
tm239727,Drama
tm242705,Terror
tm242705,Drama
tm242705,Fantasia
tm242705,Europeu
tm138905,Suspense
tm138905,Faroeste
tm138905,Drama
tm138905,Crime
ts38199,Ficção Científica
ts38199,Drama
ts38199,Fantasia
ts42062,Animação
ts42062,Ação
ts42062,Família
ts42062,Fantasia
ts42062,Romance
ts41961,Drama
ts41961,Suspense
ts41961,Ação
ts41961,Crime
ts35251,Drama
ts35251,Comédia
ts41956,Guerra
ts41956,Ação
ts41956,Drama
ts41956,Suspense
ts38718,Crime
ts38718,Drama
ts38718,Terror
ts38718,Suspense
ts42014,Documentário
ts42014,Reality Show
ts53664,Guerra
ts53664,Drama
ts53664,Suspense
ts53664,Ação
ts37866,Comédia
ts37866,Drama
ts37866,Europeu
ts42120,Ficção Científica
ts42120,Suspense
ts42120,Drama
tm140391,Ação
tm140391,Fantasia
tm140391,Família
tm140391,Comédia
tm199607,Drama
tm199607,Suspense
tm199607,Documentário
tm137869,Ação
tm137869,Suspense
tm137869,Crime
tm137869,Drama
ts42077,Guerra
ts42077,Romance
ts42077,Suspense
ts42077,Drama
ts42077,História
ts42077,Europeu
ts52922,Documentário
ts52922,História
ts18010,Drama
ts18010,Suspense
ts36129,Comédia
ts36631,Drama
ts36631,Suspense
ts36631,Crime
ts36550,Drama
ts36550,Ação
ts36550,Ficção Científica
ts70529,Comédia
ts70529,Drama
ts70529,História
ts41975,Ação
ts41975,Guerra
ts41975,Drama
ts38734,Crime
ts38734,Drama
ts38734,Europeu
ts36015,Ação
ts36015,Drama
tm120609,Comédia
tm120609,Drama
tm120609,Música
ts35554,Suspense
ts35554,Drama
ts35554,Crime
ts35554,Terror
ts35554,Comédia
ts21981,Crime
ts21981,Ficção Científica
ts21981,Drama
ts21981,Comédia
ts21981,Terror
tm137693,Terror
tm137693,Suspense
tm137693,Romance
tm137693,Fantasia
tm137693,Drama
ts35563,Ficção Científica
ts35563,Ação
ts35563,Drama
ts21869,Ficção Científica
ts21869,Drama
ts21869,Suspense
tm137002,Ação
tm137002,Drama
tm137002,Fantasia
ts47714,Comédia
tm206698,Drama
tm206698,Terror
tm206698,Suspense
ts38710,Faroeste
ts38710,Ação
ts38710,Ficção Científica
ts38710,Suspense
ts38710,Drama
ts38710,Fantasia
ts21885,Comédia
ts21885,Drama
tm139841,Terror
tm139841,Suspense
tm233377,Drama
tm233377,Comédia
ts35253,Ficção Científica
ts35253,Suspense
ts35253,Drama
ts35253,Ação
tm143984,Ação
tm143984,Suspense
tm143984,Drama
tm143984,Crime
ts41289,Comédia
ts41289,Drama
ts41289,Europeu
tm233425,Animação
tm233425,Drama
tm233425,Romance
tm233425,Família
ts38090,Drama
ts38090,História
ts38090,Romance
ts38090,Guerra
ts38090,Documentário
ts38090,Comédia
ts38090,Europeu
ts21986,Ficção Científica
ts21986,Fantasia
ts21986,Comédia
ts21986,Drama
tm120108,Ação
tm120108,Animação
tm120108,Família
tm120108,Fantasia
tm120108,Drama
tm120108,Comédia
tm239676,Terror
tm239676,Suspense
ts36177,Ficção Científica
ts36177,Suspense
ts36177,Drama
ts36177,Terror
tm212927,Ação
tm212927,Comédia
tm212927,Romance
tm194792,Terror
tm194792,Suspense
ts35775,Comédia
ts38415,Ação
ts38415,História
ts38415,Drama
ts42687,Família
ts42687,Animação
ts42687,Ficção Científica
ts42687,Ação
ts42687,Fantasia
ts42687,Europeu
ts38511,Comédia
ts38511,Drama
ts38511,Romance
ts38304,Comédia
ts35354,Drama
ts35354,Ficção Científica
ts35354,Suspense
ts42170,Comédia
ts42170,Europeu
tm193769,História
tm193769,Drama
tm138297,Terror
tm138297,Suspense
tm138297,Drama
ts41906,Ficção Científica
ts41906,Comédia
ts41906,Animação
ts41906,Fantasia
tm132273,Família
tm132273,Fantasia
tm132273,Comédia
tm132273,Animação
tm132273,Ficção Científica
tm143085,Crime
tm143085,Ação
tm143085,Ficção Científica
tm143085,Drama
tm143085,Suspense
tm245271,Ficção Científica
tm245271,Ação
tm245271,Animação
tm245271,Fantasia
tm245271,Suspense
tm245271,Terror
tm245271,Drama
ts36046,Comédia
ts36046,Drama
ts36046,Família
tm135106,Crime
tm135106,Suspense
tm135106,Faroeste
tm135106,Ação
tm135106,Drama
tm196296,Drama
tm196296,Animação
tm196296,Família
tm196296,Fantasia
tm196296,Suspense
tm196296,Europeu
ts39007,Ficção Científica
ts39007,Ação
ts39007,Fantasia
ts39007,Terror
ts39007,Drama
tm209987,Drama
ts36545,Drama
ts36545,Suspense
ts36545,Crime
tm219233,Drama
tm219233,Romance
ts42169,Drama
ts42169,Suspense
ts42169,Animação
ts42169,Fantasia
ts42169,Ficção Científica
tm199700,Drama
tm199700,Romance
tm199700,Europeu
ts36856,Comédia
ts36856,Drama
ts36856,Animação
ts37971,Drama
ts37971,Comédia
ts41490,Ação
ts41490,Suspense
ts41490,Crime
ts41490,Drama
ts41963,Drama
ts41963,Comédia
ts37464,Guerra
ts37464,Drama
ts37464,Suspense
tm233214,Guerra
tm233214,Drama
tm233214,Terror
tm233214,Suspense
tm233214,Fantasia
ts52838,Ficção Científica
ts52838,Ação
ts52838,Drama
ts52838,Suspense
ts41149,Comédia
ts41149,Drama
ts41149,Faroeste
tm136483,Comédia
tm136483,Romance
ts53099,Drama
ts53099,Crime
ts53099,Europeu
tm134791,Suspense
tm134791,Terror
tm134791,Drama
tm221740,Drama
tm221740,Fantasia
tm140843,Suspense
tm140843,Ação
tm140843,Ficção Científica
tm140843,Drama
ts38204,Documentário
ts38204,Crime
tm219248,Comédia
tm219248,Drama
tm196125,Drama
tm196125,Comédia
tm196125,Romance
tm204035,Suspense
tm204035,Ação
tm204035,Ficção Científica
ts82825,Drama
tm233521,Drama
tm233521,Comédia
ts42655,Crime
ts42655,Drama
ts42655,Ação
tm206512,Suspense
tm206512,Drama
tm206512,Terror
tm206512,Ficção Científica
tm206512,Europeu
ts36983,Comédia
ts36983,Família
ts38783,Guerra
ts38783,Suspense
ts38116,Guerra
ts38116,Ação
ts38116,Ficção Científica
ts38116,Animação
ts38116,Drama
tm239743,Animação
tm239743,Drama
tm239743,Ação
tm239743,Suspense
tm239743,Crime
ts35256,Documentário
tm200126,Fantasia
tm200126,Terror
tm200126,Comédia
tm200126,Drama
tm200126,Suspense
tm208622,Ação
tm208622,Comédia
tm208622,Ficção Científica
ts35362,Drama
ts35362,Suspense
ts35362,Ação
ts35362,Europeu
ts42156,Drama
ts42156,Romance
tm244788,Documentário
tm244788,História
tm244788,Crime
ts3844,Drama
ts3844,Suspense
ts3844,Crime
ts3844,Europeu
ts41913,Ficção Científica
ts41913,Drama
ts41913,Fantasia
ts41913,Suspense
tm139532,Drama
tm139532,Fantasia
tm139532,Terror
tm139532,Suspense
tm253083,Romance
tm253083,Drama
ts42119,Drama
tm136321,Drama
tm136321,Ficção Científica
tm136321,Família
tm225308,Documentário
ts52830,Drama
ts52830,Comédia
tm238722,Romance
tm238722,Drama
ts42090,Documentário
ts42090,Esporte
tm136257,Drama
tm136257,Guerra
tm244403,Ficção Científica
tm244403,Suspense
tm244403,Ação
tm200690,Terror
tm200690,Suspense
tm200690,Ficção Científica
tm200690,Drama
tm200690,Fantasia
ts53287,Drama
ts53287,Documentário
ts53287,História
ts53287,Guerra
ts37660,Comédia
ts37660,Drama
ts37660,Família
ts37660,Romance
tm147082,Música
tm147082,Documentário
ts38731,Guerra
ts38731,Drama
ts38731,História
ts38731,Europeu
ts38809,Drama
ts38809,Música
tm233465,Suspense
tm233465,Terror
tm233465,Fantasia
tm233465,Drama
ts53249,Ficção Científica
ts53249,Ação
ts53249,Fantasia
ts53249,Comédia
ts53249,Drama
ts53249,Animação
ts53249,Família
tm230551,Ação
tm230551,Drama
tm230551,História
ts42137,Ação
ts42137,Ficção Científica
ts42137,Comédia
ts42137,Fantasia
ts42137,Drama
ts42137,Animação
ts42137,Família
ts76956,Comédia
ts38758,Ação
ts38758,Ficção Científica
ts38758,Suspense
ts38758,Animação
ts38758,Terror
ts38758,Drama
ts38758,Fantasia
ts35987,Comédia
ts35987,Ficção Científica
ts35987,Animação
ts35987,Ação
tm228677,Drama
tm228677,Romance
tm228677,Ação
tm228677,Ficção Científica
tm155102,Suspense
tm155102,Terror
tm220594,Documentário
tm243121,Comédia
tm205812,Guerra
tm205812,Drama
tm205812,Suspense
tm205812,Ação
tm205812,História
tm205812,Europeu
tm234586,Suspense
tm234586,Drama
tm234586,Crime
ts38770,Drama
ts38770,Comédia
tm135543,Drama
tm135543,Romance
tm135543,Europeu
tm215638,Ação
tm215638,Drama
tm215638,Europeu
tm239683,Documentário
tm239683,Crime
tm239683,História
tm239683,Esporte
ts42257,Crime
ts42257,Suspense
ts42257,Drama
ts42257,Fantasia
ts42257,Ficção Científica
ts52829,Suspense
ts52829,Crime
ts52829,Drama
ts52829,Europeu
tm214825,Faroeste
tm214825,Comédia
tm214825,Ação
tm242736,Comédia
tm242736,Música
tm242736,Documentário
ts42022,Drama
ts42022,Crime
ts42022,Suspense
ts42022,Ação
ts37944,Comédia
ts37944,Europeu
tm239707,Ação
tm239707,Comédia
tm136061,Drama
tm136061,História
tm239733,Suspense
tm239733,Ação
tm239733,Drama
ts38568,Comédia
ts38568,Drama
ts38568,Romance
tm142881,Fantasia
tm142881,Música
tm142881,Romance
tm142881,Ficção Científica
tm142881,Drama
tm142881,Família
ts37779,Comédia
ts37779,Ação
ts37779,Crime
ts37779,Família
ts37779,Fantasia
ts37779,Ficção Científica
ts37779,Animação
ts37779,Europeu
tm232953,Drama
tm232953,Suspense
tm232953,Ação
tm232953,Ficção Científica
tm232953,Crime
tm193125,Documentário
tm244507,Drama
tm244507,Comédia
tm244507,Europeu
tm134516,Drama
tm134516,Ação
tm134516,Fantasia
ts52981,Reality Show
tm270504,Comédia
tm270504,Suspense
ts41258,Drama
ts41258,Família
ts41258,Comédia
ts41258,Romance
tm244880,Terror
tm244880,Suspense
tm244880,Drama
tm233317,Ação
tm233317,Comédia
tm233317,Família
tm205333,Comédia
tm205333,Romance
ts43209,Documentário
ts43209,História
ts43209,Europeu
tm233533,Drama
tm233533,Terror
tm233533,Crime
ts55365,Suspense
ts55365,Terror
ts55365,Animação
ts55365,Comédia
ts55365,Drama
ts55365,Família
ts55365,Fantasia
tm138672,Drama
tm138672,Romance
tm138672,Crime
tm138672,Suspense
tm323616,Suspense
tm323616,Comédia
tm323616,Romance
ts119087,Animação
ts119087,Família
ts36630,Ação
ts36630,Comédia
ts36630,Família
ts36630,Animação
ts41995,Reality Show
tm245378,Drama
tm221225,Comédia
tm221225,Música
tm221225,Ação
ts39017,Ação
ts39017,Comédia
ts39017,Família
ts39017,Animação
ts11670,Comédia
ts11670,Família
ts11670,Animação
ts11670,Ação
ts11670,Fantasia
ts11670,Faroeste
ts76079,Animação
ts76079,Comédia
ts76079,Família
ts76079,Europeu
tm157283,Drama
tm157283,Comédia
tm211302,Drama
tm211302,Romance
tm211302,Comédia
ts43272,Reality Show
ts43272,Drama
tm253080,Documentário
tm253080,Europeu
ts36547,Drama
ts36547,Comédia
ts56748,Drama
ts56748,Suspense
ts56748,Reality Show
tm139194,Animação
tm139194,Família
tm139194,Ação
tm139194,Comédia
tm139194,Ficção Científica
tm139194,Fantasia
ts53155,Comédia
ts53155,Terror
ts53155,Ficção Científica
ts53155,Europeu
tm238748,Suspense
tm238748,Terror
ts42127,Comédia
ts41883,Ação
ts41883,Drama
ts41883,Guerra
ts41883,Romance
ts41883,Suspense
tm233544,Ação
tm233544,Drama
tm233544,História
ts42628,Comédia
ts37804,Comédia
ts56674,Animação
ts56674,Ficção Científica
ts56674,Comédia
ts56674,Família
ts56674,História
ts35406,Ficção Científica
ts35406,Suspense
ts35406,Drama
ts41253,Drama
ts41253,Romance
ts54110,Comédia
ts54110,Animação
ts54110,Família
ts54110,Europeu
ts77654,Animação
tm244134,Comédia
tm244134,Romance
tm244134,Documentário
tm244134,Europeu
ts79799,Ficção Científica
ts79799,Família
ts79799,Animação
ts79799,Ação
ts79799,Comédia
ts79799,Fantasia
ts79799,Drama
tm233616,Família
tm233616,Animação
tm233616,Ação
tm233616,Comédia
tm233616,Ficção Científica
tm244381,Crime
tm244381,Suspense
tm244381,Ação
ts54028,Drama
ts54028,Crime
ts54028,Suspense
ts38230,Crime
ts38230,Drama
ts38230,Suspense
tm238661,Comédia
ts56032,Ação
ts56032,Drama
tm244915,Romance
tm244915,Ação
tm244915,Suspense
ts128895,Drama
tm219276,Drama
tm219276,Comédia
tm219276,Romance
ts58068,Crime
ts58068,Documentário
ts37896,História
ts37896,Documentário
ts37896,Europeu
tm316731,Comédia
ts43230,Ação
ts43230,Família
ts43230,Ficção Científica
ts43230,Animação
ts76092,Drama
ts76092,Ação
ts76092,Crime
ts76092,Romance
ts76092,Suspense
tm247642,Documentário
tm247642,Crime
tm247642,Europeu
tm240007,Ação
tm240007,Drama
tm240007,Guerra
ts35596,Comédia
ts35596,Família
ts35596,Esporte
tm138792,Comédia
tm138792,Romance
tm244052,Comédia
ts42260,Documentário
tm123789,História
tm123789,Drama
tm123789,Fantasia
ts86021,Animação
ts86021,Comédia
ts86021,Família
ts86021,Europeu
ts55559,Animação
ts55559,Comédia
ts55559,Família
ts35359,Animação
ts35359,Drama
ts35359,Família
ts35359,Europeu
tm219173,Suspense
tm219173,Drama
tm219173,Ação
tm219173,Crime
tm208903,Documentário
tm229542,Comédia
tm229542,Documentário
tm211510,Terror
tm211510,Suspense
tm205870,Suspense
tm205870,Ação
tm205870,Crime
tm205870,Drama
tm205870,Europeu
ts38512,Documentário
tm238681,Comédia
tm238681,Animação
tm238681,Família
ts54100,Ação
ts54100,Fantasia
ts54100,Animação
ts54100,Comédia
ts54100,Família
ts54100,Europeu
ts35360,Ação
ts35360,Ficção Científica
ts35360,Animação
ts35360,Comédia
ts35360,Família
tm229140,Comédia
tm266628,Família
tm266628,Animação
tm266628,Comédia
ts38757,Animação
ts38757,Família
ts38757,Ficção Científica
ts38757,Ação
ts38757,Comédia
ts43119,Comédia
ts53106,Drama
ts53106,História
tm271070,Ação
tm271070,Família
tm271070,Fantasia
tm271070,Comédia
tm271070,Europeu
ts38805,Família
ts38805,Animação
ts38805,Comédia
ts38805,Fantasia
tm214085,Documentário
ts75829,Ação
ts75829,Fantasia
ts75829,Ficção Científica
ts75829,Animação
ts42075,Drama
ts42038,Comédia
ts42038,Drama
ts42038,Romance
ts42038,Suspense
tm218052,Suspense
tm218052,Crime
tm218052,Drama
tm248010,Comédia
tm248010,Crime
tm248010,Drama
ts51368,Ação
ts51368,Animação
ts51368,Comédia
ts51368,Família
ts51368,Fantasia
tm267135,Drama
ts74753,Documentário
tm246870,Drama
tm246870,Suspense
tm245235,Comédia
tm235405,Drama
tm235405,Suspense
tm235405,Guerra
tm235405,Ação
tm218186,Drama
tm218186,Suspense
tm218186,Faroeste
tm228242,Comédia
tm228242,Música
tm244513,Drama
tm244513,Crime
tm244513,Europeu
ts39014,Comédia
ts39014,Drama
ts39014,Animação
ts39014,Ação
ts39014,Ficção Científica
tm232954,Documentário
tm232954,Crime
ts41948,Documentário
ts41948,Música
ts54156,Documentário
ts36740,Família
tm239290,Comédia
tm239290,Romance
tm290444,Suspense
tm290444,Drama
tm290444,Ação
ts41899,Drama
ts41899,Terror
ts41899,Suspense
tm225693,Documentário
tm225693,Música
tm267429,Drama
tm267429,Documentário
tm272413,Comédia
ts43501,Documentário
ts43501,História
ts43501,Europeu
tm138584,História
tm138584,Drama
tm138584,Fantasia
ts56221,Família
ts56221,Fantasia
ts56221,Animação
ts56221,Comédia
tm225275,Ação
ts81483,Comédia
ts81483,Família
ts81483,Animação
ts35463,Comédia
tm209950,Comédia
tm209950,Documentário
tm308241,Ação
tm308241,Família
ts38764,Drama
ts38764,Europeu
tm213681,Comédia
tm213681,Crime
tm213681,Ação
tm213681,Suspense
tm139870,Comédia
tm139870,Suspense
tm139870,Drama
tm139870,Crime
tm139870,Ação
tm239739,Crime
tm239739,Suspense
tm239739,Drama
tm246175,Ação
tm246175,Comédia
tm246175,Crime
tm246175,Europeu
ts38761,Comédia
ts38761,Drama
ts38761,Família
ts38761,Fantasia
ts38761,Romance
tm195764,Drama
tm195764,Romance
ts41154,Comédia
ts41154,Europeu
ts144323,Reality Show
ts144323,Documentário
ts144323,Comédia
tm233561,Comédia
tm233561,Família
tm233561,Animação
tm217939,Comédia
tm217939,Romance
tm217939,Drama
tm217939,Europeu
tm200454,Romance
tm200454,Drama
tm266844,Ação
tm266844,Comédia
tm266844,Crime
ts74929,Animação
ts74929,Família
ts74929,Comédia
ts74929,Drama
ts74929,Fantasia
ts74929,Romance
ts74929,Europeu
tm300713,Ação
ts38772,Comédia
ts38772,Drama
tm240895,Drama
ts52943,Comédia
ts52943,Drama
ts52943,Animação
tm275800,Drama
tm275800,Romance
tm275800,Europeu
ts86831,Comédia
ts86831,Drama
tm276430,Comédia
tm276430,Família
ts87884,Drama
tm335263,Comédia
tm224377,Comédia
tm224377,Ação
tm224377,Drama
tm224377,História
tm224377,Guerra
tm242755,Comédia
tm242755,Drama
tm242755,Família
tm242755,Música
ts53076,Crime
ts53076,Ação
tm241998,Ação
tm241998,Drama
tm241998,História
tm241998,Romance
ts52988,Documentário
ts52988,Drama
ts52988,Europeu
tm208628,Drama
tm208628,Família
tm208628,Romance
tm208628,Comédia
ts41260,Comédia
ts41260,Drama
ts41260,Romance
ts42089,Comédia
ts42089,Drama
ts42089,Família
ts42089,Romance
tm242646,Drama
tm242646,Crime
tm242646,Suspense
tm242646,Ação
tm242646,Europeu
ts38717,Comédia
ts38717,Drama
ts38717,Romance
ts87465,Documentário
ts87465,Crime
ts87465,História
ts87465,Drama
ts87465,Fantasia
ts87465,Europeu
tm242687,Suspense
tm242687,Drama
tm242687,Guerra
tm242687,Europeu
tm208713,Drama
tm208713,Ação
tm208713,Crime
tm208713,Comédia
tm220317,Comédia
tm220317,Documentário
tm421855,Família
tm421855,Reality Show
ts21979,Crime
ts21979,Comédia
ts21979,Drama
ts21979,Europeu
tm267948,Drama
tm267948,Europeu
ts42011,Reality Show
tm219817,Suspense
tm219817,Drama
tm219817,Crime
tm201365,Família
tm201365,Ação
tm201365,Drama
tm201365,Esporte
tm281182,Comédia
tm281182,Documentário
ts36741,Drama
ts36741,Crime
ts57705,Drama
ts57705,Crime
ts57705,Ação
tm233843,Drama
tm233843,Romance
tm233843,Comédia
tm211461,Drama
tm211461,Europeu
ts42347,Família
ts42347,Animação
tm199987,Comédia
tm232710,Drama
tm232710,Romance
tm232710,Família
tm232710,Documentário
tm232710,Esporte
tm244638,Suspense
tm451222,Suspense
tm195870,Comédia
tm195870,Drama
tm195870,Suspense
ts83535,Família
ts83535,Animação
tm221883,Ação
ts127430,Animação
ts127430,Família
tm239635,Comédia
tm198496,Comédia
tm245102,Drama
tm245102,Suspense
tm245102,Europeu
tm215054,Comédia
tm215054,Documentário
tm271839,Comédia
tm245297,Música
tm245297,Documentário
tm266629,Comédia
ts42218,Ação
ts42218,Drama
ts42218,Romance
ts42218,Crime
tm220473,Comédia
tm245148,Comédia
tm245148,Documentário
tm274053,Documentário
tm274053,Comédia
tm274053,Drama
tm239762,Documentário
tm197503,Romance
tm197503,Drama
tm197503,Comédia
tm201906,Drama
tm201906,Europeu
ts38769,Comédia
tm233344,Drama
tm233344,Romance
tm233344,Comédia
tm233344,Família
tm240162,Drama
tm240162,Ação
tm240162,Crime
tm211478,Drama
tm211478,Comédia
tm211478,Romance
ts41294,Ação
ts41294,Drama
tm244758,Comédia
tm321189,Documentário
ts41485,Drama
ts41485,Ação
ts41485,Ficção Científica
ts41485,Crime
ts41485,Suspense
tm245722,Comédia
tm245722,Drama
ts53543,Drama
ts53543,Comédia
ts53543,Fantasia
ts53543,Música
tm282915,Ação
tm282915,Fantasia
tm282915,Animação
ts53149,Drama
ts83224,Comédia
tm232931,Comédia
tm227922,Comédia
tm227922,Documentário
ts74917,Documentário
tm272854,Ação
tm272854,Crime
tm272854,Suspense
tm233015,Romance
tm233015,Drama
tm139590,Comédia
tm139590,Drama
tm139590,Romance
tm242422,Suspense
tm242422,Drama
tm242422,Crime
tm242422,Europeu
tm252245,Documentário
tm252245,Guerra
tm193211,Drama
tm193211,Comédia
tm193211,Romance
tm193211,Documentário
tm193211,Europeu
tm270555,Documentário
tm270555,Europeu
tm236999,Romance
tm236999,Comédia
tm236999,Drama
tm236999,Europeu
ts224440,Documentário
ts42155,Comédia
ts42155,Ficção Científica
ts42155,Animação
ts42155,Família
ts42155,Fantasia
tm233570,Ação
tm233570,Comédia
tm233570,Drama
ts55556,Drama
ts55556,Guerra
tm233023,Comédia
tm233023,Documentário
ts41151,Drama
tm193388,Drama
tm193388,Comédia
tm234466,Drama
tm234466,Suspense
tm234466,Romance
tm234466,Família
tm376111,Drama
tm239769,Documentário
ts82582,Drama
ts82582,Ação
ts43341,Drama
ts43341,Documentário
ts43341,Comédia
tm540757,Drama
tm207668,Música
tm207668,Drama
ts54010,Comédia
ts54010,Drama
ts54010,Fantasia
ts54010,Romance
tm228839,Ação
tm228839,Comédia
tm228839,Drama
tm233366,Suspense
tm233366,Drama
tm230524,Drama
tm230524,Comédia
tm230524,História
tm233157,Animação
tm233157,Família
tm233157,Fantasia
tm233157,Comédia
tm245042,Drama
tm245042,Esporte
ts55223,Documentário
tm239947,Suspense
tm239947,Drama
tm315345,Documentário
tm315345,Suspense
tm315345,Guerra
tm315345,Crime
tm315345,Drama
tm239774,Música
tm239774,Drama
tm270982,Drama
tm270982,Europeu
tm238829,Ação
tm238829,Animação
tm238829,Comédia
tm238829,Família
tm233196,Família
tm246056,Comédia
tm246056,Música
tm311494,Comédia
tm311494,Romance
tm311494,Drama
tm311494,Europeu
tm244635,Drama
tm227044,Comédia
tm227044,Romance
tm227044,Drama
ts75897,Ação
ts75897,Animação
ts75897,Fantasia
tm246579,Drama
tm246579,Comédia
ts81898,Animação
ts81898,Comédia
ts81898,Família
ts81898,Fantasia
ts84398,Drama
ts84398,Romance
ts84398,Comédia
tm244868,Drama
tm244868,Ação
tm244868,Guerra
tm245155,Suspense
tm245155,Ação
tm245155,Ficção Científica
tm245155,Fantasia
tm245155,Família
tm245155,Europeu
ts52825,Drama
ts52825,História
ts52825,Romance
ts54022,Reality Show
ts54022,Drama
tm245293,Drama
tm245293,Comédia
tm456667,Ação
tm232832,Drama
tm232832,Europeu
ts51367,Ação
ts51367,Drama
ts51367,Comédia
ts51367,Crime
tm239933,História
tm239933,Suspense
tm239933,Drama
ts53346,Reality Show
tm228657,Animação
tm228657,Comédia
tm228657,Fantasia
tm228657,Ficção Científica
tm247644,Comédia
tm247644,Europeu
tm212968,Comédia
tm212968,Drama
tm211424,Comédia
tm211424,Drama
tm211424,Família
tm211424,Fantasia
tm211424,Suspense
ts35505,Comédia
ts35505,Drama
ts35505,Europeu
ts78442,Documentário
ts43258,Drama
tm230927,Comédia
tm244577,Comédia
tm244577,Romance
tm244577,Drama
tm227523,Drama
tm227523,Romance
tm227523,Esporte
tm227523,Suspense
ts82327,Animação
ts82327,Ficção Científica
ts82327,Comédia
ts82327,Família
tm230426,Comédia
tm230426,Família
ts248736,Drama
tm240728,Comédia
tm240728,Documentário
tm283938,Comédia
tm283938,Ação
tm283938,Romance
tm283938,Europeu
ts55966,Animação
tm236705,Comédia
tm244923,Drama
tm244923,Suspense
tm244923,Guerra
tm266622,Comédia
tm134052,Comédia
tm134052,Drama
tm246543,Drama
tm246543,Comédia
tm246543,Europeu
ts53065,Ficção Científica
ts53065,Drama
ts53065,Fantasia
tm272484,Comédia
tm252609,Romance
tm252609,Drama
tm234064,Romance
tm234064,Drama
tm234064,Comédia
tm234064,Europeu
tm240733,Drama
tm240733,Comédia
tm240733,Europeu
tm230478,Comédia
tm267419,Comédia
tm267419,Documentário
tm232930,Comédia
tm149212,Drama
tm149212,Europeu
tm149212,Romance
tm149212,Família
tm149212,Documentário
tm243931,Documentário
tm243931,Família
tm307997,Ação
tm307997,Comédia
tm307997,Europeu
tm235227,Documentário
tm219699,Suspense
tm219699,Ação
tm219699,Drama
tm219699,Crime
tm219699,Terror
tm219699,Europeu
ts285233,Ficção Científica
ts285233,Drama
tm234136,Ação
tm234136,Ficção Científica
tm234136,Suspense
tm234136,Europeu
tm239764,Comédia
tm225675,Comédia
tm244380,Romance
tm244380,Drama
tm526163,Animação
tm526163,Comédia
tm526163,Drama
ts54117,Animação
ts54117,Família
ts54117,Fantasia
tm244079,Comédia
tm263743,Suspense
tm263743,Terror
tm246485,Terror
tm246485,Suspense
tm246485,Crime
tm246485,Drama
tm267017,Comédia
tm267017,Drama
tm267017,Romance
tm267017,Europeu
tm224255,Ação
tm224255,Drama
tm224255,Suspense
tm224255,Crime
ts38812,Documentário
ts38812,Reality Show
tm234292,Drama
tm238717,Romance
tm238717,Comédia
ts38813,Ação
ts38813,Família
ts38813,Animação
ts38813,Comédia
tm271974,Família
tm271974,Animação
tm271974,Comédia
tm271974,Fantasia
tm271974,Europeu
tm193378,Comédia
tm193378,Documentário
tm201855,Comédia
tm201855,Romance
tm201855,Drama
ts21876,Drama
ts21876,Romance
tm232267,Comédia
tm272012,Suspense
tm272012,Animação
tm272012,Família
tm217986,Comédia
tm217986,Drama
tm215911,Terror
tm215911,Suspense
tm215911,Fantasia
tm327551,Documentário
tm327551,Europeu
tm238486,Comédia
tm238486,Documentário
tm295349,Comédia
tm233648,Comédia
tm286268,Documentário
tm214589,Romance
tm214589,Drama
tm214589,Música
tm811691,Família
tm375681,Suspense
tm375681,Drama
tm375681,Crime
tm375681,Ação
tm316567,Ação
tm316567,Drama
tm218683,Comédia
tm218683,Suspense
tm243070,Drama
tm247444,Comédia
tm224275,Drama
tm66466,Suspense
tm66466,Crime
tm66466,Drama
tm66466,Ação
tm340927,Animação
tm340927,Ação
tm340927,Comédia
tm219739,Romance
tm219739,Drama
tm231911,Romance
tm231911,Drama
tm242002,Comédia
ts81027,Drama
tm554110,Drama
tm554110,Suspense
tm211273,Comédia
ts83449,Família
tm273933,Comédia
tm273933,Música
ts83450,Suspense
ts83450,Crime
ts83450,Drama
ts53017,Drama
ts53017,Romance
tm549892,Suspense
tm549892,Drama
tm549892,Ficção Científica
tm528287,Animação
tm317850,Comédia
tm494288,Comédia
tm494288,Crime
tm452046,Comédia
tm207734,Comédia
tm207734,Documentário
ts52950,Comédia
ts52950,Drama
tm244842,Drama
ts83454,Drama
tm350159,Drama
tm226320,Comédia
tm226320,Ação
tm226320,Drama
tm279828,Romance
tm319354,Animação
tm319354,Comédia
tm319354,Ação
tm275726,Comédia
tm311456,Comédia
tm350374,Suspense
tm350374,Drama
tm296203,Comédia
tm296203,Romance
tm296203,Família
tm235232,Ação
tm235232,Comédia
tm235232,Romance
tm234773,Documentário
tm243849,Documentário
tm257141,Comédia
tm234069,Comédia
tm278279,Documentário
tm232947,Comédia
tm290157,Documentário
tm290157,Esporte
tm247396,Documentário
tm246810,Comédia
tm246810,Ação
tm246810,Crime
tm246810,Drama
tm239078,Drama
tm239078,Esporte
tm562821,Terror
tm562821,Suspense
tm562821,Comédia
tm282988,Comédia
tm282988,Europeu
tm215265,Comédia
tm211571,Comédia
tm211571,Drama
tm211571,Ação
tm242906,Drama
ts253685,Drama
tm368725,Romance
tm368725,Europeu
tm368725,Comédia
tm1223831,Animação
tm1223831,Ação
tm1223831,Comédia
tm203056,Comédia
tm203056,Romance
tm203056,Drama
tm203056,Fantasia
tm233463,Comédia
tm233463,Família
tm233463,Romance
tm233463,Drama
tm233463,Fantasia
tm313374,Comédia
tm313374,Documentário
tm313374,Europeu
tm283909,Comédia
tm235005,Suspense
tm235005,Ação
tm235005,Drama
tm533845,Documentário
tm267112,Suspense
tm267112,Europeu
tm247767,Romance
tm247767,Comédia
tm247767,Drama
tm198842,Comédia
tm232855,Drama
tm232855,Comédia
ts91990,Documentário
tm421214,Documentário
tm350044,Documentário
tm424879,Ação
tm424879,Drama
ts53513,Ficção Científica
ts53513,Drama
tm245050,Drama
tm245050,Comédia
tm247159,Comédia
tm247159,Romance
tm247159,Drama
tm244041,Comédia
tm407961,Drama
tm407961,Crime
tm225416,Comédia
ts82475,Drama
ts82475,Família
tm198786,Drama
tm198786,Romance
tm198786,Comédia
ts249161,Drama
ts249161,Música
ts107658,Ação
ts107658,Crime
ts107658,Drama
tm232090,Documentário
tm571645,Comédia
tm350727,Drama
tm350727,Ação
tm350727,Crime
tm350727,Esporte
tm350727,Suspense
tm212909,Comédia
tm212909,Drama
tm212909,Romance
tm233121,Comédia
tm233121,Família
tm272666,Drama
tm272666,Romance
ts56544,Drama
ts56544,Comédia
tm245791,Comédia
tm245791,Drama
tm271333,Comédia
tm271333,Romance
tm409220,Suspense
tm409220,Comédia
tm409220,Crime
tm421382,Drama
tm234735,Drama
tm234735,Animação
tm234735,Família
tm234735,Música
ts77795,Comédia
ts56683,Crime
ts56683,Drama
ts56683,Suspense
tm312676,Drama
ts53864,Drama
ts53864,Crime
ts53864,Suspense
tm239091,Ficção Científica
tm239091,Ação
tm239091,Drama
tm239091,Suspense
ts55668,Ficção Científica
ts55668,Crime
ts55668,Drama
ts55668,Suspense
tm313149,Drama
tm313149,Ação
tm313149,Guerra
tm313149,História
tm244208,Terror
tm244208,Fantasia
tm244208,Suspense
ts81064,Drama
ts81064,Ficção Científica
ts81064,Fantasia
ts81064,Terror
ts81294,Drama
ts81294,Suspense
ts81294,Ficção Científica
ts53023,Crime
ts53023,Drama
ts53023,Suspense
ts53023,Romance
tm244259,Suspense
tm244259,Crime
tm244259,Drama
tm244259,Faroeste
tm310953,Ficção Científica
tm310953,Fantasia
tm310953,Comédia
tm310953,Drama
tm232797,Drama
tm232797,Guerra
tm232797,Ação
tm232797,Suspense
tm232797,História
tm232797,Europeu
ts78801,Ação
ts78801,Drama
ts78801,Esporte
ts78801,Comédia
tm366889,Comédia
tm366889,Drama
tm366889,Documentário
ts42405,Drama
ts42405,Crime
ts42405,Suspense
tm315174,Drama
tm315174,Romance
ts56768,Suspense
ts56768,Ação
ts56768,Crime
ts56768,Drama
ts56768,Europeu
ts83970,Drama
ts83970,Esporte
ts79813,Crime
ts79813,Drama
ts79813,Suspense
ts79813,Romance
tm315344,Drama
tm315344,Crime
tm315344,Esporte
tm318206,Suspense
tm318206,Crime
tm318206,Drama
tm318206,Ação
ts77398,Drama
ts77398,Ficção Científica
ts77398,Ação
ts77398,Suspense
ts77398,Família
ts81884,Guerra
ts81884,Drama
ts81884,Suspense
ts81884,Crime
ts81884,Europeu
ts82584,Ação
ts82584,Comédia
ts82584,Drama
ts82584,Ficção Científica
ts82584,Família
ts82584,Fantasia
ts82584,Animação
ts74816,Crime
ts74816,Comédia
ts74816,Drama
ts75151,Drama
ts75151,Faroeste
ts75151,Documentário
ts75151,Ação
ts75151,Crime
ts77955,Documentário
ts58133,Crime
ts58133,Drama
ts58133,Suspense
ts58433,Suspense
ts58433,Drama
ts58433,Terror
tm266714,Ação
tm266714,Comédia
tm266714,Crime
tm425889,Faroeste
tm425889,Comédia
tm425889,Drama
tm425889,Romance
ts42477,Drama
ts42477,Suspense
ts42477,Crime
ts42477,História
ts42477,Europeu
ts54102,Ficção Científica
ts54102,Suspense
ts54102,Ação
ts54102,Drama
ts56261,Animação
ts56261,Drama
ts56261,Fantasia
ts56261,Terror
ts56261,Ação
ts84785,Crime
ts84785,Drama
tm244220,Drama
tm244220,História
tm244220,Guerra
tm244220,Suspense
tm244220,Família
ts57465,Drama
tm367185,Documentário
ts57120,Drama
ts57120,Crime
ts57120,Comédia
ts57850,Ficção Científica
ts57850,Ação
ts57850,Comédia
ts57850,Crime
ts57850,Fantasia
ts57850,Suspense
ts74823,Comédia
ts53663,Comédia
ts53663,Drama
ts75097,Ficção Científica
ts75097,Comédia
ts75097,Drama
ts79229,Crime
ts79229,Documentário
tm287684,Suspense
tm287684,Terror
ts55982,Drama
ts55982,Família
tm244174,Ficção Científica
tm244174,Fantasia
tm244174,Ação
tm244174,Drama
ts76243,Drama
ts76243,Comédia
ts76243,Romance
ts76243,Suspense
ts76243,Crime
ts77852,Comédia
ts77852,Animação
ts77852,Família
ts77852,Fantasia
ts77852,Romance
ts56969,Comédia
ts56969,Drama
tm288010,Ação
tm288010,Drama
tm288010,Suspense
ts39015,Drama
ts39015,Ação
ts39015,Comédia
ts39015,Família
ts81208,Drama
ts81208,Ficção Científica
ts81208,Fantasia
tm300280,Música
tm300280,Documentário
tm244364,Suspense
tm244364,Drama
tm244364,Terror
ts58155,Drama
ts58155,Crime
ts58155,História
ts58155,Suspense
ts269185,Crime
ts269185,Documentário
ts53198,Comédia
ts53198,Drama
tm359978,Suspense
tm359978,Terror
tm359978,Ficção Científica
tm414073,Crime
tm414073,Ação
tm414073,Drama
tm414073,Suspense
ts84328,Ficção Científica
ts84328,Família
ts84328,Fantasia
ts84328,Drama
ts53545,Comédia
ts53545,Terror
ts58367,Drama
ts58367,Suspense
ts58367,Crime
ts58367,Europeu
ts55798,Crime
ts55798,Drama
ts55798,Suspense
ts55798,Romance
ts55798,Ficção Científica
ts55798,Comédia
tm412550,Romance
tm412550,Comédia
tm299741,Drama
tm299741,Suspense
tm299741,Crime
tm239286,Terror
tm239286,Suspense
tm239286,Ficção Científica
tm239286,Drama
tm239286,Ação
tm272060,Ficção Científica
tm272060,Suspense
tm272060,Drama
tm272060,Ação
tm272060,Crime
tm272060,Fantasia
ts241248,Animação
ts241248,Comédia
ts241248,Família
tm266666,Terror
tm266666,Suspense
tm266666,Drama
tm288499,Drama
tm288499,Europeu
tm370212,Ação
tm370212,Suspense
tm370212,Romance
tm370212,Drama
tm370212,Europeu
tm244191,Drama
tm244191,Documentário
tm244191,Suspense
tm244191,Guerra
ts72247,Ficção Científica
ts72247,Comédia
ts72247,Fantasia
ts72247,Animação
ts72247,Ação
ts75879,Comédia
ts75879,Animação
ts75879,Romance
tm350379,Suspense
tm350379,Terror
tm350379,Drama
tm350379,Europeu
ts74809,Ação
ts74809,Drama
ts74809,História
ts55720,Drama
ts55720,Comédia
ts55720,Esporte
ts55720,Reality Show
tm350,Drama
tm350,Terror
tm350,Ficção Científica
tm350,Romance
tm350,Ação
ts312241,Ficção Científica
ts312241,Terror
tm320570,Comédia
tm320570,Drama
ts52821,Animação
ts52821,Família
ts52821,Fantasia
ts52821,Ação
ts52821,Drama
tm357589,Drama
tm357589,História
tm357589,Romance
tm357589,Guerra
ts82189,Drama
ts82189,Animação
ts82189,Ação
ts82189,Crime
ts82189,Esporte
tm233482,Ação
tm233482,Suspense
tm233482,Crime
tm233482,Drama
tm233482,Europeu
tm320281,Música
tm320281,Documentário
tm319818,Ação
tm319818,Drama
tm319818,História
tm319818,Guerra
tm414887,Drama
tm414887,Romance
tm414887,Comédia
ts82849,Drama
ts82849,Comédia
ts55781,Drama
ts55781,Crime
ts55781,Suspense
ts55781,Terror
ts55781,Europeu
ts78305,Suspense
ts78305,Drama
ts78305,Crime
ts56648,Documentário
ts56648,Suspense
ts56648,Crime
ts56648,Ação
ts56648,Drama
ts42294,Drama
ts42294,Suspense
tm374132,Suspense
tm374132,Drama
tm374132,Ficção Científica
tm374132,Terror
tm280828,Comédia
tm280828,Terror
ts54054,Drama
ts54054,Suspense
ts54054,Comédia
ts54054,Crime
ts77518,Animação
ts77518,Romance
ts77518,Comédia
ts82526,Drama
ts82526,Crime
ts57055,Ação
ts57055,Ficção Científica
ts57055,Drama
ts84574,Documentário
tm371380,Comédia
tm371380,Drama
tm371380,Suspense
tm244197,Ficção Científica
tm244197,Suspense
tm244197,Drama
tm420348,Suspense
tm420348,Terror
tm420348,Drama
ts77563,Ficção Científica
ts77563,Comédia
ts77563,Drama
ts77563,Terror
ts77563,Suspense
ts76458,Crime
ts76458,Drama
ts76458,Suspense
ts77197,Crime
ts77197,Drama
ts78558,Reality Show
ts76869,Animação
ts76869,Ficção Científica
ts76869,Drama
ts76869,Fantasia
ts76869,Romance
ts84280,Comédia
ts84280,Suspense
ts84280,Animação
ts84280,Fantasia
ts84280,Romance
ts84280,Drama
tm435086,Ficção Científica
tm435086,Suspense
tm435086,Drama
tm435086,Europeu
tm414285,Crime
tm414285,Documentário
tm414285,Suspense
tm414285,Drama
tm244206,Comédia
tm244206,Drama
ts79926,Comédia
tm273294,Drama
tm273294,Suspense
tm273294,Crime
tm273294,Comédia
tm273294,Europeu
tm280060,Comédia
ts76865,Animação
ts76865,Ação
ts76865,Ficção Científica
ts76865,Drama
ts76865,Fantasia
ts76865,Terror
tm226948,Drama
tm226948,Fantasia
ts83999,Animação
ts83999,Família
ts83999,Ficção Científica
ts83999,Drama
ts83999,Fantasia
ts83999,Comédia
tm371900,Suspense
tm371900,Drama
tm271951,Suspense
tm271951,Drama
tm271951,Terror
tm271951,Fantasia
tm244332,Suspense
tm244332,Drama
tm244332,Ação
tm244332,Crime
tm410435,Comédia
tm410435,Romance
tm410435,Drama
ts78430,Suspense
ts78430,Drama
ts78430,Crime
ts82228,Comédia
ts82228,Animação
ts82228,Ação
ts82228,Fantasia
ts58025,Animação
ts58025,Comédia
ts58025,Família
ts58025,Fantasia
ts82597,Ação
ts82597,Ficção Científica
ts82597,Animação
ts82597,Família
ts82597,Fantasia
ts82597,Suspense
ts82597,Drama
tm362881,Fantasia
tm362881,Animação
tm362881,Drama
tm362881,Família
ts87369,Documentário
tm221953,Fantasia
tm221953,Drama
tm221953,Ação
tm227940,Terror
tm227940,Suspense
tm227940,Drama
tm311815,Documentário
tm311815,Suspense
tm311815,Esporte
ts55645,Guerra
ts55645,Documentário
ts55645,História
ts81331,Ficção Científica
ts81331,Animação
ts81331,Comédia
ts81331,Fantasia
ts81331,Família
ts81331,Ação
ts81331,Drama
tm362098,Drama
tm362098,Suspense
tm362098,Europeu
ts80856,Suspense
ts80856,Ficção Científica
ts80856,Drama
ts80856,Fantasia
ts80856,Terror
tm317542,Terror
tm317542,Drama
tm317542,Documentário
tm317542,Crime
tm317542,Suspense
tm313683,Terror
tm414220,Romance
tm414220,Comédia
tm299677,Suspense
tm299677,Crime
tm299677,Terror
tm299677,Ação
tm299677,Drama
tm244325,Ficção Científica
tm244325,Suspense
tm244325,Drama
tm435916,Terror
tm435916,Suspense
tm435916,Drama
tm435916,Música
tm433228,Suspense
tm433228,História
tm433228,Romance
tm433228,Drama
tm244307,Fantasia
tm244307,Suspense
tm244307,Ficção Científica
tm244307,Crime
tm244307,Ação
ts80705,Documentário
ts80705,Crime
ts78080,Drama
ts78080,Comédia
tm346943,Drama
tm346943,Comédia
tm346943,Europeu
tm233362,Ficção Científica
tm233362,Suspense
tm233362,Romance
tm233362,Drama
ts80035,Ficção Científica
ts80035,Suspense
ts80035,Drama
ts80035,Terror
ts82560,Ação
ts82560,Documentário
tm310706,Ficção Científica
tm310706,Suspense
tm310706,Ação
tm310706,Drama
tm244233,Drama
tm244233,Suspense
tm244233,Crime
tm317566,Suspense
tm317566,Terror
tm317566,Crime
tm317566,Drama
tm422491,Suspense
tm422491,Crime
tm422491,Drama
tm422491,Ação
tm449070,Drama
tm449070,Suspense
tm449070,Ficção Científica
tm449070,Fantasia
tm315340,Ação
tm315340,Suspense
tm315340,Crime
tm307283,Drama
tm307283,Suspense
tm307283,Ficção Científica
tm307283,Terror
ts84010,Drama
ts84010,Suspense
tm366567,Fantasia
tm366567,Comédia
tm366567,Romance
ts55962,Comédia
ts55962,Drama
tm300615,Drama
tm300615,Guerra
ts56480,Ação
ts56480,Guerra
ts56480,Fantasia
ts56480,Romance
tm243326,Ficção Científica
tm243326,Suspense
tm243326,Ação
tm243326,Drama
tm243326,Crime
tm243326,Europeu
ts57424,Drama
ts57424,Crime
ts57424,Suspense
ts57424,Europeu
ts56511,Drama
ts56511,História
ts56511,Europeu
tm349803,Documentário
tm349803,Comédia
tm323634,Ficção Científica
tm323634,Suspense
tm323634,Ação
tm323634,Drama
tm323634,Família
tm316414,Terror
tm316414,Suspense
ts80523,Animação
ts80523,Comédia
ts80523,Romance
ts80523,Drama
ts80523,Música
tm434202,Terror
tm434202,Suspense
ts75772,Reality Show
ts75772,Documentário
ts75772,Comédia
ts75772,Europeu
ts121489,Drama
ts121489,Terror
ts121489,Suspense
ts77957,Documentário
ts77957,Crime
ts78452,Drama
ts78452,Animação
ts78452,Fantasia
ts78452,Suspense
ts78356,Ficção Científica
ts78356,Suspense
ts78356,Drama
ts86296,Documentário
ts86296,Esporte
tm410742,Fantasia
tm410742,Drama
tm410742,Europeu
ts79422,Reality Show
ts79422,Comédia
ts78298,Drama
ts78298,Família
ts88783,Animação
ts88783,Ação
ts88783,Comédia
ts88783,Família
ts88783,Fantasia
ts88783,Ficção Científica
tm244229,Drama
tm244229,Suspense
tm244229,Crime
tm244229,Europeu
ts56038,Comédia
ts56038,Documentário
ts57439,Faroeste
ts57439,Crime
ts57439,Drama
ts53936,Drama
ts53936,Suspense
ts53936,Crime
ts56481,Comédia
tm348993,Suspense
tm348993,Crime
tm348993,Drama
tm348993,História
tm348993,Europeu
tm427308,Drama
tm427308,Música
tm427308,Suspense
ts85895,Ficção Científica
ts85895,Drama
ts82302,Drama
ts82302,Comédia
ts82302,Suspense
tm245176,Guerra
tm245176,Ação
tm245176,Drama
ts82281,Ação
ts82281,Comédia
ts82281,Animação
ts82281,Ficção Científica
ts81344,Documentário
tm240076,Drama
tm240076,Suspense
tm240076,Crime
ts77525,Documentário
ts77525,Comédia
ts77525,História
tm298084,Drama
tm298084,Romance
tm298084,Fantasia
tm423436,Drama
tm423436,Europeu
ts85568,Crime
ts85568,Drama
ts85568,Suspense
ts77474,Drama
ts77474,História
ts77474,Romance
ts77474,Guerra
ts77474,Ação
tm368449,Comédia
tm368449,Drama
tm433381,Fantasia
tm433381,Suspense
tm433381,Drama
tm433381,Romance
tm433381,Europeu
tm349278,Drama
tm349278,Ficção Científica
tm349278,Terror
tm349278,Suspense
tm349278,Ação
tm363488,Documentário
tm315424,Crime
tm315424,Comédia
ts57303,Comédia
ts57303,Drama
tm310899,Drama
tm310899,História
ts56594,Comédia
ts76313,Drama
ts76313,Comédia
tm417496,Comédia
tm417496,Drama
tm352588,Ficção Científica
tm352588,Suspense
tm352588,Terror
ts79660,Ficção Científica
ts79660,Suspense
ts79660,Família
ts79660,Fantasia
ts79660,Ação
ts79660,Crime
ts79660,Drama
ts79660,História
ts79660,Terror
tm314477,Drama
tm314477,Comédia
tm314477,Fantasia
tm314477,Europeu
ts75263,Crime
ts75263,Documentário
ts75263,Drama
ts75263,Fantasia
tm368241,Comédia
tm368241,Drama
tm368241,Romance
tm503797,Documentário
tm244175,Guerra
tm244175,Drama
tm244175,História
tm321224,Comédia
tm321224,Ação
ts90596,Fantasia
ts90596,Animação
ts90596,Comédia
ts90596,Família
tm416105,Comédia
tm285107,Drama
tm285107,História
tm319882,Comédia
tm319882,Romance
tm319882,Drama
tm420274,Comédia
tm420274,Documentário
tm233294,Drama
tm233294,Comédia
tm233294,Guerra
tm320255,Comédia
tm320255,Drama
tm320255,Crime
tm320255,Suspense
ts83745,Comédia
ts57814,Drama
ts57814,Suspense
ts57814,Ação
ts57814,Animação
ts85810,Drama
ts85810,Ação
ts85810,Crime
ts85810,Romance
ts85810,Suspense
tm412623,Comédia
tm412623,Romance
ts84904,Ficção Científica
ts84904,Drama
ts84904,Fantasia
ts84904,Crime
tm374313,Suspense
ts41527,Drama
ts41527,Suspense
tm411311,Drama
tm411311,Crime
tm411311,História
tm368040,Ficção Científica
tm368040,Suspense
tm368040,Fantasia
tm368040,Drama
tm368040,Romance
tm324155,Suspense
tm324155,Ação
tm324155,Crime
tm324155,Europeu
ts84533,Ação
ts84533,Animação
ts84533,Ficção Científica
tm244148,Ação
tm244148,Drama
tm244148,Fantasia
ts55231,Documentário
tm363248,Comédia
ts57082,Comédia
ts57082,Europeu
tm420745,Ficção Científica
tm420745,Suspense
tm420745,Ação
tm420745,Drama
tm217228,Terror
tm217228,Suspense
tm217228,Crime
tm217228,Fantasia
tm217228,Drama
tm217228,Ação
ts83455,Drama
ts79234,Ação
ts79234,Fantasia
ts79234,Animação
ts79234,Comédia
ts79234,Família
tm426274,Comédia
tm426274,Terror
tm426274,Música
tm363103,Documentário
tm363103,História
tm139885,Drama
tm139885,Europeu
ts84056,Drama
tm244317,Drama
tm219259,Comédia
tm219259,Esporte
ts86169,Documentário
ts86169,Crime
ts57947,Crime
ts57947,Drama
ts57947,Suspense
ts57947,Europeu
ts113109,Animação
ts56670,Documentário
tm370232,Drama
tm431347,Documentário
tm211554,Ficção Científica
tm211554,Suspense
tm211554,Ação
tm211554,Terror
ts75164,Comédia
ts75164,Família
ts75164,Animação
ts75164,Música
ts57210,Drama
tm292837,Terror
tm292837,Suspense
tm292837,Comédia
tm292837,Fantasia
tm292837,Europeu
ts81542,Comédia
ts81542,Ficção Científica
ts81542,Animação
ts81542,Drama
ts81542,Família
tm351101,Drama
tm351101,Fantasia
tm351101,Terror
tm351101,Suspense
tm351101,Europeu
tm328443,Ação
tm328443,Suspense
tm328443,Drama
tm328443,Ficção Científica
tm367065,Documentário
tm281935,Comédia
ts79157,Ficção Científica
ts79157,Terror
ts79157,Crime
ts79157,Suspense
ts79157,Ação
ts79157,Fantasia
ts79157,Animação
ts79157,Drama
ts57964,Família
ts57964,Animação
ts57964,Comédia
ts57964,Terror
ts57964,Fantasia
tm439484,Suspense
tm439484,Terror
tm439484,Drama
tm439484,Comédia
ts84930,Comédia
ts84930,Romance
tm306301,Suspense
tm306301,Terror
tm139545,Drama
tm139545,Ação
tm139545,Crime
tm139545,Suspense
ts83906,Reality Show
tm374454,Drama
tm374454,Esporte
ts78382,Comédia
ts78382,Drama
ts80519,Animação
ts80519,Ação
ts80519,Comédia
ts80519,Família
ts80519,Drama
ts80519,Música
ts80519,Romance
ts80519,Suspense
ts80519,Ficção Científica
tm423373,Suspense
tm423373,Drama
tm423373,Comédia
tm423373,Crime
tm423373,Música
tm349800,Drama
tm349800,Comédia
tm349800,Fantasia
ts77600,Comédia
tm284015,Drama
ts83540,Comédia
ts83540,Animação
ts83540,Ação
ts83540,Crime
ts56201,Ação
ts56201,Fantasia
ts56201,Ficção Científica
ts56201,Animação
ts56201,Comédia
ts56201,Família
tm289181,Romance
tm289181,Drama
tm312767,Família
tm312767,Animação
tm312767,Fantasia
tm436470,Suspense
tm436470,Terror
ts55491,Drama
ts55491,Suspense
ts55491,Ficção Científica
ts84243,Drama
ts57822,Comédia
ts57822,Crime
ts79020,Documentário
ts79020,História
ts79020,Guerra
ts84779,Documentário
ts84779,Terror
ts84779,Reality Show
tm411415,Documentário
tm411415,Música
ts83561,Ficção Científica
ts83561,Ação
ts83561,Drama
ts83561,Fantasia
ts83561,Suspense
ts83561,Música
tm370392,Comédia
tm300184,Ficção Científica
tm300184,Ação
tm300184,Crime
tm300184,Suspense
ts58225,Comédia
tm414962,Suspense
tm414962,Terror
ts55581,Drama
ts55581,Comédia
ts55581,Fantasia
ts55581,Romance
tm370436,Comédia
ts81318,Guerra
ts81318,Drama
ts81318,Ação
ts56718,Drama
ts56718,Ação
ts56718,Crime
ts56718,História
ts89130,Suspense
ts89130,Drama
ts89130,Ficção Científica
ts89130,Fantasia
ts89130,Romance
tm307910,Documentário
ts82218,Comédia
ts82218,Animação
ts82218,Ação
ts82218,Romance
tm321596,Comédia
tm351214,Documentário
tm351214,Esporte
tm351214,Crime
tm324870,Comédia
tm324870,Drama
tm406111,Ação
tm406111,Comédia
ts81918,Reality Show
ts85686,Reality Show
ts85686,Documentário
tm298339,Drama
tm298339,Comédia
tm298339,Esporte
tm298339,Europeu
tm245937,Comédia
tm464542,Drama
tm356742,Fantasia
tm356742,Comédia
tm356742,Família
tm356742,Romance
tm356742,Animação
tm351216,Documentário
ts83360,Drama
ts83360,Crime
ts83360,Suspense
ts83360,Terror
ts83360,Comédia
tm298846,Romance
tm298846,Comédia
tm414709,Romance
tm414709,Suspense
tm414709,Crime
tm414709,Europeu
ts79045,Documentário
tm367250,Drama
tm367250,Guerra
tm367250,Europeu
tm411507,Comédia
ts39016,Comédia
ts75749,Drama
ts75749,Comédia
ts75749,Romance
ts76486,Drama
ts76486,Romance
tm327199,Crime
tm327199,Ação
tm409766,Suspense
ts79026,Ficção Científica
ts79026,Drama
ts79026,Terror
ts79026,Romance
ts79026,Suspense
ts87043,Animação
ts87043,Comédia
ts87043,Família
ts87043,Ficção Científica
ts87043,Ação
ts55194,Comédia
ts82892,Documentário
ts82892,Crime
tm420797,Romance
tm420797,Comédia
tm420797,Drama
tm438502,Documentário
tm438502,Europeu
tm411958,Comédia
tm411958,Romance
tm322243,Suspense
tm322243,Crime
tm322243,Drama
tm322243,Ação
tm322243,História
tm322243,Terror
tm322243,Romance
ts75355,Drama
ts75355,Ação
ts75355,Crime
ts75355,Europeu
tm305437,Animação
tm305437,Comédia
tm305437,Família
tm305437,Fantasia
tm305437,Suspense
ts76417,Drama
ts76417,Terror
ts76417,Suspense
ts76417,Europeu
ts57080,Ação
ts57080,Animação
ts57080,Família
ts57080,Faroeste
ts57080,Comédia
ts57080,Drama
ts57080,Documentário
ts53367,Ficção Científica
ts53367,Animação
ts53367,Comédia
ts53367,Ação
ts53367,Drama
ts53367,Família
ts53367,Fantasia
tm312577,Fantasia
tm312577,Ficção Científica
tm312577,Ação
tm413049,Suspense
tm413049,Fantasia
tm413049,Drama
tm413049,Ação
tm413049,Ficção Científica
tm413049,Comédia
ts81885,Drama
ts81885,Comédia
ts81885,Crime
ts81885,Documentário
ts80617,Ação
ts80617,Fantasia
ts80617,Ficção Científica
ts80617,Drama
tm346467,Ação
tm346467,Crime
tm346467,Suspense
ts77787,Comédia
ts77787,Animação
ts53101,Crime
ts53101,Suspense
ts53101,Ação
tm299790,Comédia
tm219258,Drama
tm219258,Europeu
ts85034,Comédia
tm266652,Fantasia
tm266652,Ação
ts82372,Animação
ts82372,Comédia
ts82372,Ação
ts82372,Família
ts83232,Drama
ts83232,Crime
ts83232,Suspense
tm244368,Suspense
tm244368,Romance
tm244368,Drama
tm244368,Crime
ts77799,Documentário
ts86814,Crime
ts86814,Documentário
tm419733,Suspense
tm419733,Drama
tm352774,Documentário
tm352774,Crime
tm352774,Drama
tm406881,Comédia
tm406881,Música
tm406881,Documentário
ts80720,Comédia
ts80720,Drama
ts80720,Ação
ts80720,Animação
ts80720,Fantasia
ts80720,Romance
tm317110,Fantasia
tm317110,Ação
tm317110,Comédia
ts78507,Comédia
ts78507,Drama
ts90994,Animação
tm437608,Comédia
tm437608,Música
ts85175,Drama
ts85175,Suspense
ts85175,Crime
ts85175,Fantasia
ts85175,Terror
tm407827,Drama
tm407827,Europeu
tm326723,Comédia
tm326723,Música
tm326723,Drama
ts81757,Comédia
ts81757,Drama
tm241990,Ficção Científica
tm241990,Animação
tm241990,Ação
tm241990,Drama
tm241990,Suspense
tm285356,Guerra
tm285356,Drama
tm285356,História
ts75157,Animação
ts75157,Família
ts75157,Fantasia
tm324820,Ficção Científica
tm324820,Comédia
tm324820,Suspense
tm324820,Animação
tm324820,Ação
tm324820,Europeu
ts53693,Ficção Científica
ts53693,Família
ts53693,Fantasia
ts53693,Europeu
ts85138,Documentário
ts85138,Reality Show
ts85138,História
ts83251,Reality Show
ts83251,Comédia
ts55348,Drama
ts55348,Reality Show
ts55348,Documentário
ts55348,Esporte
tm330869,Comédia
tm330869,Crime
tm330869,Família
ts83763,Drama
ts83763,Crime
ts83763,Suspense
ts86682,Documentário
tm285340,Comédia
tm285340,Drama
ts78217,Comédia
tm270999,Drama
tm270999,Comédia
tm270999,Família
tm270999,Romance
ts85659,Ficção Científica
ts85659,Ação
ts85659,Comédia
ts85659,Família
ts85659,Fantasia
ts85659,Animação
ts77034,Comédia
ts77034,Romance
ts224746,Drama
tm349138,Documentário
tm448122,Música
tm448122,Documentário
ts58152,Drama
ts58152,História
ts83537,Crime
ts83537,Suspense
ts83537,Europeu
ts55939,Drama
ts55939,Comédia
ts55939,Reality Show
ts55939,Família
ts55939,Documentário
ts55939,Música
ts55939,Europeu
ts85968,Drama
ts85968,Música
tm315584,Ficção Científica
tm315584,Ação
tm315584,Animação
tm420334,Drama
tm420334,Comédia
ts75620,Ficção Científica
ts75620,Drama
ts75620,Ação
ts75620,Suspense
ts75620,Terror
ts75620,Crime
ts75620,Fantasia
ts75620,Romance
tm282910,Drama
tm282910,Fantasia
tm282910,Documentário
tm282910,Animação
tm282910,Romance
tm282910,Ficção Científica
tm282910,Família
ts58175,Comédia
tm425138,Ficção Científica
tm425138,Fantasia
tm425138,Terror
tm425138,Animação
tm425138,Ação
tm307515,Romance
tm307515,Drama
tm307515,Europeu
tm244519,Drama
tm244519,Ação
tm347821,Drama
ts75002,Drama
ts75002,Documentário
ts75002,Crime
ts75002,Suspense
ts75002,História
ts75002,Guerra
ts82770,Documentário
ts82770,Reality Show
tm298779,Animação
tm298779,Família
tm298779,Fantasia
tm298779,Ação
tm298779,Comédia
tm298779,Música
ts85170,Ficção Científica
ts85170,Drama
ts85170,Ação
ts85170,Suspense
ts85170,Romance
tm369179,Drama
tm369179,Romance
tm369179,Comédia
ts81734,Ação
ts75981,Documentário
ts75981,História
ts75981,Europeu
ts75477,Documentário
ts75477,Crime
ts83502,Ficção Científica
ts83502,Crime
ts83502,Drama
tm266685,Comédia
tm409618,Comédia
tm409618,Drama
tm409618,Romance
tm347530,Música
tm347530,Documentário
ts57985,Ação
ts57985,Comédia
ts57985,Drama
ts57985,Família
ts57985,Documentário
ts58297,Crime
ts58297,Comédia
ts58297,Drama
ts80959,Ação
ts80959,Drama
ts80959,Crime
ts80959,Suspense
tm313974,Documentário
tm313974,História
ts81821,Drama
ts81821,Família
ts81821,Música
tm359103,Drama
tm359103,Crime
ts78291,Crime
ts78291,Drama
ts78291,Ação
ts78291,Suspense
tm1883,Animação
tm1883,Ação
tm1883,Comédia
tm1883,Família
tm1883,Fantasia
ts81414,Drama
ts81414,Romance
ts76793,Reality Show
ts76793,Documentário
ts76793,Suspense
ts95569,Animação
ts95569,Família
ts95569,Fantasia
ts78231,Crime
ts321277,Comédia
ts83790,Comédia
ts83790,Drama
ts83790,Fantasia
ts83790,Romance
ts228255,Família
ts228255,Animação
ts90869,Drama
ts90869,Romance
tm271959,Comédia
tm318200,Documentário
tm318200,Música
ts78590,Drama
ts78590,Crime
ts78590,Suspense
tm375912,Comédia
tm407775,Drama
tm407775,Romance
tm407775,Europeu
ts236347,Ação
ts236347,Ficção Científica
ts236347,Suspense
ts236347,Animação
ts236347,Drama
ts236347,Fantasia
tm436844,Comédia
tm436844,Família
tm436844,Fantasia
tm429163,Suspense
tm429163,Drama
tm429163,História
tm429163,Guerra
tm429163,Europeu
tm308090,Documentário
ts78206,Drama
ts78206,Comédia
ts78206,Reality Show
tm427465,Música
tm427465,Documentário
ts131579,História
ts131579,Drama
ts131579,Ação
ts131579,Suspense
ts131579,Comédia
ts131579,Documentário
ts83489,Drama
ts83489,Crime
tm349529,Documentário
tm372318,Comédia
tm372318,Crime
tm372318,Europeu
ts75341,Drama
tm299761,Comédia
tm299761,Família
tm299761,Fantasia
tm299761,Europeu
ts57811,Ficção Científica
ts57811,Ação
ts57811,Animação
ts57811,Drama
ts57811,Fantasia
ts75286,Drama
ts57148,Comédia
ts83457,Animação
ts83457,Família
tm348003,Drama
tm348003,Suspense
tm348003,Ação
tm348003,Crime
tm348003,Europeu
tm219252,Drama
tm219252,Comédia
tm294581,Comédia
tm294581,Drama
tm290831,Comédia
tm425732,Drama
tm425732,Comédia
ts81526,Documentário
tm413557,Fantasia
tm413557,Animação
tm413557,Drama
tm413557,Família
ts85837,Drama
tm285295,Drama
tm285295,Romance
ts88234,Comédia
tm366019,Suspense
tm366019,Ação
tm366019,Drama
tm366019,Crime
tm350607,Fantasia
tm350607,Família
tm434917,Drama
tm434917,Romance
tm434917,Europeu
ts57464,Comédia
ts57464,Drama
tm368538,Comédia
tm368538,Europeu
tm445735,Música
tm445735,Documentário
tm427293,Suspense
tm427293,Drama
tm427293,Romance
tm427293,Esporte
tm427293,Europeu
tm353742,Suspense
tm353742,Crime
tm353742,Drama
tm353742,Europeu
tm311898,Drama
tm311898,Comédia
tm311898,Suspense
tm311898,Crime
tm326624,Documentário
tm326624,Drama
tm326624,História
tm326624,Romance
tm326624,Europeu
ts56125,Guerra
ts56125,Crime
ts56125,Drama
ts56125,Suspense
ts53399,Ficção Científica
ts53399,Drama
ts53399,Fantasia
ts53399,Romance
ts53399,Família
tm443993,Documentário
tm443993,Esporte
tm443993,Europeu
ts82445,Comédia
ts82445,Drama
ts82445,Suspense
ts82445,Fantasia
ts82445,Romance
ts80411,Crime
ts80411,Ação
ts80411,Drama
ts80411,Suspense
ts55232,Ficção Científica
ts55232,Animação
ts55232,Ação
tm420656,Ação
tm420656,Suspense
tm420656,Crime
tm420656,Drama
tm441198,Romance
tm441198,Drama
tm441198,Família
tm441198,Comédia
tm430104,Drama
tm430104,Crime
ts309731,Comédia
ts309731,Ação
ts309731,Animação
ts309731,Fantasia
ts309731,Suspense
tm285649,Guerra
tm285649,Romance
tm285649,Drama
tm313293,Documentário
tm357820,Suspense
tm357820,Terror
ts86949,Drama
ts86949,Suspense
ts86949,Família
ts86949,Crime
tm440996,Comédia
tm260272,Terror
tm260272,Comédia
tm260272,Fantasia
ts82375,Ficção Científica
ts82375,Ação
ts82843,Comédia
ts82843,Reality Show
ts82843,Terror
ts80479,Comédia
ts80479,Drama
ts80479,Romance
ts82268,Ficção Científica
ts82268,Drama
ts82268,Suspense
ts82268,Fantasia
ts82268,Terror
tm446424,Drama
tm446424,Romance
tm320727,Comédia
tm320727,Documentário
ts78246,Ficção Científica
ts78246,Suspense
ts78246,Drama
ts90594,Animação
ts90594,Comédia
ts90594,Família
ts84833,Ficção Científica
ts84833,Terror
ts84833,Suspense
ts84833,Família
ts84833,Drama
ts84833,Fantasia
ts76603,Drama
ts76603,Suspense
ts76603,Crime
ts76603,Fantasia
ts76603,Ficção Científica
ts87194,Reality Show
tm313487,Documentário
tm357479,Terror
tm357479,Ação
tm357479,Ficção Científica
tm357479,Suspense
tm357479,Drama
tm357479,Europeu
ts82631,Ação
ts82631,Crime
tm368310,Drama
ts76753,Comédia
ts76753,Suspense
ts76753,Fantasia
ts76753,Terror
ts76753,Romance
tm440415,Comédia
tm440415,Documentário
ts77755,Ação
ts77755,Ficção Científica
ts77755,Suspense
ts77755,Drama
ts84646,Ação
ts84646,Drama
ts84646,Crime
tm300054,Drama
tm300054,Romance
tm300054,Ficção Científica
tm300054,Europeu
tm320670,Animação
tm320670,Família
tm320670,Drama
tm320670,Faroeste
tm320670,Europeu
ts81583,Drama
ts81583,Suspense
tm233360,Drama
tm443186,Documentário
tm314705,Comédia
tm324124,Comédia
tm417440,Documentário
tm139564,Comédia
ts79997,Drama
ts79997,Romance
tm327540,Família
tm327540,Ação
tm327540,Animação
tm327540,Comédia
tm327540,Fantasia
tm327540,Música
tm327540,Suspense
tm327540,Drama
ts82424,Documentário
tm371630,Comédia
tm371630,Fantasia
tm371630,Romance
tm371630,Família
tm371630,Europeu
ts53166,Comédia
ts53166,Família
ts76478,Comédia
ts76478,Drama
tm344886,Suspense
tm344886,Drama
tm344886,Ação
ts85202,Documentário
ts85202,Família
ts36650,Crime
ts36650,Ação
ts36650,Drama
ts36650,Suspense
ts36650,Europeu
tm420989,Comédia
tm270490,Documentário
tm325102,Comédia
tm325102,Ação
tm325102,Família
tm325102,Fantasia
tm325102,Animação
tm426202,Comédia
tm313988,Documentário
ts75750,Comédia
ts75750,Romance
tm404690,Romance
tm404690,Comédia
ts77545,Documentário
ts77545,Crime
ts77545,Guerra
ts77545,Suspense
ts77545,Comédia
ts77545,Drama
ts75718,Ação
ts75718,Ficção Científica
ts75718,Comédia
ts75718,Fantasia
ts75718,Animação
tm376903,Comédia
tm376903,Drama
tm359713,Comédia
tm359713,Drama
tm359713,Crime
tm359713,Faroeste
ts116101,Reality Show
ts57300,Comédia
ts85967,Comédia
ts9075,Comédia
ts80313,Documentário
ts80313,Drama
tm238377,Comédia
tm238377,Drama
tm285171,Suspense
tm285171,Terror
tm363231,Animação
tm363231,Ação
tm363231,Ficção Científica
ts79679,Drama
ts79679,Crime
ts82298,Ficção Científica
ts82298,Drama
ts82298,Fantasia
ts82298,Romance
ts84645,Documentário
ts84645,Guerra
ts78299,Animação
ts78299,Família
tm424032,Comédia
tm424032,Drama
tm421776,Documentário
ts74962,Animação
ts74962,Comédia
ts74962,Família
ts74962,Fantasia
tm322569,Comédia
tm322569,Documentário
tm266702,Comédia
tm266702,Romance
tm266702,Ação
tm266702,Drama
tm266702,Europeu
tm307776,Drama
tm307776,Música
ts77014,Reality Show
ts77014,Guerra
ts77014,Ação
ts77014,Drama
ts77014,Suspense
ts82181,Comédia
ts82181,Animação
tm426569,Drama
tm426569,História
tm426569,Crime
tm426569,Europeu
tm414447,Drama
tm414447,Comédia
tm414447,Romance
tm311319,Suspense
tm311319,Ação
tm311319,Crime
ts54050,Ação
ts54050,Reality Show
ts80090,Comédia
ts80090,Drama
ts80090,Animação
tm839847,Crime
tm405849,Romance
tm405849,Drama
tm405849,Animação
tm344336,Suspense
tm344336,Crime
tm344336,Ação
tm344336,Europeu
ts84799,Crime
ts84799,Drama
ts84799,Ação
ts84799,Suspense
ts84799,Fantasia
tm406831,Fantasia
tm406831,Animação
tm406831,Drama
tm406831,Família
tm406831,Comédia
ts79086,Drama
tm423761,Comédia
ts82127,Ação
ts82127,Suspense
ts82127,Ficção Científica
ts82127,Animação
ts82127,História
ts82127,Terror
tm374845,Fantasia
tm374845,Animação
tm374845,Ação
ts78053,Suspense
ts78053,Drama
tm311995,Drama
tm311995,Ação
tm311995,História
tm366590,Drama
tm366590,Comédia
ts78031,Drama
ts78031,Crime
ts78031,Europeu
tm515157,Ação
tm515157,Suspense
tm515157,Crime
tm515157,Drama
tm434727,Comédia
tm361770,Comédia
tm371952,Drama
tm371952,Ação
tm306811,Documentário
tm306811,Crime
tm306811,Drama
tm425884,Documentário
tm307612,Documentário
tm307612,Crime
tm366820,Drama
tm311789,Drama
tm311789,História
tm244300,Comédia
tm244300,Europeu
ts85732,Reality Show
ts55627,Documentário
tm448479,Drama
tm301024,Romance
tm301024,Comédia
tm301024,Drama
tm301024,Europeu
ts80059,Documentário
ts80059,Europeu
tm317491,Suspense
tm317491,Ação
tm317491,Crime
ts56933,Ficção Científica
ts56933,Ação
ts56933,Comédia
ts56933,Fantasia
tm327053,Faroeste
tm327053,Terror
tm327053,Ação
tm419496,Drama
tm419496,Romance
ts118696,Animação
ts118696,Ação
ts118696,Comédia
ts118696,Fantasia
ts118696,Ficção Científica
tm410748,Documentário
ts79219,Documentário
ts79219,Crime
ts79219,Ação
tm299764,Drama
tm299764,Suspense
tm299764,Comédia
tm299764,Crime
tm299764,Europeu
tm408941,Documentário
ts85183,Documentário
ts85183,Reality Show
tm444469,Terror
tm444469,Crime
tm444469,Suspense
tm444469,Drama
ts84135,Drama
ts84135,Crime
ts84135,Suspense
ts86067,Reality Show
ts76245,Documentário
tm412273,Comédia
tm365122,Drama
tm365122,Crime
tm365122,Família
tm309903,Família
tm309903,Fantasia
tm309903,Comédia
tm309903,Animação
tm309903,Terror
tm309903,Europeu
tm362121,Terror
tm362121,Suspense
tm362121,Drama
tm362121,Europeu
ts56033,Crime
ts56033,Drama
ts56636,Comédia
ts56636,Romance
ts92825,Ação
ts92825,Comédia
ts92825,Família
ts92825,Ficção Científica
ts92825,Animação
ts76509,Documentário
tm321628,Família
tm321628,Drama
tm321628,Ação
tm321628,Suspense
tm299504,Comédia
tm299504,Romance
tm299504,Europeu
ts55978,Comédia
tm346939,Drama
ts77520,Ação
ts77520,Ficção Científica
ts77520,Suspense
tm326704,Drama
tm326704,Ação
tm326704,História
tm365824,Romance
tm365824,Drama
tm365824,Comédia
tm365824,Ficção Científica
tm365824,Suspense
tm365824,Fantasia
tm365824,Europeu
ts85236,Drama
tm407295,Drama
tm407295,Esporte
tm357552,Comédia
ts78789,Drama
ts78789,Suspense
tm438995,Romance
tm438995,Drama
tm404475,Documentário
tm244274,Crime
tm244274,Drama
tm244274,Ação
ts82867,Documentário
ts82867,Esporte
tm375302,Reality Show
tm375302,Documentário
tm376234,Suspense
tm376234,Fantasia
tm376234,Crime
tm376234,Drama
tm376234,Ação
tm376234,Terror
tm376234,Europeu
ts86164,Animação
ts86164,Ação
ts86164,Suspense
ts86164,Ficção Científica
ts86164,Crime
ts74959,Reality Show
ts74959,Comédia
tm314829,Crime
tm314829,Drama
tm327622,Ação
tm327622,Crime
tm327622,Suspense
ts78913,Drama
ts78913,Crime
ts78913,Comédia
ts84780,Drama
ts84780,Ação
ts84780,Crime
ts84780,Suspense
ts85822,Drama
ts85822,Comédia
ts85822,Esporte
tm371959,Drama
tm313120,Documentário
tm429208,Ação
tm429208,Animação
tm429208,Família
tm429208,Ficção Científica
tm429208,Comédia
ts76949,Comédia
ts76511,Reality Show
ts76511,Europeu
tm362180,Documentário
ts53516,Ação
ts53516,Animação
ts53516,Comédia
ts53516,Drama
ts53516,Família
ts53516,Ficção Científica
tm372305,Drama
tm372305,Esporte
tm326773,Drama
tm326773,Europeu
tm407714,Fantasia
tm407714,Comédia
tm407714,Europeu
tm318641,Faroeste
tm318641,Drama
tm318641,Ação
tm318641,Europeu
tm408306,Comédia
tm408306,Documentário
tm233485,Comédia
tm233485,Família
tm233485,Fantasia
tm233485,Música
tm233485,Animação
tm233485,Ação
ts84346,Crime
ts84346,Ação
ts84346,Drama
ts84346,Suspense
tm363329,Romance
tm328175,Comédia
tm328175,Europeu
ts90880,Ação
ts90880,Animação
ts90880,Comédia
ts90880,Família
ts90880,Música
tm344173,Romance
tm344173,Comédia
tm344173,Drama
ts57913,Drama
ts57913,Romance
tm307843,Drama
tm307843,Suspense
tm307843,Ação
tm307843,Comédia
tm441060,Documentário
tm441060,Música
ts58442,Drama
ts58442,Fantasia
ts58442,Romance
ts84772,Ficção Científica
ts84772,Animação
ts84772,Ação
tm370628,Música
tm370628,Comédia
tm300027,Comédia
tm300027,Família
tm300027,Europeu
ts80030,Reality Show
ts80030,Ação
ts80030,Documentário
tm406098,Drama
tm406098,Romance
tm406098,Música
tm406098,Europeu
ts77405,Ação
ts77405,Comédia
ts77405,Animação
ts77405,Crime
ts77405,Drama
tm300056,Comédia
tm300056,Esporte
tm300056,Europeu
tm355666,Documentário
ts111582,Música
tm244292,Fantasia
tm244292,Ação
tm244292,Família
tm244292,Comédia
tm244292,Drama
tm244292,Europeu
ts85126,Comédia
tm313712,Drama
tm313712,Suspense
tm313712,Crime
ts70631,Ficção Científica
ts70631,Animação
ts70631,Drama
ts70631,Fantasia
tm359714,Romance
tm359714,Drama
tm359714,Comédia
tm336712,Crime
tm336712,Suspense
tm336712,Drama
tm376015,Ficção Científica
tm376015,Animação
tm376015,Família
tm376015,Ação
tm376015,Comédia
tm376015,Fantasia
tm348010,Comédia
ts83213,Drama
ts83213,Romance
ts83213,História
tm238587,Drama
tm238587,Crime
tm372662,Romance
tm372662,Suspense
tm372662,Drama
tm372662,Ação
tm372662,Europeu
tm438994,Romance
tm438994,Comédia
tm438994,Família
tm438994,Drama
tm438994,Fantasia
ts82419,Drama
tm279585,Drama
tm279585,Comédia
tm279585,Crime
tm270987,Animação
tm270987,Comédia
tm270987,Família
tm270987,Ação
tm270987,Romance
tm270987,Drama
tm270987,Europeu
tm374216,Documentário
tm362074,Drama
tm362074,Europeu
ts86945,Animação
ts86945,Família
ts86945,Fantasia
ts86945,Comédia
ts55484,Drama
ts55484,Romance
ts55484,Comédia
ts55484,Fantasia
ts80042,Drama
ts80042,Ficção Científica
ts80042,Ação
ts80042,Comédia
tm285298,Comédia
tm285298,Fantasia
tm285298,Romance
ts80466,Guerra
ts80466,Documentário
ts80466,História
ts80466,Europeu
ts89067,Drama
ts89067,Romance
ts78145,Documentário
tm263427,Suspense
tm263427,Crime
tm263427,Europeu
ts77770,Ação
ts77770,Animação
ts77770,Fantasia
tm421335,Comédia
tm428453,Drama
tm428453,Ficção Científica
tm428453,Crime
tm371741,Comédia
ts80600,Drama
ts80600,História
ts80600,Música
ts80600,Romance
tm295177,Comédia
tm295177,Europeu
ts80413,Suspense
ts80413,Comédia
ts80413,Reality Show
tm299783,Comédia
tm299783,Europeu
ts83925,Documentário
ts83925,Esporte
tm313748,Comédia
tm313748,Documentário
ts79585,Animação
ts79585,Ação
ts79585,Comédia
ts79585,Família
tm444043,Comédia
tm444043,Drama
tm444043,Romance
ts83554,Crime
ts83554,Documentário
tm287041,Ação
tm287041,Comédia
tm327652,Drama
tm327652,Música
tm416620,Drama
tm416620,Suspense
tm416620,Música
tm416620,Europeu
tm354644,Comédia
tm354644,Europeu
ts82565,Suspense
ts82565,Drama
tm299730,Suspense
tm299730,Ficção Científica
tm331117,Suspense
tm331117,Crime
tm331117,Europeu
tm417317,Ação
tm417317,Crime
tm417317,Drama
tm359150,Drama
tm359150,Comédia
tm359150,Europeu
ts79409,Animação
ts79409,Ação
ts79409,Ficção Científica
tm358666,Comédia
tm358666,Drama
tm358666,Europeu
ts119730,Animação
ts53264,Comédia
ts53264,Drama
ts53264,Romance
ts83359,Drama
ts83359,Suspense
ts83359,Comédia
ts83359,Ação
ts83359,História
ts83359,Romance
ts83071,Documentário
ts83071,Suspense
ts83071,Reality Show
tm300447,Comédia
tm300447,Documentário
ts84484,Reality Show
ts84484,Música
ts75012,Drama
ts75012,Crime
ts75012,Romance
ts75012,Comédia
ts80208,Drama
ts80208,Suspense
ts80208,Ação
ts80208,Crime
tm463806,Documentário
tm350887,Fantasia
tm289882,Suspense
tm289882,Drama
ts255677,Animação
ts255677,Comédia
tm296398,Ação
tm296398,Suspense
tm296398,Drama
tm440946,Romance
tm440946,Família
tm440946,Drama
tm408104,Comédia
ts94470,Comédia
tm244521,Comédia
tm244521,Drama
tm244521,Ação
tm414676,Drama
tm414676,Música
tm414676,Documentário
tm321627,Romance
tm321627,Comédia
tm321627,Drama
tm307761,Comédia
tm307761,Drama
tm307761,Romance
tm428073,Suspense
tm428073,Drama
tm428073,Terror
tm428073,Ação
tm428073,Crime
tm428073,Fantasia
tm428073,Europeu
ts83070,Documentário
tm356563,Faroeste
tm356563,Drama
tm356563,Suspense
tm356563,Ação
tm365670,Documentário
tm415875,Drama
tm415875,Comédia
tm415875,Europeu
ts82398,Comédia
ts82398,Drama
ts82398,Ficção Científica
ts78353,Drama
ts78353,Crime
ts78353,Suspense
ts78353,Romance
tm432838,Suspense
tm432838,Animação
tm432838,Drama
ts84977,Documentário
tm427143,Ação
tm427143,Suspense
tm427143,Crime
ts82296,Drama
ts82296,Comédia
ts82296,Romance
ts79330,Reality Show
ts79330,Documentário
tm346398,Comédia
tm346398,Documentário
tm376840,Documentário
tm367473,Comédia
tm367473,Europeu
ts83430,Crime
ts83430,Drama
ts83430,Comédia
tm409942,Suspense
tm409942,Drama
tm409942,Romance
tm409942,Europeu
tm300440,Comédia
tm300440,Terror
tm300440,Europeu
tm408890,Comédia
tm408890,Romance
tm408890,Europeu
tm307950,Comédia
tm375729,Drama
tm375729,Romance
tm313424,Drama
tm313424,Comédia
tm426117,Drama
tm426117,Europeu
tm244321,Comédia
tm244321,Drama
tm244321,Fantasia
tm372610,Documentário
tm409456,Drama
tm409456,História
tm242108,Drama
tm242108,Comédia
ts95011,Documentário
tm242765,Família
tm242765,Drama
tm242765,Documentário
tm242765,Esporte
ts85276,Drama
ts85276,História
ts85276,Música
ts85276,Romance
tm322210,Comédia
tm322210,Europeu
ts77467,Reality Show
ts77467,Drama
ts83814,Drama
ts83814,Ação
tm439854,Crime
tm439854,Drama
tm439854,Suspense
tm340587,Crime
tm340587,Suspense
ts68146,Documentário
ts68146,Fantasia
ts68146,Europeu
tm266705,Drama
tm266705,História
tm266705,Europeu
tm372891,Comédia
tm372891,Documentário
ts78099,Documentário
tm315850,Comédia
tm315850,Crime
tm315850,Suspense
tm421748,Drama
tm421748,Comédia
tm353046,Comédia
tm353046,Documentário
tm418039,Fantasia
tm418039,Animação
tm418039,Ação
tm418039,Comédia
tm418039,Ficção Científica
tm324588,Comédia
tm324588,Documentário
tm440678,Ação
tm440678,Crime
tm440678,Suspense
tm995893,Documentário
tm275437,Família
tm275437,Crime
tm275437,Drama
tm275437,Romance
tm275437,Suspense
ts89538,Drama
ts89538,Suspense
ts89069,Animação
tm426983,Drama
tm426983,Europeu
tm440278,Drama
tm440278,Comédia
tm307774,Comédia
tm307774,Suspense
tm307774,Romance
tm307774,Ação
ts78707,Comédia
tm299396,Ação
tm299396,Suspense
tm299396,Crime
tm299396,Drama
tm299396,Europeu
ts75676,Comédia
ts75676,Drama
ts75676,Romance
ts75676,Europeu
tm366972,Crime
tm366972,Ação
tm366972,Drama
tm307751,Drama
tm307751,Romance
tm307751,Comédia
tm367008,Comédia
tm437631,Documentário
tm437631,Reality Show
ts80993,Ficção Científica
tm445899,Documentário
tm445899,Europeu
tm236659,Documentário
tm305112,Drama
tm305112,Ação
tm305112,História
tm305112,Guerra
tm305112,Suspense
tm353247,Comédia
tm353247,Drama
tm353247,Romance
ts80057,Drama
ts80057,Animação
ts80057,Ação
ts80057,Ficção Científica
ts55936,Comédia
ts55936,Romance
tm477838,Romance
tm477838,Comédia
tm477838,Ficção Científica
tm375007,Documentário
tm233484,Comédia
tm233484,Animação
tm233484,Família
tm233484,Ação
tm355724,Romance
tm355724,Comédia
tm355724,Família
tm496588,Drama
ts82085,Reality Show
ts81886,Comédia
ts81886,Música
ts57281,Animação
ts57281,Comédia
ts57281,Família
ts57281,Fantasia
ts81036,Família
ts81036,Comédia
ts82875,Drama
ts82875,Ficção Científica
tm363878,Suspense
tm363878,Ação
tm363878,Drama
ts80410,Comédia
ts80410,Drama
ts55533,Comédia
ts55533,Fantasia
ts55533,Animação
ts57116,Documentário
tm347850,Romance
tm347850,Drama
tm347850,Esporte
ts85250,Animação
ts85250,Ação
ts85250,Fantasia
tm411856,Comédia
tm363003,Documentário
tm348386,Documentário
tm348386,Esporte
tm348386,Guerra
tm349752,Crime
ts112279,Documentário
ts112279,História
tm372054,Comédia
tm372054,Família
tm372054,Europeu
tm440255,Suspense
tm440255,Ação
tm440255,Crime
tm440255,Europeu
tm372061,Comédia
tm372061,Drama
tm372061,Esporte
tm372917,Documentário
tm372917,Europeu
tm411503,Comédia
tm293867,Comédia
tm293867,Documentário
ts84597,Documentário
tm420800,Comédia
tm420800,Drama
tm420800,Europeu
tm273600,Animação
tm273600,Drama
tm273600,Esporte
tm286532,Drama
tm286532,Família
tm286532,Ação
tm286532,Europeu
tm320817,Suspense
tm320817,Ação
tm348568,Comédia
tm348568,Documentário
tm348392,Documentário
tm348392,Drama
tm348392,Família
tm348392,Europeu
tm372486,Drama
tm372486,Comédia
tm372486,Europeu
tm327708,Romance
tm327708,Comédia
ts78767,Ficção Científica
ts78767,Reality Show
ts78767,Esporte
ts78767,Documentário
tm320489,Documentário
tm320489,Europeu
tm411467,Comédia
tm411467,Europeu
tm307767,Ação
tm307767,Suspense
ts79707,Drama
ts78692,Documentário
ts78692,Ficção Científica
ts78692,Suspense
ts78692,Terror
ts78692,Música
tm432327,Drama
ts81596,Drama
ts81596,Guerra
ts81596,Suspense
ts84932,Animação
ts84932,Comédia
ts84932,Fantasia
ts84038,Documentário
ts84038,Reality Show
tm352705,Comédia
tm376801,Documentário
tm306631,Comédia
tm370447,Drama
tm370447,Europeu
tm375962,Drama
ts79856,Ação
ts79856,Animação
ts79856,Ficção Científica
ts79856,Fantasia
ts79856,Terror
ts84782,Animação
ts84782,Comédia
ts83045,Família
ts83045,Drama
ts83045,Comédia
ts83045,Música
ts83045,Romance
tm414340,Comédia
tm313118,Comédia
tm313118,Romance
tm408871,Comédia
tm408871,Europeu
ts83204,Reality Show
tm363787,Família
tm409817,Drama
tm409817,Romance
tm409817,Europeu
ts80751,Comédia
tm286520,Comédia
tm244287,Drama
tm244287,Romance
ts74765,Documentário
tm364206,Documentário
tm411358,Documentário
ts82559,Documentário
ts81944,Comédia
ts81944,Ação
tm283559,Comédia
tm283559,Romance
tm283559,Drama
tm283559,Europeu
ts75887,Documentário
ts75887,Europeu
ts89372,Animação
tm363922,Drama
ts81856,Comédia
ts76771,Animação
ts76771,Ação
ts76771,Comédia
ts76771,Ficção Científica
tm476960,Documentário
ts84335,Drama
ts84335,Suspense
ts84335,Crime
tm373873,Documentário
tm366143,Drama
tm366143,Comédia
tm372969,Comédia
tm372969,Romance
ts93947,Drama
ts93947,Comédia
ts82160,Família
ts82160,Ação
ts82160,Animação
ts82160,Comédia
ts83247,Reality Show
ts83247,Documentário
tm405738,Crime
tm405738,Drama
tm405738,Suspense
ts86994,Documentário
ts86994,Crime
tm319512,Romance
tm319512,Drama
tm319512,Música
tm319512,Europeu
tm374357,Drama
tm374357,Família
tm374357,Esporte
tm326089,Drama
tm326089,Comédia
tm326089,Romance
ts80084,Animação
ts80084,Ficção Científica
ts80084,Drama
ts80084,Fantasia
ts76646,Ação
ts76646,Comédia
ts75138,Drama
tm445255,Drama
tm445255,Romance
tm445255,Comédia
ts75491,Documentário
tm358609,Suspense
tm358609,Drama
tm358609,Europeu
tm409494,Comédia
tm366973,Comédia
tm366973,Documentário
tm852185,Documentário
ts80342,Crime
ts80342,Drama
ts57291,Drama
tm431760,Ação
tm431760,Guerra
tm431760,Drama
tm295558,Documentário
tm434883,Música
tm434883,Romance
tm434883,Drama
tm360945,Drama
tm360945,Esporte
tm446206,Família
tm446206,Animação
tm320785,Documentário
tm314939,Suspense
tm314939,Drama
tm345767,Fantasia
tm345767,Terror
tm345767,Drama
tm345767,Europeu
tm405901,Suspense
tm405901,Terror
tm405901,Drama
tm445456,Suspense
tm445456,Drama
tm445456,Família
tm322200,Comédia
tm322200,Ficção Científica
tm322200,Ação
tm322200,Europeu
tm358813,Comédia
tm424888,Documentário
tm424888,Crime
tm424888,Suspense
tm323195,Comédia
tm323195,Documentário
tm244277,Comédia
tm244277,Ação
tm244277,Romance
tm244277,Drama
tm244277,Família
tm314295,Documentário
tm314295,Europeu
tm368441,Drama
tm368441,Suspense
tm325433,Comédia
tm444799,Romance
tm444799,Comédia
tm444799,Crime
tm359030,Ficção Científica
tm359030,Família
tm233345,Música
tm233345,Drama
ts84985,Animação
tm309115,Suspense
tm309115,Ação
tm309115,Drama
tm358242,Comédia
tm358242,Documentário
tm320206,Comédia
tm320206,Drama
tm320206,Romance
ts80671,Documentário
tm358239,Comédia
tm351688,Comédia
tm351688,Documentário
tm362264,Drama
ts83429,Família
ts83429,Comédia
ts83429,Drama
tm463827,Suspense
tm463827,Terror
ts75357,Ficção Científica
ts75357,Animação
ts75357,Fantasia
ts85217,Animação
ts85217,Comédia
ts85217,Família
ts85217,Fantasia
ts85217,Música
tm421125,Comédia
tm421125,Ação
tm421125,Drama
ts78757,Comédia
tm311283,Comédia
ts82192,Comédia
tm275004,Crime
tm275004,Comédia
tm275004,Ação
tm358949,Drama
tm358949,Romance
tm358949,Família
tm358949,Comédia
ts85953,Família
ts85953,Animação
tm418870,Suspense
tm418870,Drama
tm418870,Europeu
tm413955,Drama
tm413955,Romance
tm413955,Europeu
tm348073,Família
tm359658,Terror
tm359658,Suspense
tm359658,Animação
tm359658,Drama
tm359658,Fantasia
tm359658,Europeu
tm357272,Documentário
tm357272,Música
ts84167,Crime
ts84167,Drama
ts84167,Romance
tm408892,Suspense
tm408892,Europeu
tm371619,Terror
tm371619,Suspense
tm337040,Comédia
tm337040,Documentário
tm361505,Família
tm361505,Comédia
tm361505,Fantasia
ts317239,Reality Show
ts86279,Reality Show
tm417111,Comédia
tm429984,Fantasia
tm429984,Família
tm429984,Animação
tm429984,Europeu
tm307551,Comédia
ts77219,Drama
ts77219,Família
ts77219,Música
ts77219,Comédia
ts103638,Comédia
tm449262,Suspense
tm449262,Drama
tm449262,Romance
ts76159,Animação
ts76159,Comédia
ts76159,Família
ts76159,Terror
tm412489,Drama
tm407318,Comédia
tm429382,Comédia
tm429382,Romance
tm429382,Drama
tm321073,Ação
tm321073,Comédia
tm321073,Romance
tm353627,Comédia
ts58480,Comédia
tm411313,Drama
tm411313,Europeu
tm367264,Drama
tm367264,História
tm367264,Europeu
ts79988,Animação
ts79988,Ação
ts79988,Ficção Científica
ts79988,Drama
ts79988,Fantasia
ts79988,Música
ts79988,Romance
ts86302,Comédia
ts86302,Drama
ts83710,Documentário
ts55576,Comédia
ts55576,Família
ts55576,Esporte
ts55576,Animação
ts55576,Ação
ts84330,Drama
tm334949,Drama
tm334949,Comédia
tm334949,Música
tm334949,Europeu
ts77011,Drama
ts77011,Suspense
ts77011,Romance
ts77011,Comédia
ts56251,Ficção Científica
ts56251,Drama
ts56251,Animação
ts56251,Ação
tm365961,Comédia
tm365961,Drama
tm413418,Comédia
tm413418,Drama
tm413418,Animação
ts84644,Reality Show
tm370440,Faroeste
tm370440,Fantasia
tm370440,Música
tm328052,Drama
tm328052,Ação
tm328052,Esporte
tm328052,Europeu
tm359975,Suspense
tm359975,Crime
tm359975,Drama
ts95274,Documentário
ts95274,História
tm348467,Drama
ts101883,Documentário
tm326270,Comédia
tm326270,Documentário
tm429567,Comédia
tm413129,Ação
tm413129,Guerra
tm413129,História
tm444821,Comédia
tm444821,Europeu
tm443537,Drama
tm435487,Drama
tm435487,Comédia
tm435487,Terror
tm435487,Suspense
tm422715,Terror
tm422715,Comédia
tm558730,Família
tm283322,Drama
tm283322,Suspense
tm283322,Ação
tm356666,Comédia
tm356666,Documentário
tm285329,Comédia
tm422359,Terror
tm422359,Suspense
tm357708,Comédia
tm357708,Fantasia
tm311902,Comédia
tm244310,Drama
tm247631,Drama
tm247631,Europeu
ts81485,Família
tm366025,Comédia
tm366025,Europeu
tm428597,Documentário
tm352033,Documentário
tm352033,Europeu
tm323602,Drama
tm323602,Comédia
tm323602,Europeu
tm416121,Terror
tm416121,Comédia
tm416121,Família
tm430281,Drama
tm430281,Família
ts80692,Reality Show
tm371622,Comédia
tm428483,Comédia
tm428483,Romance
tm456983,Ação
tm456983,Drama
ts82323,Drama
ts82323,Família
ts82323,Ficção Científica
tm410298,Animação
tm410298,Documentário
tm410298,Europeu
tm464947,Drama
tm464947,Comédia
tm319310,Ação
tm319310,Romance
tm319310,Drama
ts85660,Comédia
tm424898,Drama
tm351201,Comédia
tm429377,Comédia
tm429377,Documentário
tm299771,Comédia
tm299771,Europeu
tm324806,Documentário
tm324806,Esporte
tm436171,Drama
tm436171,Música
tm431928,Drama
tm431928,Comédia
tm431928,Família
ts82705,Animação
ts82705,Comédia
ts82705,Ação
ts82705,Família
tm363088,Comédia
tm1068348,Suspense
tm375091,Comédia
tm375091,Documentário
tm324204,Comédia
tm324204,Animação
tm324204,Ação
tm324204,Família
tm324204,Fantasia
ts84200,Comédia
ts84200,Família
tm370430,Documentário
tm443034,Drama
tm443034,Crime
tm443034,Suspense
tm443034,Ação
tm443034,Europeu
tm348281,Documentário
tm348281,Drama
ts85618,Comédia
ts85618,Família
tm445153,Comédia
tm445153,Drama
tm407730,Terror
tm407730,Comédia
tm407730,Suspense
tm320249,Comédia
tm320249,Documentário
tm374226,Comédia
tm319477,Drama
tm319477,Crime
tm319477,Documentário
tm319477,Comédia
tm319477,História
ts84179,Reality Show
tm518107,Drama
tm245383,Drama
tm245383,História
tm350971,Crime
tm350971,Drama
tm350971,História
tm350971,Suspense
tm443283,Música
tm443283,Documentário
tm279017,Comédia
tm279017,Música
tm279017,Romance
tm349656,Suspense
tm349656,Crime
tm349656,Drama
tm349656,Europeu
tm512751,Drama
tm353875,Romance
tm353875,Comédia
tm353875,Drama
tm327219,Comédia
tm315865,Documentário
ts106612,Reality Show
tm369433,Romance
tm369433,Drama
tm369433,Fantasia
tm369433,Terror
tm369433,Ficção Científica
tm369433,Suspense
tm435144,Documentário
tm437159,Documentário
tm437159,Crime
tm437159,História
tm437159,Música
tm414595,Documentário
tm459527,Comédia
tm459527,Drama
tm459527,Esporte
tm444564,Comédia
tm444564,Romance
tm444564,Suspense
tm446574,Comédia
tm446574,Romance
tm356684,Suspense
tm356684,Terror
tm356684,Animação
tm356684,Drama
tm356684,Europeu
tm858471,Drama
tm858471,Romance
tm430090,Crime
tm430090,Drama
tm430090,Ação
tm351181,Comédia
tm351181,Drama
tm504329,Documentário
tm431081,Drama
tm431081,Comédia
tm446987,Comédia
tm375547,Comédia
tm375547,Europeu
tm348175,Comédia
tm351720,Suspense
tm351720,Drama
tm351720,Europeu
tm492277,Documentário
tm461349,Documentário
tm425748,Romance
tm425748,Comédia
tm411257,Comédia
tm403197,Drama
tm368729,Suspense
tm138667,Drama
tm138667,Romance
tm314272,Romance
tm314272,Comédia
tm436266,Ação
tm436266,Drama
tm436266,Documentário
tm447750,Animação
tm447750,Comédia
tm432313,Suspense
tm432313,Romance
tm433215,Drama
tm433215,Romance
tm408781,Drama
tm408781,Comédia
tm408781,Ação
tm408781,Crime
tm408781,Romance
tm429186,Drama
tm429186,Europeu
tm459024,Documentário
tm459024,Europeu
tm411288,Suspense
tm411288,Drama
tm411288,Crime
ts85515,Drama
ts85515,Romance
ts82500,Animação
tm481188,Romance
tm481188,Comédia
tm481188,Drama
tm851055,Drama
ts83820,Drama
ts83820,Crime
tm313472,Suspense
tm313472,Crime
tm313472,Drama
tm313472,Europeu
tm430057,Documentário
tm430057,Europeu
tm316744,Comédia
tm361312,Animação
tm361312,Comédia
tm361312,Família
tm361312,Fantasia
ts84372,Comédia
tm407349,Documentário
tm327951,Terror
tm327951,Suspense
tm447261,Drama
tm447261,Comédia
tm447261,Família
tm321149,Animação
tm321149,Ação
tm321149,Família
tm684591,Comédia
tm684591,Esporte
tm360618,Documentário
tm197806,Comédia
tm197806,Drama
tm404449,Documentário
tm352865,Comédia
tm352865,Documentário
tm412515,Documentário
tm412515,Europeu
tm415938,Drama
tm364417,Drama
tm364417,Comédia
tm344562,Drama
tm344562,Romance
tm317274,Romance
tm317274,Comédia
tm317274,Drama
tm348845,Comédia
tm361588,Animação
tm361588,Comédia
tm434676,Comédia
tm346867,Comédia
ts84341,Drama
tm319127,Comédia
ts83663,Drama
ts231159,Animação
ts231159,Família
ts231159,Música
tm349140,Comédia
tm416458,Comédia
tm416458,Drama
tm409376,Crime
tm409376,Drama
tm409376,Suspense
ts81857,Comédia
ts81857,Drama
tm430660,Terror
tm447263,Comédia
tm447263,Família
tm447263,Animação
tm447263,Fantasia
ts272185,Comédia
ts272185,Animação
tm421161,Comédia
tm347060,Comédia
tm478147,Drama
tm478147,Comédia
ts82564,Drama
ts82564,Comédia
tm374656,Documentário
tm374656,Drama
tm430059,Drama
tm430059,Romance
tm430059,Comédia
tm434179,Documentário
tm434179,História
tm434179,Europeu
tm443073,Documentário
tm445258,Comédia
ts81632,Drama
ts81632,Terror
tm346334,Crime
tm346334,Documentário
ts113031,Reality Show
tm294696,Comédia
tm332500,Comédia
tm332500,Romance
tm325610,Comédia
tm325610,Documentário
ts83025,Documentário
tm351505,Documentário
tm423315,Documentário
tm423593,Drama
tm423593,Romance
tm434126,Comédia
ts87591,Drama
ts87591,Crime
tm332572,Suspense
tm411508,Drama
tm411508,Comédia
tm439678,Drama
tm439678,Romance
tm439678,Música
tm439678,Comédia
tm311193,Romance
tm311193,Comédia
tm311193,Drama
tm430426,Crime
tm430426,Suspense
tm430426,Ação
tm418894,Comédia
ts58061,Drama
ts58061,Romance
ts75320,Drama
ts75320,Comédia
ts119220,Documentário
tm446104,Comédia
tm446104,Fantasia
tm352951,Crime
tm352951,Suspense
tm354136,Comédia
tm447514,Comédia
tm374395,Suspense
tm374395,Ação
tm374395,Crime
tm374395,Drama
tm376844,Comédia
tm426238,Romance
tm426238,Drama
tm426238,Ação
tm346390,Comédia
ts104093,Família
ts104093,Animação
ts82887,Comédia
ts82887,Drama
tm369315,Suspense
tm369315,Drama
tm320756,Comédia
ts83407,Documentário
tm345225,Crime
tm345225,Suspense
tm408257,Comédia
tm371188,Romance
tm371188,Comédia
tm371188,Drama
tm429174,Suspense
tm429174,Ação
tm429174,Crime
tm429174,História
tm429174,Europeu
tm362047,Comédia
tm351171,Comédia
tm434776,Comédia
tm434776,Documentário
tm444576,Família
tm444576,Comédia
tm814861,Drama
tm431214,Ficção Científica
tm431214,Ação
tm431214,Comédia
tm363181,Documentário
tm363181,Comédia
tm363181,Romance
ts86360,Família
tm466084,Documentário
tm466084,Europeu
tm413082,Documentário
tm449860,Drama
tm449860,Crime
tm463592,Documentário
tm431169,Documentário
tm431169,Esporte
tm835357,Documentário
tm428982,Drama
tm428982,Suspense
tm476959,Comédia
tm476959,Romance
tm458074,Comédia
tm353791,Drama
tm353791,Comédia
tm246330,Romance
tm246330,Ação
tm246330,Suspense
tm426994,Comédia
tm426994,Drama
tm426994,Crime
tm364769,Drama
tm442354,Drama
tm423802,Comédia
tm423802,Drama
tm423802,Crime
tm426367,Comédia
tm312738,Romance
tm312738,Família
tm358746,Fantasia
tm358746,Comédia
tm358746,Família
tm416341,Drama
tm416341,Ação
tm368448,Documentário
tm368448,Europeu
tm420311,Romance
tm420311,Comédia
tm420311,Música
tm316658,Drama
tm316658,Comédia
tm325650,Drama
tm325650,Comédia
tm424162,Terror
tm424162,Comédia
tm368350,Fantasia
tm368350,Drama
tm368350,Europeu
tm438105,Drama
tm438105,Europeu
tm373864,Comédia
tm323300,Documentário
tm422510,Drama
tm327619,Comédia
tm407881,Comédia
tm407881,Europeu
tm440208,Drama
tm435333,Comédia
tm435333,Drama
tm367105,Comédia
tm307698,Romance
tm307698,Drama
tm373134,Comédia
tm352642,Comédia
tm352642,Drama
tm446558,Comédia
tm336227,Romance
tm336227,Comédia
tm336227,Drama
tm242887,Drama
tm242887,Romance
tm242887,Suspense
tm242887,Ação
tm242887,Crime
tm413266,Música
tm413266,Comédia
tm413266,Família
tm1063790,Romance
tm1063790,Comédia
tm438423,Drama
tm447328,Música
tm447328,Documentário
tm1223999,Comédia
tm1223999,Animação
tm376421,Ação
tm411649,Comédia
tm411649,Drama
tm364525,Animação
tm328041,Drama
tm445852,Drama
tm445852,Família
tm445852,Comédia
tm445852,Romance
tm479734,Comédia
tm479734,Drama
tm438005,Drama
tm438005,Romance
tm436704,Animação
tm436704,Família
tm348191,Drama
tm348191,Romance
tm348191,Comédia
tm701033,Comédia
tm1223783,Animação
tm1223783,Comédia
tm469399,Romance
tm469399,Drama
tm469399,Música
tm305227,Comédia
tm350116,Drama
tm361161,Ficção Científica
tm361161,Fantasia
tm361161,Animação
tm361161,Comédia
tm361161,Família
tm349418,Comédia
tm349418,Romance
tm450512,Drama
tm450512,Família
tm415245,Crime
tm415245,Drama
tm479933,Drama
tm345960,Comédia
tm417488,Comédia
tm370781,Comédia
tm362878,Drama
tm362878,Romance
tm358370,Romance
tm358370,Comédia
tm358370,Drama
tm369453,Comédia
tm815509,Comédia
tm815509,Fantasia
tm815509,Animação
tm815509,Família
tm358188,Comédia
tm442805,Família
tm442805,Comédia
tm307383,Documentário
tm307383,Europeu
tm478701,Drama
tm478701,Música
tm478701,Romance
tm414746,Comédia
tm324753,Comédia
tm314138,Comédia
tm314138,Documentário
ts81828,Animação
tm429383,Comédia
ts55735,Drama
ts55735,Comédia
tm244473,Drama
tm244473,Comédia
tm244473,Europeu
tm478654,Documentário
ts80859,Drama
ts80859,Romance
tm460198,Crime
tm460198,Drama
tm369210,Comédia
tm404569,Comédia
tm404569,Drama
tm404569,Família
tm321563,Drama
tm367613,Romance
tm367613,Comédia
tm367613,Esporte
tm350945,Drama
tm350945,Comédia
tm350945,Romance
tm478967,Suspense
tm478967,Drama
tm438250,Comédia
tm438250,Esporte
tm369456,Comédia
tm368284,Comédia
tm376709,Comédia
tm316923,Drama
tm316923,Família
tm316923,História
tm316923,Europeu
tm375836,Comédia
tm480647,Drama
tm480647,Documentário
tm450769,Drama
tm362737,Drama
ts81827,Animação
tm452767,Comédia
tm452767,Drama
tm452767,Romance
tm430666,Terror
tm430666,Comédia
tm369079,Comédia
tm416134,Comédia
tm404828,Comédia
tm321035,Suspense
tm321035,Drama
tm441915,Animação
tm441915,Família
tm441915,Comédia
tm441915,Fantasia
tm361633,Comédia
ts229123,Animação
ts229123,Ação
tm368006,Comédia
tm840936,Documentário
tm840936,Música
tm430459,Ação
tm430459,Fantasia
tm430459,Terror
tm430459,Faroeste
tm430459,Família
tm430459,Ficção Científica
tm440324,Comédia
ts78444,Animação
tm1146751,Drama
tm411528,Comédia
tm411528,Europeu
ts84555,Ação
ts84555,Crime
tm153164,Suspense
tm320949,Comédia
tm428877,Comédia
tm314677,Drama
ts54112,Drama
tm306680,Comédia
tm306680,Europeu
tm430748,Suspense
tm430748,Ação
tm430748,Drama
tm430748,Romance
tm369452,Comédia
tm471288,Comédia
tm471288,Drama
ts80445,Comédia
tm444907,Drama
tm444907,Romance
tm491499,Drama
tm493814,Ficção Científica
tm493814,Ação
tm493814,Drama
tm493814,Fantasia
tm404610,Animação
tm465864,Ação
tm465864,Comédia
tm433087,Drama
tm336084,Suspense
tm336084,Terror
tm336084,Crime
tm336084,Drama
tm360763,Drama
tm360763,Romance
tm370472,Comédia
tm370472,Documentário
tm368697,Comédia
tm368697,Romance
ts250172,Documentário
tm420789,Suspense
tm448690,Comédia
tm448690,Família
ts97584,Documentário
tm819641,Drama
tm458186,Drama
tm430496,Comédia
tm327926,Documentário
tm327636,Comédia
tm327636,Documentário
tm366383,Comédia
tm349134,Comédia
tm285712,Comédia
tm834886,Comédia
tm834886,Drama
tm494577,Drama
tm426260,Família
tm426260,Romance
tm426260,Drama
tm426260,Comédia
ts76645,Comédia
ts76645,Drama
ts76645,Fantasia
ts76645,Ficção Científica
ts76645,Ação
ts216746,Terror
ts216746,Reality Show
ts216746,Suspense
ts216746,Documentário
ts89840,Drama
ts89840,Romance
tm441050,Crime
tm441050,Ação
tm441050,Comédia
ts87466,Ficção Científica
ts87466,Ação
ts87466,Animação
ts87466,Terror
ts87466,Fantasia
ts87466,Suspense
ts88361,Ficção Científica
ts88361,Animação
ts88361,Suspense
ts88361,Terror
ts88361,Comédia
ts88361,Fantasia
ts88361,Drama
ts88361,Ação
ts87248,Drama
ts87248,Comédia
ts87248,Ação
ts87248,Crime
ts87248,Terror
ts90311,Animação
ts90311,Ação
ts90311,Drama
ts90311,Guerra
ts90311,História
ts80962,Comédia
ts80962,Animação
ts86497,Comédia
ts86497,Drama
ts254656,Ação
ts254656,Animação
ts254656,Ficção Científica
ts254656,Família
ts57327,Ficção Científica
ts57327,Ação
ts57327,Terror
ts57327,Drama
ts57327,Fantasia
ts216679,Drama
ts216679,História
ts216679,Romance
ts237109,Drama
ts237109,Suspense
ts81007,Comédia
ts81007,Drama
tm510203,Crime
tm510203,Drama
tm510203,Suspense
tm510203,Guerra
tm510203,História
ts86912,Documentário
ts86912,Crime
ts86912,Música
ts252505,Suspense
ts252505,Terror
ts252505,Família
ts252505,Drama
ts252505,Fantasia
ts191559,Documentário
ts89259,Drama
ts89259,Esporte
ts83555,Ficção Científica
ts83555,Drama
ts83555,Romance
ts82915,Drama
ts82915,Comédia
ts82914,Suspense
ts82914,Crime
ts82914,Drama
ts82914,Comédia
ts215046,Crime
ts215046,Drama
ts215046,Suspense
ts90234,Comédia
ts88613,Documentário
ts88613,Esporte
ts81120,Documentário
ts81120,História
ts81120,Esporte
ts87953,Drama
ts87953,Suspense
ts87953,Ficção Científica
ts87953,Terror
ts87953,Fantasia
ts235655,Suspense
ts235655,Ação
ts235655,Drama
ts235655,Romance
ts235655,Crime
ts84146,Drama
ts84146,Comédia
ts84146,Romance
tm681578,Drama
tm681578,Terror
tm681578,Suspense
ts221904,Drama
ts221904,Crime
ts55762,Ação
ts55762,Ficção Científica
ts55762,Suspense
ts55762,História
ts55762,Drama
ts55762,Terror
tm369594,Drama
tm369594,Suspense
tm369594,Fantasia
tm244149,Crime
tm244149,Drama
tm244149,História
tm244149,Suspense
ts100116,Reality Show
ts100116,Comédia
ts100116,História
ts100116,Documentário
ts219101,Suspense
ts219101,Drama
ts219101,Terror
ts87453,Comédia
ts222988,Reality Show
ts222988,Romance
ts222988,Documentário
ts235758,Comédia
ts235758,Drama
tm496322,Crime
tm496322,Drama
tm496322,Ação
tm496322,Suspense
ts224901,Suspense
ts224901,Crime
ts224901,Drama
tm863808,Documentário
tm827638,Crime
tm827638,Drama
tm827638,Terror
tm827638,Ficção Científica
tm827638,Suspense
ts84633,Animação
ts84633,Suspense
ts84633,Ficção Científica
ts84633,Ação
ts84633,Drama
ts84633,Terror
ts84633,Fantasia
tm460124,Comédia
tm460124,Drama
ts88379,Drama
ts88379,Ação
ts88379,Suspense
ts88379,Fantasia
ts88379,Terror
tm824398,Ficção Científica
tm824398,Suspense
tm824398,Terror
tm824398,Europeu
tm911973,Crime
tm911973,Drama
tm911973,Ação
ts249891,Guerra
ts249891,Drama
tm849003,Fantasia
tm849003,Ação
tm849003,Suspense
ts89564,Ficção Científica
ts89564,Suspense
ts89564,Ação
ts89564,Drama
ts89564,Terror
tm845489,Suspense
tm845489,Drama
tm845489,Terror
tm403709,Drama
tm403709,Romance
tm403709,Comédia
ts224303,Ficção Científica
ts224303,Animação
ts224303,Comédia
ts224303,Ação
ts224303,Fantasia
tm362198,Terror
tm362198,Suspense
tm368699,Crime
tm368699,Drama
tm368699,Suspense
tm368699,Terror
tm828369,Drama
tm828369,Família
tm502532,Documentário
tm417392,História
tm417392,Guerra
tm417392,Drama
tm417392,Romance
ts219660,Ação
ts219660,Drama
ts219660,Ficção Científica
ts219660,Suspense
ts219660,Fantasia
ts57213,Ficção Científica
ts57213,Família
ts57213,Animação
ts57213,Fantasia
ts57213,Terror
ts57213,Drama
ts57213,Ação
ts82913,Drama
ts82913,Crime
ts82913,História
tm414584,Drama
tm414584,Ação
tm414584,Crime
tm414584,Suspense
tm414584,Faroeste
ts221200,Suspense
ts221200,Drama
ts221200,Ficção Científica
ts221200,Terror
tm817504,Suspense
tm817504,Drama
tm817504,Terror
tm412937,Drama
tm412937,Suspense
tm412937,Ação
tm412937,Esporte
tm412937,Europeu
ts237107,Drama
ts237107,Romance
tm456156,Terror
tm456156,Suspense
tm456156,Drama
tm456156,Fantasia
tm456156,Ficção Científica
tm943790,Romance
tm943790,Guerra
tm943790,Drama
tm239927,Drama
tm239927,Suspense
tm239927,História
tm239927,Crime
tm239927,Guerra
tm239927,Romance
ts89210,Ação
ts89210,Drama
ts89210,Ficção Científica
ts89210,Fantasia
tm919961,Drama
tm427335,Ficção Científica
tm427335,Suspense
tm427335,Drama
tm431321,Ação
tm431321,Drama
tm431321,Crime
tm431321,Suspense
tm417553,Suspense
tm417553,Comédia
tm417553,Ação
tm821789,Comédia
tm821789,Drama
tm834851,Drama
tm834851,Suspense
tm834851,Comédia
tm834851,Crime
ts223210,Documentário
ts223210,Crime
ts223548,Comédia
ts223548,Animação
ts223548,Ficção Científica
ts223548,Suspense
tm827648,Crime
tm827648,Drama
tm827648,Suspense
tm827648,Ação
tm460948,Romance
tm460948,Comédia
ts107724,História
ts107724,Suspense
ts107724,Drama
tm847085,Drama
tm847085,Documentário
tm494295,Comédia
tm494295,Romance
tm916405,História
tm916405,Ação
tm916405,Guerra
tm916405,Drama
tm823545,Suspense
tm823545,Drama
ts90448,Crime
ts90448,Suspense
ts90448,Faroeste
ts90448,Drama
tm244207,Suspense
tm244207,Ação
tm244207,Crime
tm244207,Drama
tm849004,Música
tm849004,Comédia
ts218802,Documentário
ts218802,Esporte
ts218802,Reality Show
ts287836,Ficção Científica
ts287836,Drama
ts287836,Suspense
tm423666,Ficção Científica
tm423666,Ação
tm423666,Drama
tm423666,Suspense
tm818266,Drama
tm818266,Guerra
tm818266,História
tm818266,Documentário
tm818266,Europeu
ts225651,Drama
ts225651,Comédia
ts225651,Romance
tm813695,Drama
tm813695,Romance
tm448792,Ficção Científica
tm448792,Crime
tm448792,Suspense
tm1121246,Ficção Científica
tm1121246,Ação
tm1121246,Crime
tm1121246,Suspense
tm1121246,Drama
ts222439,Guerra
tm447963,Suspense
ts104401,Suspense
ts104401,Ação
ts104401,Drama
ts104401,Fantasia
ts104401,Ficção Científica
tm832345,Romance
tm832345,Drama
tm832345,Europeu
ts304505,Reality Show
ts304505,Romance
ts103702,Suspense
ts103702,Crime
ts103702,Drama
ts88577,Drama
ts88577,História
ts85398,Documentário
ts91039,Documentário
ts257301,Reality Show
ts95997,Ficção Científica
ts95997,Drama
tm428856,Ficção Científica
tm428856,Terror
tm428856,Drama
tm428856,Suspense
tm983787,Suspense
tm983787,Crime
tm983787,Ação
tm983787,Drama
tm840196,Drama
tm840196,História
tm840196,Suspense
ts223530,Drama
ts223530,Ficção Científica
tm455636,Drama
tm455636,Comédia
tm455636,Música
ts82912,Drama
ts82912,História
ts82912,Suspense
ts82912,Crime
tm824331,Romance
tm824331,Comédia
ts84663,Comédia
ts84663,Drama
tm441231,Comédia
tm441231,Crime
tm441231,Romance
tm441231,Ação
tm843444,Guerra
tm843444,Drama
tm832916,Drama
tm832916,Ficção Científica
tm832916,Suspense
tm832916,Fantasia
ts242210,Suspense
ts242210,Ficção Científica
ts242210,Drama
ts242210,Fantasia
ts221016,Drama
ts221016,Crime
ts221749,Ficção Científica
ts221749,Ação
ts221749,Comédia
ts221749,Fantasia
ts221749,Terror
ts221749,Animação
ts86165,Drama
ts86165,Ficção Científica
ts86165,Suspense
ts225522,Drama
ts116814,Suspense
ts116814,Drama
ts246072,Drama
ts246072,Ação
ts246072,História
tm458553,Comédia
tm458553,Drama
ts218569,Documentário
ts218569,Família
ts218569,História
tm886464,Romance
tm886464,Comédia
ts235672,Drama
ts235672,Crime
tm417416,Romance
tm417416,Drama
tm439163,Suspense
tm439163,Terror
tm439163,Drama
tm426428,Drama
tm426428,Romance
ts84661,Ação
ts84661,Ficção Científica
ts84661,Fantasia
ts84661,Drama
tm441232,Romance
tm441232,Comédia
ts220751,Comédia
ts220751,Família
ts220751,Ficção Científica
ts220751,Animação
ts220751,Ação
tm450262,Documentário
tm450262,Europeu
ts83082,Drama
ts83082,Ficção Científica
ts83082,Comédia
ts113842,Drama
ts113842,Suspense
ts113842,Crime
tm435520,Drama
tm435520,Comédia
tm435520,História
tm443615,Romance
tm443615,Drama
tm443615,Suspense
tm432765,Faroeste
tm432765,Suspense
tm432765,Terror
ts129445,Drama
ts129445,História
tm456436,Comédia
tm456436,Reality Show
ts241486,Animação
ts241486,Ação
ts241486,Ficção Científica
ts241486,Comédia
ts241486,Família
ts241486,Fantasia
tm470240,Comédia
tm470240,Romance
tm470240,Drama
tm458585,Drama
tm458585,Comédia
tm458585,História
tm678022,Comédia
tm678022,Drama
tm678022,Música
tm678022,Romance
ts237560,Documentário
ts237560,Crime
ts269397,Animação
ts269397,Comédia
tm361746,Drama
tm361746,Romance
tm361746,História
tm361746,Guerra
tm361746,Suspense
ts105825,Crime
ts105825,Drama
ts105825,Suspense
ts105825,Ficção Científica
tm821143,Drama
tm821143,Música
ts113506,Romance
ts113506,Documentário
ts113506,Drama
ts113506,História
ts113506,Guerra
tm453862,Ficção Científica
tm453862,Suspense
tm453862,Drama
tm453862,Crime
tm453862,Terror
tm849022,Drama
ts89339,Reality Show
ts88909,Reality Show
ts103133,Drama
ts103133,Fantasia
ts103133,Ficção Científica
ts103133,Comédia
tm358770,Ficção Científica
tm358770,Suspense
tm358770,Fantasia
tm358770,Europeu
ts83491,Drama
ts83491,Suspense
ts83491,Romance
tm420826,Drama
tm420826,Suspense
tm420826,Crime
ts281928,Documentário
ts281928,Drama
ts281928,Suspense
ts281928,Crime
tm372066,Ficção Científica
tm372066,Suspense
tm372066,Drama
ts223981,Documentário
ts223981,Esporte
ts223981,Reality Show
ts89014,Ficção Científica
ts89014,Animação
ts89014,Família
ts89014,Ação
ts89014,Comédia
ts89014,Fantasia
ts89014,Drama
ts83657,Ficção Científica
ts83657,Drama
ts83657,Suspense
ts83657,Fantasia
ts83657,Terror
tm499045,Ficção Científica
tm499045,Ação
tm836438,Terror
tm836438,Suspense
tm836438,Europeu
ts250997,Documentário
ts250997,História
ts250997,Reality Show
tm444017,Crime
tm444017,Suspense
tm444017,Drama
ts215012,Comédia
ts215012,Família
ts215012,Fantasia
ts215012,Ficção Científica
ts215012,Animação
ts215012,Ação
tm433462,Suspense
tm433462,Terror
tm433462,Comédia
tm433462,Música
ts103329,Ficção Científica
ts103329,Ação
ts103329,Animação
ts103329,Crime
ts103329,Drama
ts103329,Suspense
tm927718,Comédia
tm927718,Ação
ts215683,Ação
ts215683,Drama
ts215683,Suspense
ts215683,Romance
ts215683,Comédia
ts215683,Fantasia
ts215683,Terror
tm548602,Comédia
ts236531,Reality Show
ts236531,Romance
tm325325,Documentário
tm845484,Documentário
tm845484,Drama
tm332071,Suspense
tm332071,Terror
tm332071,Comédia
ts80709,Ficção Científica
ts80709,Drama
ts80709,Suspense
ts256007,Comédia
ts256007,Drama
ts256007,Romance
ts86908,Crime
ts86908,Drama
ts86908,Ação
ts86908,Comédia
ts86908,Suspense
ts105441,Documentário
ts105441,História
ts105441,Guerra
ts227305,Documentário
ts227305,Crime
tm943774,Fantasia
tm943774,Terror
tm943774,Suspense
tm943774,Drama
ts88469,Drama
ts88469,Crime
ts88469,Suspense
tm824488,Documentário
tm428557,Drama
tm428557,História
tm428557,Comédia
tm428557,Crime
tm878333,Família
tm878333,Fantasia
tm878333,Animação
tm878333,Ação
tm878333,Ficção Científica
tm893480,Crime
tm893480,Ficção Científica
tm893480,Ação
tm893480,Suspense
tm413660,Drama
tm413660,Suspense
tm413660,Ficção Científica
tm413660,Terror
ts284800,Crime
ts284800,Drama
ts284800,Suspense
tm820190,Terror
tm820190,Suspense
tm820190,Ação
tm820190,Drama
tm853953,Ação
tm853953,Terror
ts88262,Guerra
ts88262,Drama
ts88262,Suspense
ts88262,História
ts286390,Comédia
ts286390,Drama
ts224907,Drama
ts224907,Comédia
ts224907,Romance
ts224907,Ação
ts161737,Suspense
ts161737,Crime
ts161737,Drama
ts161737,Reality Show
ts225867,Drama
ts187541,Romance
ts187541,Ação
ts187541,Comédia
ts187541,Drama
ts187541,Fantasia
ts187541,Terror
ts187541,Ficção Científica
tm464662,Crime
tm464662,Documentário
tm455568,Drama
tm455568,Comédia
ts88283,Ficção Científica
ts88283,Ação
ts88283,Crime
ts88283,Drama
ts88283,Fantasia
tm471967,Suspense
tm471967,Drama
tm471967,Crime
tm447788,Documentário
tm447788,Crime
tm447788,Música
ts215341,Reality Show
tm361998,Suspense
tm361998,Ação
tm361998,Ficção Científica
tm361998,Guerra
tm361998,Drama
tm361998,Europeu
ts105047,Suspense
ts105047,Drama
ts105047,Ficção Científica
tm451078,Animação
tm451078,Ação
tm451078,Fantasia
tm451078,Família
tm414341,História
tm414341,Drama
tm414341,Suspense
ts215691,Comédia
ts215691,Drama
ts215691,Ação
ts215691,Crime
tm450375,Drama
tm450375,História
tm450375,Ação
ts90729,Drama
ts90729,Ficção Científica
ts90729,Romance
tm437221,Drama
tm437221,Documentário
tm437221,Crime
tm845496,Documentário
tm845496,História
ts242820,Reality Show
ts288350,Ficção Científica
ts288350,Fantasia
ts288350,Música
ts288350,Comédia
ts288350,Drama
ts288350,Família
ts288350,Documentário
tm449105,Ação
tm449105,Drama
tm449105,Crime
tm449105,Suspense
tm449105,Europeu
tm418847,Drama
tm418847,Suspense
tm418847,Fantasia
tm418847,Terror
tm418847,Ficção Científica
tm418847,Europeu
ts89744,Comédia
ts89744,Crime
ts89744,Drama
ts89744,Romance
ts82361,Animação
ts82361,Ação
ts82361,Ficção Científica
ts82361,Fantasia
ts82361,Drama
tm498803,Ação
tm498803,Comédia
tm498803,Drama
tm498803,Suspense
tm498803,Crime
tm819950,Música
ts250801,Suspense
ts250801,Drama
tm315255,Ação
tm315255,Drama
tm315255,História
ts223986,Reality Show
tm853783,Documentário
ts216522,Animação
ts216522,Drama
ts216522,Crime
ts216522,Fantasia
ts216522,Romance
ts216522,Suspense
ts82851,Drama
ts82851,Suspense
tm411750,Ação
tm411750,Ficção Científica
tm411750,Suspense
tm411750,Terror
ts252758,Reality Show
ts84993,Ficção Científica
ts84993,Drama
ts84993,Fantasia
ts84993,Terror
ts84993,Ação
ts84993,Comédia
ts84993,Suspense
ts224859,Documentário
ts224859,Crime
tm469991,Fantasia
tm469991,Drama
tm469991,Romance
tm469991,Animação
tm469991,Europeu
tm877681,Comédia
tm434553,Suspense
tm434553,Drama
tm434553,Ação
tm434553,Crime
ts255427,Ficção Científica
ts255427,Animação
ts255427,Ação
ts269690,Comédia
tm428558,Drama
tm428558,Esporte
tm927037,Ação
tm927037,Suspense
tm927037,Drama
tm927037,Família
tm927037,Fantasia
ts88699,Drama
ts88699,Família
ts223240,Drama
ts223240,Romance
tm884511,Romance
tm884511,Drama
tm285317,Ficção Científica
tm285317,Romance
tm285317,Drama
tm817709,Drama
tm845512,Drama
tm824477,Comédia
tm824477,Família
tm824477,Fantasia
tm824477,Ficção Científica
tm824477,Romance
tm824477,Animação
tm927480,Documentário
ts88151,Drama
ts88151,Crime
ts88151,Suspense
tm444247,Documentário
tm355783,Terror
tm355783,Suspense
tm355783,Drama
tm449195,Drama
tm449195,História
tm925486,Ação
tm925486,Ficção Científica
tm925486,Fantasia
tm925486,Suspense
tm925486,Comédia
tm934040,Documentário
tm934040,Suspense
tm934040,Crime
ts225101,Drama
ts225101,Comédia
ts225101,Romance
ts79695,Drama
ts79695,Crime
ts79695,Música
tm469193,Fantasia
tm469193,Drama
tm469193,Romance
ts223404,Drama
ts223404,Comédia
ts223404,Romance
ts89075,Comédia
ts89075,Drama
ts89075,Romance
ts268799,Ficção Científica
ts268799,Drama
ts237499,Drama
ts237499,Suspense
tm420455,Ficção Científica
tm420455,Ação
tm420455,Comédia
ts236747,Comédia
tm925584,Suspense
tm925584,Ação
tm925584,Crime
tm914535,Drama
tm914535,Romance
ts90019,Drama
ts90019,Comédia
tm423140,Ação
tm423140,Crime
tm423140,Suspense
tm348403,Família
tm348403,Comédia
tm348403,Animação
tm348403,Fantasia
tm348403,Ficção Científica
ts87364,Documentário
ts87364,Crime
ts87364,História
tm878842,Documentário
tm453099,Documentário
tm453099,Música
tm453099,História
tm446176,Documentário
ts250912,Crime
ts250912,Documentário
ts219162,Documentário
tm316311,Suspense
tm316311,Drama
tm316311,Crime
tm375883,Fantasia
tm375883,Comédia
tm375883,Família
tm375883,Animação
tm375883,Europeu
ts268560,Drama
ts268560,Suspense
ts268560,Ação
ts268560,Fantasia
ts268560,Terror
ts306090,Drama
ts306090,Ação
ts306090,Animação
ts306090,Comédia
ts306090,Crime
tm974366,Fantasia
tm974366,Drama
tm974366,Família
tm974366,Ação
tm974366,Comédia
tm443179,Romance
tm443179,Drama
tm498034,Documentário
tm446609,Documentário
tm446609,História
ts105542,Comédia
ts105542,Drama
ts105542,Romance
ts83107,Ficção Científica
ts83107,Drama
ts83107,Terror
ts251782,Documentário
ts251782,História
tm810547,Suspense
tm810547,Drama
tm810547,Ação
tm810547,Crime
tm919864,Drama
tm919864,Música
ts88721,Comédia
ts88721,Drama
ts89347,Documentário
ts236091,Comédia
ts236091,Família
ts236091,Drama
ts236091,Romance
tm827508,Drama
tm845415,Música
tm845415,Documentário
ts89747,Crime
ts89747,Drama
ts89747,Comédia
ts81646,Drama
ts81646,Suspense
ts81646,Fantasia
ts81646,Terror
tm822246,Comédia
tm822246,Drama
tm822246,Música
ts108392,Ação
ts108392,Família
ts108392,Fantasia
ts108392,Ficção Científica
ts236685,Suspense
ts227385,Ficção Científica
ts227385,Ação
ts227385,Animação
tm948128,Documentário
tm948128,História
ts222455,Crime
ts222455,Documentário
ts222455,História
tm828069,Crime
tm828069,Drama
tm935309,Ficção Científica
tm935309,Ação
ts106536,Drama
ts106536,Suspense
ts106536,Crime
tm458467,Terror
tm458467,Suspense
tm458467,Drama
ts84586,Drama
ts84586,Esporte
ts89251,Drama
ts90937,Drama
ts86978,Ação
ts86978,Animação
ts86978,Ficção Científica
ts86978,Suspense
ts86978,Comédia
ts86978,Drama
ts86978,Fantasia
tm426638,Drama
tm426638,Romance
tm426638,Europeu
tm852996,Comédia
tm852996,Fantasia
tm852996,Família
tm852996,Animação
tm852996,Ação
tm852996,Ficção Científica
ts87471,Ação
ts87471,Ficção Científica
ts87471,Animação
ts87471,Suspense
ts87471,Drama
tm464557,Romance
tm464557,Comédia
ts86946,Drama
ts86946,Ficção Científica
ts86946,Romance
ts86726,Reality Show
tm554944,Comédia
tm554944,Romance
tm845437,Documentário
tm463385,Drama
tm463385,Documentário
tm856375,Suspense
tm856375,Ação
tm822907,Música
tm822907,Drama
tm952590,Terror
tm952590,Suspense
tm952590,Ficção Científica
tm918706,Ação
tm918706,Comédia
tm918706,Família
tm910040,Comédia
tm910040,Drama
ts243036,Drama
ts243036,Música
tm831061,Drama
tm831061,Suspense
tm831061,Crime
ts271247,Animação
ts271247,Ação
ts271247,Comédia
ts271247,Família
ts255926,Drama
ts255926,Comédia
ts255926,Romance
tm827216,Comédia
ts76382,Animação
ts76382,Ação
ts76382,Suspense
ts76382,Família
ts89282,Drama
ts89282,Suspense
ts89282,Crime
ts89282,Ação
tm497383,Drama
tm497383,História
tm497383,Romance
tm497383,Documentário
tm475252,Drama
tm475252,Comédia
tm887450,Documentário
tm887450,Crime
ts321758,Drama
ts321758,Suspense
ts321758,Romance
ts321758,Ação
tm898474,Terror
tm898474,Drama
tm898474,Fantasia
tm898474,Europeu
tm852097,Fantasia
tm852097,Drama
tm852097,Romance
tm852097,Animação
tm852097,Família
tm471878,Drama
tm471878,Guerra
tm827142,Comédia
ts256309,Comédia
ts219080,Drama
ts219080,Guerra
ts219080,Suspense
ts219080,Crime
ts256764,Ficção Científica
ts256764,Drama
ts256764,Ação
ts256764,Animação
tm828317,Suspense
tm828317,Documentário
tm828317,Drama
ts251157,Ação
ts251157,Comédia
ts251157,Ficção Científica
ts251157,Animação
tm918734,Faroeste
tm918734,Drama
tm818502,Comédia
tm818502,Drama
tm818502,Europeu
ts223308,Comédia
tm926004,Animação
tm490222,Drama
tm490222,Comédia
tm467579,Romance
tm467579,Comédia
ts215178,Drama
ts213820,Reality Show
ts89326,Drama
ts223759,Documentário
ts223759,Crime
ts223759,Esporte
tm452826,Comédia
tm452826,Drama
tm452826,Esporte
tm928541,Animação
tm928541,Família
tm858954,Terror
tm858954,Suspense
tm858954,Drama
tm858954,Romance
tm858954,Fantasia
tm858954,Europeu
tm845549,Documentário
tm845549,Drama
tm432022,Fantasia
tm432022,Animação
tm432022,Drama
tm432022,Romance
ts192440,Documentário
ts192440,Reality Show
ts225912,Drama
ts225912,Ficção Científica
ts225912,Ação
ts225912,Suspense
ts93066,Drama
ts93066,Ficção Científica
ts93066,Reality Show
tm475783,Comédia
ts219561,Documentário
tm452851,Suspense
tm452851,Drama
tm452851,Ação
ts85480,Ficção Científica
ts85480,Drama
ts85480,Animação
ts85480,Música
ts89958,Drama
ts89958,Ação
ts89958,Fantasia
ts89958,História
ts89958,Romance
ts88485,Animação
ts88485,Comédia
ts88485,Ação
ts88485,Família
ts88485,Drama
ts88485,Fantasia
ts88485,Romance
ts252856,Documentário
ts252856,História
tm465724,Ficção Científica
tm465724,Suspense
tm465724,Ação
tm465724,Crime
tm465724,Drama
tm849005,Comédia
tm849005,Fantasia
tm849005,Animação
tm849005,Drama
tm849005,Família
ts225787,Crime
ts225787,Documentário
ts254592,Documentário
ts254592,Música
ts218500,Ação
ts218500,Comédia
ts218500,Família
ts218500,Fantasia
ts218500,Animação
ts218500,Ficção Científica
tm451512,Ação
tm451512,Suspense
tm451512,Drama
ts224796,Drama
tm369389,Documentário
tm369389,História
tm369389,Europeu
tm933375,Drama
tm933375,Europeu
ts251420,Comédia
ts251420,Animação
tm471922,Comédia
tm471922,Drama
tm471922,Europeu
tm465231,Comédia
tm922788,Comédia
tm922788,Terror
ts87473,Ficção Científica
ts87473,Drama
ts87473,Animação
ts87473,Romance
ts87473,Ação
ts87473,Terror
ts89881,Comédia
ts251654,Ficção Científica
ts237751,Drama
ts237751,Romance
ts104449,Ação
ts104449,Drama
ts104449,Guerra
ts104449,Animação
tm827501,Comédia
tm827501,Drama
tm827501,Romance
tm827501,Família
tm936236,Suspense
tm936236,Terror
tm936236,Drama
ts251067,Comédia
ts251067,Drama
ts251067,Família
ts225328,Crime
ts225328,Drama
ts223344,Suspense
ts223344,Drama
ts223344,Ficção Científica
ts223344,Fantasia
ts214861,Reality Show
ts214861,Comédia
ts214861,Terror
ts214861,Ficção Científica
tm120072,Romance
tm120072,Comédia
ts93054,Drama
ts93054,Comédia
ts93054,Crime
tm936396,Romance
tm936396,Comédia
tm676311,Drama
tm676311,Suspense
tm464351,Suspense
tm464351,Crime
tm464351,Drama
tm493175,Música
tm493175,Documentário
ts237513,Drama
ts237513,Terror
ts87986,Drama
ts87986,Música
ts87986,Comédia
ts252098,Comédia
ts252098,Drama
ts93611,Terror
ts93611,Ficção Científica
ts93611,Drama
ts93611,Fantasia
ts85619,Crime
ts85619,Drama
ts85619,Suspense
tm283581,Comédia
tm283581,Suspense
tm283581,Drama
tm283581,Ação
tm283581,Crime
tm447439,Drama
tm447439,Europeu
tm885775,Comédia
tm885775,Ficção Científica
tm885775,Romance
ts100359,Comédia
ts235862,Drama
ts105608,Crime
ts105608,Drama
ts105608,Suspense
ts93482,Animação
ts93482,Comédia
ts93482,Família
ts93482,Terror
ts93482,Ficção Científica
tm835486,Comédia
tm835486,Reality Show
ts103360,Ficção Científica
ts103360,Fantasia
ts103360,Suspense
ts103360,Ação
ts103360,Drama
ts103360,Guerra
ts236501,Comédia
ts236501,Drama
ts236501,Romance
ts256784,Animação
tm511940,Crime
tm511940,Drama
tm511940,Comédia
tm837756,Drama
tm460829,Suspense
tm460829,Animação
tm460829,Fantasia
tm460829,Ação
tm460829,Ficção Científica
tm460829,Drama
tm460829,Família
tm853396,Ação
tm853396,Europeu
ts106126,Drama
ts106126,História
tm877456,Documentário
tm877456,História
ts190462,Comédia
ts190462,Drama
tm459512,Romance
tm459512,Comédia
tm459512,Drama
ts225430,Drama
ts225430,Ficção Científica
ts225430,Comédia
ts225430,Fantasia
ts218888,Ficção Científica
ts218888,Ação
ts218888,Animação
ts218888,Fantasia
tm847998,Terror
tm847998,Comédia
tm847998,Suspense
tm847998,Fantasia
ts88352,Suspense
ts88352,Guerra
ts88352,Drama
ts88352,Crime
tm931686,Comédia
tm931686,Terror
ts237096,Crime
ts237096,Documentário
ts83810,Ficção Científica
ts83810,Ação
ts83810,Animação
ts83810,Fantasia
tm461366,Suspense
tm461366,História
tm461366,Esporte
tm461366,Europeu
tm467299,Comédia
ts254537,Crime
ts254537,Drama
ts254537,Suspense
ts86413,Comédia
ts86413,Drama
ts252341,Documentário
ts90413,Animação
ts275111,Comédia
ts275111,Família
ts275111,Animação
ts87008,Comédia
ts87008,Drama
ts87008,Música
tm855600,Comédia
tm855600,Drama
tm503508,Romance
tm503508,Suspense
tm503508,Crime
tm503508,Drama
tm824165,Romance
tm824165,Comédia
tm425698,Suspense
tm446625,Documentário
tm446625,Música
ts254045,Comédia
ts225716,Comédia
ts225716,Família
ts88312,Drama
ts88312,Música
ts222917,Documentário
tm918701,Suspense
tm918701,Terror
tm918701,Europeu
tm850723,Ficção Científica
tm850723,Animação
tm850723,Crime
tm850723,Drama
tm850723,Suspense
tm850723,Ação
tm855483,Documentário
tm855483,Comédia
ts101408,Crime
ts101408,Drama
ts101408,Suspense
ts189629,História
ts189629,Suspense
ts189629,Documentário
ts189629,Crime
ts215378,Drama
ts215378,Romance
ts215378,Comédia
tm475836,Comédia
tm475836,Música
tm524282,Drama
tm524282,Animação
tm524282,Ação
tm524282,Família
tm524282,Fantasia
tm524282,Comédia
tm524282,Ficção Científica
tm524282,Suspense
tm524282,Terror
tm857051,Crime
tm857051,Suspense
ts223126,Crime
ts223126,Documentário
ts90621,Drama
ts90621,Comédia
tm451548,Comédia
tm451548,Ação
ts223077,Documentário
tm469008,Comédia
tm816038,Família
tm816038,Animação
tm816038,Drama
tm816038,Fantasia
ts357033,Comédia
ts357033,Drama
ts236725,Documentário
tm812916,Crime
tm812916,Suspense
tm812916,Ação
tm812916,Europeu
ts255880,Reality Show
ts113637,Documentário
ts113637,Crime
tm845535,Documentário
tm447159,Drama
tm447159,Europeu
ts89119,Crime
ts89119,Documentário
ts251617,Documentário
ts251617,Comédia
ts103890,Comédia
ts103890,Crime
ts103890,Família
tm938793,Drama
tm938793,Música
tm938793,Romance
tm938793,História
tm897732,Animação
tm897732,Família
ts225460,Drama
tm924991,Terror
tm924991,Suspense
ts277126,Crime
ts277126,Drama
ts277126,Suspense
ts110703,Reality Show
ts84129,Comédia
ts84129,Família
ts84129,Drama
tm893799,Suspense
tm893799,Ação
tm893799,Crime
ts237104,Documentário
ts237104,História
tm430171,História
tm430171,Documentário
tm848996,Drama
tm846964,Suspense
tm846964,Drama
tm846964,Fantasia
tm902330,Guerra
tm902330,Fantasia
tm902330,Terror
tm902330,Suspense
tm450478,Romance
tm450478,Comédia
ts89583,Animação
ts89583,Comédia
ts238242,Crime
ts238242,Drama
ts238242,Suspense
tm826563,Música
tm826563,Romance
tm826563,Fantasia
tm826563,Comédia
tm500565,Comédia
tm500565,Drama
tm887369,Comédia
tm844642,Comédia
tm981451,Comédia
tm822832,Drama
ts236051,Documentário
ts236051,Esporte
tm680024,Documentário
tm678851,Crime
tm678851,Drama
tm678851,Suspense
tm935895,Drama
tm935895,Europeu
tm855535,Drama
tm855535,Suspense
tm855535,Europeu
tm893816,Comédia
tm893816,Romance
ts223238,Drama
ts223238,Ficção Científica
ts223238,Romance
ts88296,Suspense
ts88296,Terror
ts88296,Drama
ts86744,Drama
ts86744,Comédia
ts86744,Romance
ts106141,Suspense
ts106141,Drama
tm860965,Comédia
tm371882,Fantasia
tm890674,Documentário
ts189422,Comédia
ts189422,Drama
ts189422,Romance
tm447520,Comédia
tm977997,Animação
tm977997,Comédia
tm977997,Família
ts89028,Drama
ts89028,Crime
ts187070,Família
ts187070,Comédia
ts252122,Suspense
ts252122,Terror
ts111206,Família
ts111206,Animação
ts111206,Ação
ts111206,Drama
ts111206,Comédia
ts111206,Crime
ts90995,Documentário
ts90995,História
tm812998,Drama
ts223192,Drama
ts223192,Comédia
ts254600,Documentário
ts254600,Esporte
tm857430,Suspense
tm857430,Europeu
tm857430,Terror
tm857430,Drama
ts226588,Documentário
ts226588,Reality Show
ts242244,Ação
ts242244,Ficção Científica
ts242244,Animação
ts242244,Drama
ts268608,Documentário
ts268608,Crime
ts189405,Documentário
ts189405,Crime
tm452573,Comédia
tm452573,Documentário
ts254916,Comédia
ts254916,Reality Show
tm834664,Comédia
ts251028,Drama
ts251028,Terror
ts251028,Suspense
ts103213,Suspense
ts103213,Ação
ts103213,Crime
ts103213,Drama
tm493511,Família
tm493511,Drama
tm493511,Romance
ts268508,Documentário
ts268508,Ficção Científica
ts268508,Animação
ts92547,Drama
ts92547,História
ts92547,Guerra
ts92547,Documentário
ts92547,Ação
ts88744,Documentário
ts88744,Esporte
ts88744,Comédia
ts88744,Europeu
tm883441,Documentário
tm847430,Animação
tm847430,Drama
tm922532,Fantasia
tm922532,Suspense
tm922532,Drama
tm922532,Ação
tm922532,Ficção Científica
ts221293,Drama
ts221293,Ficção Científica
ts217719,Documentário
ts217719,Esporte
ts226602,Documentário
ts226602,Crime
ts255104,Reality Show
ts255104,Documentário
ts255104,Drama
tm885860,Comédia
ts101060,Comédia
ts222367,Drama
ts86365,Animação
ts86365,Comédia
ts86365,Drama
ts86365,Família
tm453850,Suspense
tm453850,Drama
tm453850,Ação
tm453850,Ficção Científica
tm453850,Crime
ts91124,Ficção Científica
ts91124,Drama
ts91124,Romance
ts91124,Comédia
ts222634,Comédia
ts222634,Drama
ts222634,Fantasia
ts223589,Documentário
tm472195,Comédia
tm472195,Drama
tm472195,Romance
ts317497,Comédia
ts317497,Ação
ts256783,Documentário
tm455059,Suspense
tm455059,Drama
tm455059,Ação
tm455059,Crime
tm455059,Europeu
tm893680,Comédia
tm888080,Ação
tm888080,Crime
tm888080,Suspense
tm888080,Ficção Científica
tm888080,Drama
tm854669,Comédia
ts222933,Documentário
ts222933,Crime
ts222933,Suspense
ts222933,Drama
ts223982,Reality Show
ts223982,Comédia
ts89876,Comédia
tm917036,Documentário
ts218277,Crime
ts218277,Drama
ts218277,Esporte
ts218277,Suspense
ts315066,Ficção Científica
ts315066,Fantasia
ts315066,Terror
ts315066,Drama
ts223659,Drama
ts223659,Crime
ts219422,Drama
ts219422,Romance
ts219422,Suspense
ts219422,Comédia
tm458127,Documentário
tm458127,Suspense
ts225102,Drama
ts225102,Romance
ts88336,Reality Show
ts88336,Romance
ts102933,Drama
ts102933,Esporte
tm454375,Comédia
tm454375,Esporte
tm838687,Romance
tm838687,Comédia
tm838687,Drama
ts224072,Drama
ts224072,História
ts254568,Drama
ts254568,Comédia
tm848995,Fantasia
tm848995,Música
tm848995,Família
ts105192,Ficção Científica
ts105192,Suspense
ts105192,Família
tm470560,Documentário
tm470560,História
ts272134,Animação
ts272134,Ação
ts272134,Ficção Científica
ts219895,Suspense
ts219895,Drama
tm883189,Suspense
tm883189,Terror
tm883189,Drama
tm883189,Comédia
tm883189,Crime
tm1127695,Drama
tm1127695,História
tm1127695,Suspense
tm1127695,Guerra
tm1127695,Ação
tm1127695,Europeu
tm469400,Documentário
tm469400,Drama
tm670553,Drama
tm670553,Romance
tm942240,Drama
tm942240,História
tm839411,Comédia
tm839411,Família
tm839411,Europeu
ts226468,Drama
ts226468,Comédia
ts226468,Romance
tm823355,Ação
tm823355,Suspense
tm823355,Crime
ts110635,Drama
ts110635,Fantasia
ts110635,Suspense
ts110635,Ficção Científica
ts215718,Drama
ts215718,Crime
ts87224,Ficção Científica
ts87224,Drama
ts87224,Fantasia
ts192297,Animação
ts192297,Família
tm857187,Comédia
ts224198,Ação
ts224198,Crime
ts224198,Suspense
ts224198,Ficção Científica
ts224198,Drama
tm814671,Drama
tm814671,Suspense
ts87372,Animação
ts87372,Ação
ts87372,Fantasia
ts93981,Drama
ts103209,Documentário
ts103209,Suspense
ts103209,Crime
ts103209,Família
ts218564,Documentário
tm472411,Documentário
tm472411,História
tm826368,Drama
tm824559,Crime
tm824559,Documentário
tm376739,Documentário
tm376739,Esporte
ts108593,Crime
ts108593,Fantasia
ts108593,Terror
ts108593,Ficção Científica
ts108593,Suspense
ts223948,Documentário
ts223948,Reality Show
ts223456,Documentário
tm814644,Crime
tm814644,Ação
tm814644,Comédia
tm458326,Drama
tm449594,Drama
tm449594,Europeu
ts268551,Drama
ts226617,Documentário
ts226617,Crime
ts226617,Drama
tm454824,História
tm454824,Romance
tm454824,Ação
tm454824,Drama
tm454824,Família
ts220248,Reality Show
ts270439,Reality Show
tm853113,Fantasia
tm853113,Animação
tm853113,Ação
tm853113,Família
tm885805,Ação
tm885805,Comédia
tm885805,Crime
ts91087,Drama
ts91087,Romance
ts90645,Drama
ts90645,Crime
ts90645,Ação
ts90645,Suspense
ts90645,Romance
ts236033,Comédia
tm453994,Drama
tm453994,Europeu
ts220552,Comédia
ts220552,Fantasia
ts220552,Ficção Científica
ts220552,Animação
ts220552,Ação
ts254737,Animação
ts104483,Suspense
ts104483,Terror
ts104483,Drama
ts106015,Animação
ts106015,Ação
ts106015,Esporte
ts107963,Reality Show
ts218803,Documentário
ts218803,Reality Show
tm458328,Suspense
tm458328,Crime
tm458328,Drama
tm838869,Documentário
tm838869,Europeu
tm470836,Música
tm470836,Documentário
tm840438,Comédia
ts225860,Ficção Científica
ts225860,Suspense
ts225860,Ação
ts89231,Reality Show
ts89231,Ação
tm495609,Drama
tm495609,Suspense
tm495609,Terror
tm495609,Ficção Científica
ts225162,Documentário
ts225162,Reality Show
ts105645,Comédia
tm833638,Drama
tm833638,Crime
tm833638,Terror
tm833638,Suspense
ts288353,Ficção Científica
ts288353,Drama
ts288353,Suspense
ts110637,Terror
ts110637,Ficção Científica
ts110637,Crime
ts110637,Drama
ts110637,Fantasia
tm453903,Drama
tm453903,Romance
tm453903,Europeu
tm461829,Ação
tm446581,Documentário
tm446581,História
tm831873,Crime
tm831873,Drama
tm831873,Suspense
ts90063,Drama
ts90063,Comédia
ts90063,Romance
tm868777,Comédia
tm868777,Romance
tm483997,Comédia
tm483997,Romance
tm838876,Comédia
tm838876,Ação
ts225718,Drama
ts225718,Suspense
ts225718,Ação
ts225718,Fantasia
ts222609,Drama
tm819054,Comédia
tm819054,Drama
ts236388,Reality Show
ts216474,Crime
ts216474,Suspense
ts216474,Drama
ts86927,Drama
ts86927,Comédia
ts86927,Romance
tm915043,Comédia
ts187443,Crime
ts187443,Drama
ts187443,Suspense
tm827304,Animação
tm827304,Ação
tm827304,Comédia
tm827304,Família
tm954303,Comédia
tm954303,Europeu
ts217356,Suspense
ts217356,Ação
ts217356,Terror
ts220983,Drama
ts220983,Ação
tm917846,Drama
ts213544,Romance
ts213544,Comédia
ts213544,Drama
ts213544,História
ts251061,Ficção Científica
ts251061,Ação
ts251061,Fantasia
ts251061,Animação
tm467467,Documentário
tm467467,Música
ts312044,Animação
ts221174,Animação
ts221174,Família
tm467848,Família
tm467848,Fantasia
tm467848,Romance
tm467848,Animação
tm467848,Ação
tm917974,Suspense
tm917974,Ação
tm848443,Romance
tm848443,Drama
ts223895,Ficção Científica
ts223895,Comédia
ts223895,Drama
ts223895,Fantasia
tm917822,Ação
tm917822,Drama
ts269501,Documentário
ts269501,Música
ts269442,Documentário
tm889018,Drama
tm889018,Música
tm843768,Comédia
tm843768,Família
tm846166,Comédia
tm846166,Animação
tm819107,Comédia
tm886086,Ação
tm886086,Suspense
tm847629,Documentário
tm847629,Música
ts89048,Drama
ts88937,Crime
ts88937,Ação
ts88937,Drama
ts88937,Suspense
ts82739,Drama
ts82739,Crime
ts251615,Documentário
ts251615,Reality Show
ts89832,Ficção Científica
ts89832,Crime
ts89832,Fantasia
ts89832,Romance
ts89832,Comédia
ts216493,Drama
ts216493,Comédia
tm375446,Comédia
tm375446,Ação
tm375446,Europeu
tm881859,Documentário
tm881859,Drama
ts217891,Animação
ts217891,Ação
ts217891,Ficção Científica
ts217891,Fantasia
tm986700,Comédia
tm986700,Drama
tm986700,Suspense
tm986700,Crime
tm674099,Drama
tm674099,Comédia
tm434830,Drama
tm434830,Esporte
ts254982,Documentário
tm473601,Suspense
tm475162,Drama
ts88841,Ficção Científica
ts88841,Fantasia
ts88841,Comédia
ts88841,Drama
ts104840,Crime
ts104840,Drama
ts104840,Música
ts104840,Documentário
ts104840,Reality Show
tm814734,Crime
tm814734,Suspense
tm912373,Comédia
tm916997,Comédia
tm916997,Música
tm465408,Drama
tm826473,Crime
tm826473,Drama
tm932595,Fantasia
tm932595,Família
tm932595,Comédia
tm454156,Romance
tm454156,Comédia
tm454156,Europeu
ts221365,Crime
ts221365,Drama
tm889679,Drama
tm889679,Romance
tm889679,Família
tm889679,Comédia
ts251560,Comédia
ts251560,Drama
ts251560,Música
ts251560,Romance
tm502151,Comédia
tm502151,Drama
tm502151,Europeu
ts223242,Drama
ts223242,Comédia
ts223242,Romance
ts237773,Ficção Científica
ts237773,Drama
ts268099,Animação
ts268099,Família
ts268099,Ação
tm927286,Documentário
tm881162,Documentário
tm881162,Crime
tm881162,Esporte
tm319139,Suspense
tm319139,Ação
tm319139,Crime
tm319139,Drama
tm319139,Romance
tm461159,Ação
tm461159,Família
tm461159,Comédia
tm461159,Música
tm461159,Animação
tm305433,Animação
tm305433,Comédia
tm305433,Família
tm305433,Fantasia
tm305433,Ficção Científica
tm305433,Ação
tm980097,Ficção Científica
tm980097,Comédia
ts237488,Drama
tm485801,Comédia
tm485801,Romance
tm485801,Europeu
tm978401,Drama
tm978401,Ação
tm978401,Guerra
ts253722,Reality Show
ts253722,Música
ts268890,Drama
ts268890,Romance
tm835869,Guerra
ts114080,Drama
ts114080,Romance
ts114080,Ficção Científica
ts114080,Suspense
ts114080,Comédia
ts219049,Ficção Científica
ts219049,Documentário
ts251512,Documentário
ts90356,Reality Show
ts90356,Drama
ts222325,Documentário
ts89291,Comédia
ts89291,Drama
ts225544,Crime
ts225544,Documentário
tm836662,Família
tm836662,Esporte
ts251618,Documentário
ts251618,Drama
ts251618,Família
ts85451,Drama
ts85451,Música
tm457856,Documentário
tm457856,Música
ts226403,Reality Show
ts90902,Drama
ts90902,Comédia
ts90902,Família
ts90902,Romance
tm464435,Documentário
ts224891,Drama
ts224891,Comédia
ts218176,Comédia
ts218176,Família
ts222380,Drama
ts222380,Ação
ts222380,Crime
ts222380,Suspense
ts236653,Reality Show
ts252166,Crime
ts252166,Suspense
ts252166,Drama
ts252166,Ação
ts252166,Comédia
ts252166,Romance
ts245653,Comédia
ts245653,Drama
tm823488,Documentário
tm816992,Fantasia
tm816992,Ação
ts225669,Ação
ts225669,Ficção Científica
ts225669,Animação
ts255809,Documentário
ts255809,Crime
ts237208,Reality Show
ts88271,Documentário
ts256853,Ação
ts256853,Fantasia
ts87320,Comédia
ts87320,Drama
tm854278,Crime
tm854278,Suspense
tm854278,Ação
tm854278,Drama
tm467804,Drama
tm467804,Ação
tm467804,Suspense
ts225410,Drama
ts225410,Documentário
tm451502,Terror
tm451502,Suspense
tm451502,Drama
tm884369,Documentário
tm454096,Drama
tm454096,Suspense
tm850454,Comédia
ts251272,Reality Show
tm814150,Ação
tm814150,Comédia
tm814150,Drama
tm814150,Fantasia
tm814150,Suspense
ts90980,Comédia
ts90980,Animação
ts185885,Drama
ts185885,História
ts185885,Suspense
tm864480,Crime
tm864480,Drama
tm864480,Suspense
tm864480,Comédia
tm864480,Ação
ts227412,Animação
ts227412,Comédia
ts227412,Família
ts221366,Crime
ts221366,Suspense
ts221366,Drama
ts91741,Drama
tm518467,Animação
tm518467,Comédia
tm518467,Família
tm518467,Fantasia
tm518467,Ação
tm518467,Europeu
ts254293,Reality Show
tm844250,Ação
tm844250,Drama
tm844250,Comédia
tm816593,Comédia
ts251119,Drama
ts251119,Romance
ts251119,Esporte
ts237111,Comédia
ts233530,Documentário
ts233530,Reality Show
tm366245,Suspense
tm366245,Crime
tm366245,Drama
tm366245,Ação
tm948100,Crime
tm948100,Suspense
tm857399,Comédia
tm857399,Documentário
ts237014,Drama
tm941382,Ficção Científica
tm941382,Animação
tm941382,Comédia
tm941382,Drama
tm941382,Família
tm941382,Fantasia
tm571805,Comédia
tm931330,Documentário
tm931330,Música
ts351349,Documentário
tm981863,Terror
tm932201,Documentário
tm494731,Comédia
tm470378,Documentário
tm470378,Música
tm1081074,Drama
ts105601,Família
ts105601,Fantasia
ts105601,Ficção Científica
ts105601,Animação
ts105601,Comédia
ts105601,Ação
ts269844,Drama
ts269844,Família
ts101874,Crime
ts101874,Drama
ts101874,Suspense
ts101874,Ficção Científica
ts89656,Drama
ts89656,Ficção Científica
ts89656,Fantasia
tm452962,Drama
tm452962,Suspense
tm452962,Crime
tm452962,Ação
tm452962,Europeu
ts267956,Drama
ts267956,Suspense
ts217389,Comédia
ts217389,Drama
ts236332,Documentário
tm898169,Drama
tm898169,Animação
ts85510,Reality Show
ts85510,Música
ts187386,Família
tm894619,Comédia
tm894619,Drama
tm894619,Família
tm458893,Comédia
tm458893,Romance
tm458893,Europeu
tm897170,Suspense
tm897170,Drama
tm897170,Terror
ts254767,Documentário
tm449590,Terror
tm449590,Suspense
tm449590,Crime
tm449590,Drama
tm884581,Comédia
tm884581,Romance
tm884581,Música
ts104168,Ação
ts104168,Drama
ts221363,Drama
ts221363,Crime
ts222049,Crime
ts222049,História
ts222049,Documentário
tm898262,Drama
tm898262,História
tm898262,Suspense
tm898262,Terror
tm898262,Ação
tm462611,Romance
tm462611,Comédia
tm844513,Suspense
tm844513,Drama
tm854876,Romance
tm854876,Comédia
tm854876,Drama
tm854876,Europeu
ts237071,Drama
ts237071,Crime
ts237071,Terror
ts237071,Suspense
tm987599,Comédia
tm462778,Comédia
tm890660,Suspense
tm890660,Ação
tm890660,Crime
tm890660,Drama
tm421560,Drama
tm421560,Comédia
tm421560,Música
tm421560,Família
tm857397,Documentário
tm857397,Esporte
tm472766,Drama
tm460360,Comédia
tm460360,Drama
tm460360,Europeu
tm973536,Comédia
ts191121,Comédia
ts191121,Terror
ts191121,Ficção Científica
ts213232,Reality Show
tm462660,Terror
tm462660,Drama
tm462660,Romance
ts251378,Comédia
ts251378,Família
ts251378,Documentário
ts251378,Animação
ts218890,Animação
ts218890,Ação
ts218890,Ficção Científica
ts218890,Fantasia
ts268592,Ação
ts268592,Ficção Científica
ts268592,Suspense
ts268592,Animação
ts268592,Fantasia
ts268592,Esporte
ts216593,Documentário
ts241460,Suspense
ts241460,Drama
ts88552,Drama
ts88552,Romance
ts88552,Comédia
ts88552,Família
ts87361,Reality Show
ts87361,Comédia
ts296153,Comédia
tm946604,Drama
tm514257,Crime
tm514257,Suspense
tm514257,Europeu
tm933826,Drama
tm933826,Comédia
tm835432,Ação
tm835432,Crime
tm835432,Suspense
tm835432,Drama
tm835432,Europeu
tm933447,Comédia
ts224164,Documentário
tm1147120,Documentário
tm453098,Suspense
tm453098,Crime
tm453098,Terror
ts270465,Documentário
ts270465,História
ts270465,Crime
tm886283,Suspense
tm886283,Ação
ts214192,Drama
ts214192,Ação
tm920096,Drama
tm920096,Comédia
ts250871,Documentário
ts250871,Crime
ts252141,Família
ts252141,Animação
ts252141,Comédia
ts87488,Comédia
ts87488,Família
ts87488,Ação
ts222606,Drama
ts222606,Ação
tm475501,Comédia
tm464888,Romance
tm464888,Comédia
tm464888,Drama
tm880059,Drama
ts216744,Ficção Científica
ts216744,Animação
ts216744,Ação
ts216744,Comédia
ts251783,Família
tm933639,Fantasia
tm933639,Família
tm675171,Documentário
tm675171,Música
ts314648,Documentário
ts214579,Fantasia
ts214579,Ficção Científica
ts214579,Animação
ts214579,Comédia
ts214579,Família
ts270742,Documentário
ts228502,Comédia
tm455410,Comédia
tm455410,Família
ts214462,Drama
ts214462,História
ts104485,Drama
ts104485,Ação
ts214280,Ação
ts214280,Crime
tm450673,Comédia
tm855827,Comédia
tm1108868,Suspense
tm1108868,Drama
tm812781,Comédia
ts88133,Drama
ts88133,Romance
tm857921,Drama
tm494531,Drama
tm494531,Europeu
ts89361,Ação
ts89361,Ficção Científica
ts89361,Animação
ts89361,Fantasia
ts268758,Comédia
ts268758,Drama
ts268758,Romance
tm912400,Comédia
tm465513,Ação
tm465513,Comédia
tm465513,Drama
tm944331,Documentário
tm944331,Música
ts236769,Documentário
tm823302,Romance
tm823302,Comédia
tm823302,Drama
tm823302,Animação
tm496648,Drama
tm496648,Comédia
tm496648,Europeu
tm430106,Documentário
ts225379,Drama
ts225379,Suspense
ts224794,Animação
ts224794,Ficção Científica
ts306187,Comédia
ts306187,Família
ts236182,Comédia
ts236182,Drama
ts231260,Suspense
ts231260,Drama
ts231260,Ficção Científica
ts188840,Crime
ts188840,Drama
ts188840,Fantasia
ts188840,Animação
ts188840,Ação
ts268648,Documentário
ts268648,Música
tm817542,Música
tm817542,Documentário
tm817542,Comédia
tm918043,Crime
tm918043,Suspense
tm918043,Drama
tm454861,Documentário
tm454861,História
tm454861,Guerra
tm450698,Crime
tm450698,Drama
tm450698,Europeu
ts103935,Ação
ts103935,Drama
ts103935,Romance
tm889629,Drama
tm889629,Esporte
tm895839,Romance
tm895839,Comédia
tm895839,Drama
ts89696,Drama
ts89696,Crime
ts190452,Suspense
ts190452,Ação
ts190452,Crime
ts190452,Drama
ts215869,Reality Show
ts215869,Documentário
ts90280,Drama
ts90280,Crime
tm474548,Romance
tm474548,Drama
tm474548,Comédia
tm946718,Drama
ts100354,Esporte
ts100354,Crime
ts100354,Drama
ts100354,História
ts88471,Drama
ts88471,Romance
tm466255,Comédia
tm832903,Comédia
tm832903,Drama
tm832903,Romance
tm450832,Ação
tm450832,Suspense
tm450832,Crime
tm450832,Drama
tm450832,Europeu
tm450462,Ação
tm450462,Drama
tm882887,Documentário
ts225647,Drama
ts225647,Crime
ts86928,Drama
ts86928,Ação
ts86928,História
ts86928,Romance
tm847678,Romance
tm847678,Drama
tm960414,Romance
tm960414,Comédia
tm960414,Drama
ts90640,Drama
ts90640,Crime
tm945168,Documentário
tm945168,História
tm889200,Drama
ts84639,Animação
ts84639,Ação
ts84639,Ficção Científica
ts251094,Reality Show
ts251094,Documentário
ts251094,Romance
tm466954,Ação
tm466954,Ficção Científica
tm466954,Suspense
tm857805,Terror
tm857805,Suspense
ts86940,Comédia
ts89315,Comédia
tm848663,Terror
ts256898,Comédia
ts256898,Drama
tm413558,Drama
tm413558,História
tm413558,Guerra
tm413558,Animação
tm413558,Europeu
tm827168,Animação
tm827168,Música
ts87698,Documentário
ts87698,Crime
ts87698,História
tm679284,Comédia
tm679284,Drama
tm679284,Fantasia
tm679284,Romance
tm925858,Drama
tm925858,Fantasia
tm925858,Ação
tm925858,Suspense
tm972010,Terror
tm972010,Suspense
tm483420,Documentário
tm483420,Música
ts91034,Ficção Científica
ts91034,Guerra
ts91034,Drama
tm821164,Documentário
tm514494,Crime
tm514494,Suspense
tm514494,Europeu
ts87489,Documentário
ts87489,Comédia
tm825102,Documentário
ts217045,Animação
ts217045,Ação
ts217045,Ficção Científica
ts235979,Drama
ts235979,Crime
ts235979,Suspense
ts88169,Suspense
ts88169,Drama
ts88169,Comédia
ts88169,Crime
ts88169,Terror
ts88169,Romance
ts256297,Ficção Científica
ts256297,Fantasia
ts256297,Romance
tm932609,Terror
tm932609,Suspense
tm932609,Drama
tm447755,Drama
tm447755,Família
tm447755,Comédia
tm448767,Documentário
tm462277,Suspense
tm462277,Ação
tm462277,Drama
ts253549,Documentário
ts253549,Família
ts252661,Documentário
ts252661,Crime
tm970327,Drama
tm814894,Documentário
tm814894,Música
ts256606,Documentário
ts256606,Crime
tm843276,Drama
tm949267,Drama
tm919106,Documentário
tm919106,Esporte
tm850862,Documentário
tm494847,Comédia
tm494847,Drama
tm494847,Romance
tm494847,Suspense
tm494847,Crime
tm494847,Europeu
ts254817,Documentário
ts254817,Crime
ts215166,Ação
ts215166,Crime
ts215166,Drama
tm931436,Ação
tm943718,Romance
tm943718,Família
tm943718,Comédia
ts251621,Documentário
ts251621,Crime
tm837690,Drama
tm837690,Comédia
tm484989,Documentário
tm484989,Terror
tm484989,Europeu
ts216513,Família
ts216513,Fantasia
ts216513,Ação
ts216513,Comédia
ts216513,Drama
tm879609,Documentário
tm897418,Drama
tm897418,História
tm863890,Comédia
tm863890,Drama
tm844497,Documentário
tm420181,Documentário
tm847623,Guerra
tm847623,Ação
tm925218,Fantasia
tm925218,Ficção Científica
tm925218,Suspense
tm925218,Ação
tm925218,Drama
ts188991,Drama
ts188991,Suspense
ts188991,Crime
ts90511,Crime
tm977464,Documentário
ts191285,Drama
ts191285,Esporte
tm946360,Romance
tm946360,Drama
tm858416,Suspense
tm984935,Comédia
tm917325,Animação
tm917325,Ação
tm917325,Comédia
tm917325,Família
tm917325,Fantasia
tm838954,Ação
tm838954,Drama
tm675154,Drama
tm675154,Romance
tm675154,Ação
ts91125,Drama
ts91125,Guerra
tm844662,Comédia
tm918853,Drama
ts216698,Reality Show
tm460815,Comédia
tm460815,Romance
tm460815,Drama
ts90466,Drama
ts90466,Comédia
tm856424,Comédia
tm856424,Romance
tm856424,Ação
tm470252,Documentário
tm919082,Família
tm919082,Animação
tm919082,Comédia
tm843938,Drama
tm843938,Fantasia
tm843938,Europeu
ts226410,Comédia
ts226410,Drama
ts226410,Fantasia
ts226410,Romance
ts226410,Ação
tm455161,História
tm455161,Guerra
tm455161,Romance
tm455161,Ação
tm455161,Drama
tm869307,Comédia
tm452440,Romance
tm452440,Comédia
tm452440,Família
tm452440,Música
tm849407,Romance
tm849407,Comédia
ts223690,Drama
tm898759,Suspense
tm831934,Comédia
tm831934,Crime
tm831934,Suspense
tm831934,Drama
tm465427,Ação
tm465427,Crime
tm465427,Drama
tm465427,Suspense
tm851346,Drama
tm834230,Suspense
tm834230,Europeu
tm475339,Drama
tm892081,Comédia
ts78324,Comédia
ts78324,Família
ts78324,Animação
tm954543,Comédia
tm975398,Suspense
tm975398,Comédia
tm975398,Crime
ts113748,Família
ts113748,Fantasia
ts113748,Animação
ts113748,Ação
ts113748,Comédia
tm948916,Suspense
tm948916,Família
tm948916,Fantasia
tm948916,Drama
tm948916,Terror
tm948916,Europeu
ts222625,Comédia
ts222625,Drama
ts222625,Romance
ts90508,Reality Show
ts221041,Drama
ts221041,Romance
ts221041,Fantasia
ts223084,Crime
ts223084,Ação
ts223084,Drama
ts223084,Suspense
ts269157,Documentário
ts269157,Crime
tm897771,Documentário
tm910999,Família
tm910999,Fantasia
tm910999,Animação
ts101503,Comédia
ts101503,Família
tm830833,Documentário
tm819497,Comédia
tm819497,Drama
tm819497,Romance
tm836674,Família
tm836674,Comédia
tm836674,Ação
tm836674,Fantasia
tm836674,Esporte
ts269740,Drama
ts269740,Comédia
tm373452,Comédia
tm373452,Romance
tm373452,Drama
tm373452,Suspense
tm982100,Documentário
tm982100,Música
ts90789,Reality Show
ts90789,Suspense
ts90789,Crime
tm945825,Animação
tm945825,Família
tm885669,Fantasia
tm885669,Família
tm885669,Comédia
tm945435,Animação
tm945435,Ação
tm945435,Comédia
tm945435,Família
tm474061,Família
tm474061,Ação
tm474061,Comédia
tm837843,Documentário
tm837843,Drama
tm840761,Comédia
tm840761,Romance
tm856593,Comédia
tm948607,Comédia
tm948607,Romance
tm351938,Terror
tm351938,Comédia
tm351938,Europeu
tm470597,Documentário
tm470597,Esporte
tm426630,Crime
tm426630,Drama
tm483602,Romance
tm483602,Ação
tm483602,Crime
tm483602,Drama
tm483602,Suspense
tm886214,Suspense
tm886214,Drama
tm886214,Crime
tm919903,Drama
tm919903,Suspense
tm835305,Documentário
tm455981,Documentário
tm836638,Fantasia
tm836638,Drama
tm836638,Comédia
ts59542,Crime
ts59542,Drama
ts59542,Comédia
ts105589,Animação
ts105589,Comédia
ts105589,Família
tm847008,Drama
tm847008,Suspense
ts222438,Drama
ts222438,Ficção Científica
ts222438,Ação
ts222438,Animação
tm452929,Comédia
tm452929,Europeu
tm845532,Documentário
tm818786,Drama
tm818786,Terror
tm818786,Suspense
tm834715,Suspense
tm834715,Drama
tm830795,Drama
tm830795,Romance
tm450095,Drama
tm833382,Drama
ts222802,Ação
ts222802,Ficção Científica
ts222802,Comédia
ts222802,Drama
ts222802,Fantasia
ts222802,Romance
tm477006,Drama
tm477006,Crime
tm477006,Suspense
ts243256,Drama
ts243256,Comédia
ts250803,Reality Show
tm825952,Comédia
tm863992,Documentário
tm863992,História
tm863992,Guerra
ts112733,Ação
ts112733,Drama
ts112733,Suspense
ts90095,Drama
ts90095,Ficção Científica
ts90095,Terror
ts90095,Fantasia
ts90095,Suspense
tm466832,Ação
tm466832,Fantasia
tm466832,Animação
tm466832,Família
tm466832,Comédia
tm845020,Comédia
tm845020,Documentário
tm871330,Família
tm458418,Romance
tm458418,Drama
tm817087,Drama
tm817087,História
tm817087,Documentário
tm461827,Comédia
tm461827,Drama
tm461827,Europeu
tm947555,Comédia
tm372035,Drama
tm372035,Europeu
ts250920,Documentário
ts250920,Esporte
tm819016,Documentário
tm838765,Romance
tm838765,Família
tm818588,Comédia
tm818588,Esporte
tm818588,Romance
tm811971,Documentário
ts112667,Comédia
ts112667,Família
ts112667,Animação
tm845850,Drama
tm845850,Música
tm845850,Comédia
tm845850,Romance
ts104507,Drama
ts104507,Comédia
tm884616,Drama
tm850822,Comédia
tm850822,Drama
tm931158,Documentário
tm898180,Drama
tm677746,Drama
tm677746,Romance
tm677746,Animação
tm452867,Drama
tm452867,Ação
tm452867,Crime
tm452867,Suspense
ts222803,Documentário
ts222803,Esporte
ts222803,Comédia
ts222803,Drama
tm464527,Documentário
tm464527,Crime
tm464527,Música
tm458721,Comédia
tm492043,Comédia
tm492043,Romance
tm881891,Comédia
tm929630,Drama
tm929630,Romance
tm935993,Drama
tm935993,Comédia
tm901947,Drama
ts88821,Drama
ts88821,Comédia
ts88821,Romance
ts89336,Animação
ts89336,Família
ts250800,Drama
ts250800,Suspense
ts223078,Família
ts223078,Reality Show
tm843944,Documentário
tm850730,Drama
tm850730,Europeu
ts87680,Drama
ts89331,Drama
ts89331,Romance
tm976632,Comédia
tm976632,Drama
tm469025,Comédia
tm857873,Drama
tm890591,Romance
tm921416,Drama
tm921416,Crime
tm921416,Suspense
tm921416,Ação
ts87599,Drama
ts87599,Romance
tm849937,Família
tm849937,Animação
tm849937,Ficção Científica
tm849937,Comédia
tm849937,Fantasia
tm861718,Crime
tm861718,Drama
tm861718,Suspense
tm861718,Ação
tm937044,Documentário
tm937044,Música
ts252318,Reality Show
tm442199,Ficção Científica
tm442199,Guerra
tm442199,Ação
tm455197,Drama
tm455197,Romance
tm455197,Crime
tm455197,Ação
tm840224,Comédia
tm459329,Drama
tm453727,Suspense
tm818154,Comédia
ts225539,Drama
ts225539,Crime
ts225539,Romance
ts89330,Comédia
tm832843,Comédia
tm919210,Comédia
tm919210,Drama
tm851912,Ação
tm851912,Drama
tm851912,Guerra
tm941531,Crime
tm941531,Ação
tm941531,Drama
tm941531,Suspense
tm938466,Documentário
tm938466,Europeu
ts251616,Reality Show
ts251616,Música
tm977478,Comédia
tm912190,Fantasia
tm912190,Ficção Científica
tm912190,Drama
tm873159,Drama
tm873159,Fantasia
tm873159,Ficção Científica
tm873159,Ação
tm957567,Comédia
tm468200,Drama
ts222835,Drama
tm893874,Suspense
tm893874,Drama
tm931701,Drama
tm931701,Crime
tm827640,Documentário
tm827640,Música
tm908529,Romance
tm908529,Documentário
tm908529,Comédia
ts238316,Reality Show
tm817284,Romance
tm817284,Drama
tm817284,Comédia
tm979689,Animação
tm979689,Família
tm979689,Drama
ts268997,Ficção Científica
ts268997,Suspense
tm975765,Música
tm975765,Documentário
tm977782,Música
tm977782,Documentário
tm429172,Suspense
tm429172,Guerra
tm429172,Crime
tm429172,Ação
tm429172,Drama
tm429172,Europeu
tm849131,Ação
tm854749,Drama
tm854749,Europeu
ts223098,Comédia
ts221851,Drama
ts221851,Suspense
tm929600,Comédia
ts222599,Reality Show
tm977952,Comédia
tm977952,Música
tm824560,Ação
tm824560,Drama
tm920320,Documentário
tm466426,Comédia
tm853910,Documentário
tm898699,Comédia
tm854682,Drama
tm828326,Documentário
tm835512,Ação
tm835512,Comédia
tm835512,Família
tm835512,Animação
tm841239,Documentário
ts241246,Drama
ts189314,Comédia
ts189314,Reality Show
ts233367,Música
ts233367,Reality Show
tm446480,Família
tm446480,Drama
tm423624,Drama
tm423624,Comédia
tm423624,Romance
tm423624,Crime
ts214463,Drama
ts89679,Família
ts89679,Drama
tm889390,Documentário
tm889390,Música
tm912327,Animação
tm912327,Família
tm912327,Comédia
tm852662,Drama
tm452996,Comédia
ts88146,Documentário
ts88146,Comédia
tm889647,Suspense
tm889647,Drama
ts266898,Reality Show
tm1079495,Drama
tm1079495,Família
tm1079495,Esporte
ts89363,Animação
ts89363,Família
tm885845,Documentário
tm851860,Comédia
tm943771,Animação
tm943771,Família
tm943771,Comédia
tm943771,Drama
tm1005077,Drama
tm462551,Comédia
tm462551,Europeu
tm840723,Drama
tm840723,Família
tm840723,Comédia
tm898773,Fantasia
tm898773,Terror
tm898773,Drama
ts222942,Documentário
ts222942,Crime
tm908777,Comédia
tm1028083,Drama
tm938227,Comédia
tm938227,Música
tm938227,Família
tm937265,Romance
tm937265,Comédia
tm917999,Comédia
tm832684,Documentário
tm832684,Música
tm463038,Comédia
tm463038,Europeu
ts213071,Suspense
ts213071,Drama
tm845117,Comédia
tm822596,Música
tm822596,Romance
tm822596,Drama
tm822596,Europeu
tm837648,Comédia
tm844208,Documentário
tm824858,Drama
tm824858,Romance
tm824858,Comédia
ts222838,Documentário
ts222838,Reality Show
tm944631,Crime
tm944631,Documentário
tm843958,Ação
ts225377,Drama
ts225377,Comédia
ts225377,Romance
tm511991,Romance
tm511991,Drama
ts266966,Romance
ts266966,Drama
tm1149814,Crime
tm1149814,Suspense
tm1149814,Ação
ts235689,Reality Show
tm846941,Documentário
tm957792,Terror
tm474862,Drama
tm474862,Esporte
tm853485,Documentário
tm849323,Drama
tm849323,Romance
tm849323,História
tm425944,Suspense
tm425944,Drama
tm425944,Europeu
tm469432,Documentário
tm501222,Ação
tm501222,Crime
tm501222,Drama
tm501222,Terror
tm501222,Suspense
tm501222,Europeu
ts251072,Drama
tm428506,Comédia
tm428506,Ação
tm957903,Documentário
tm923612,Drama
tm838705,Drama
tm838705,Comédia
tm838705,Romance
tm838705,Família
ts252015,Comédia
ts252015,Família
tm946277,Suspense
tm946277,Drama
tm884531,Documentário
tm973335,Suspense
tm973335,Comédia
tm847212,Suspense
tm847212,Ação
tm822099,Terror
tm822099,Suspense
tm822099,Crime
tm822099,Drama
tm234980,Romance
tm234980,Comédia
tm234980,Ação
tm234980,Fantasia
tm910612,Comédia
tm910612,Família
tm910612,Fantasia
tm850382,Drama
tm850382,Romance
tm464509,Drama
tm820116,Drama
tm820116,Crime
tm856945,Animação
tm856945,Família
tm856945,Ação
tm859143,Drama
tm859143,Suspense
tm859143,Ação
tm859143,Esporte
tm918026,Comédia
tm1096875,Documentário
tm918960,Ação
tm918960,Família
tm918960,Animação
tm918960,Comédia
tm918960,Ficção Científica
ts89340,Suspense
ts89340,Guerra
ts89340,Drama
ts89340,Crime
ts103574,Ação
ts103574,Comédia
ts103574,Crime
ts218367,Drama
ts218367,Romance
tm840216,Comédia
tm938048,Comédia
tm821662,Drama
tm821662,Comédia
tm540277,Documentário
tm540277,Música
tm810642,Comédia
tm810642,Romance
tm810642,Drama
tm984018,Animação
tm946801,Comédia
tm946801,Drama
ts221891,Animação
ts221891,Ação
tm950808,Drama
tm847630,Drama
tm847630,Ficção Científica
tm847630,Suspense
ts89531,Drama
tm946927,Documentário
tm946927,Família
tm883113,Ação
tm883113,Suspense
ts218504,Família
ts218504,Fantasia
ts218504,Animação
ts218504,Ação
ts218504,Comédia
tm431769,Drama
tm431769,Romance
tm431769,Europeu
tm849251,Comédia
ts237487,Animação
ts237487,Família
tm878995,Animação
tm878995,Ação
tm878995,Comédia
tm878995,Família
tm878995,Fantasia
tm856545,Suspense
tm856545,Crime
tm856545,Drama
tm474263,Comédia
tm474263,Música
tm462037,Drama
tm462037,Família
tm462037,Comédia
tm462037,Esporte
tm851499,Comédia
tm927033,Animação
tm927033,Família
tm849102,Romance
tm849102,Comédia
tm810836,Drama
tm954606,Comédia
tm431810,Documentário
tm469966,Comédia
tm469966,Drama
tm469966,Crime
tm818239,Esporte
tm818239,Drama
ts222980,Reality Show
ts221151,Documentário
tm468724,Documentário
tm469510,Crime
tm469510,Drama
tm845607,Animação
tm845607,Família
tm845607,Ação
tm845607,Comédia
tm845607,Drama
tm926528,Drama
tm926528,Ação
tm926528,Crime
tm926528,Suspense
tm926528,Comédia
tm1013697,Terror
tm1013697,Suspense
tm1013697,Fantasia
tm854454,Comédia
tm854454,Família
tm854454,Romance
tm854454,Drama
ts269085,Comédia
ts269073,Reality Show
ts269073,Documentário
ts269073,Romance
tm473813,Comédia
tm473813,Drama
tm1226722,Suspense
tm1226722,Terror
tm863611,Romance
tm863611,Comédia
tm998899,Drama
tm826875,Comédia
ts258169,Reality Show
tm845370,Documentário
ts92405,Comédia
ts92405,Crime
ts92405,Drama
tm452900,Documentário
tm452900,Drama
tm918962,Animação
tm918962,Família
tm918962,Ficção Científica
tm918962,Documentário
tm918962,Comédia
tm908128,Drama
tm908128,Comédia
tm1026231,Música
ts223110,Reality Show
tm882606,Drama
tm882606,Família
ts218776,Documentário
tm473647,Música
tm473647,Documentário
tm830994,Família
tm830994,Animação
tm452574,Comédia
tm452574,Documentário
tm840242,Comédia
ts88608,Documentário
ts88608,Esporte
tm115973,Romance
tm115973,Ação
tm115973,Drama
ts234501,Família
ts234501,Fantasia
ts234501,Animação
ts234501,Comédia
tm869373,Ação
tm869373,Comédia
tm843143,Drama
tm843143,Romance
tm843143,Comédia
ts237304,Animação
ts253288,Comédia
tm848444,Animação
tm848444,Comédia
tm848444,Ação
tm848444,Drama
ts89895,Animação
ts89895,Comédia
ts89895,Família
ts89895,Fantasia
tm823350,Comédia
ts262228,Animação
tm431349,Drama
tm881984,Comédia
tm881984,Drama
tm881984,Romance
tm451852,Suspense
tm451852,Terror
tm451852,Drama
tm451852,Fantasia
tm842829,Crime
tm842829,Drama
tm842829,Suspense
tm451584,Comédia
tm451584,Drama
tm451584,Romance
tm935388,Comédia
tm935388,Drama
tm935388,Romance
tm907704,Documentário
tm907704,Música
tm452237,Ação
tm452237,Terror
tm452237,Suspense
tm452237,Ficção Científica
tm456074,Drama
tm894241,Comédia
ts224906,Drama
ts224906,Romance
tm887052,Guerra
tm887052,Documentário
tm458363,Drama
tm845942,Comédia
tm845942,Família
tm498444,Drama
tm824324,Comédia
tm831196,Drama
tm819841,Comédia
tm819841,Romance
tm819841,Drama
tm841410,Documentário
tm996316,Comédia
tm996316,Ação
tm996316,Drama
ts262037,Animação
tm845588,Música
ts255867,Animação
tm834653,Comédia
tm834653,Família
tm834653,Fantasia
tm834653,História
tm834653,Animação
tm834653,Ação
tm894858,Crime
tm971431,Comédia
tm465984,Suspense
tm465984,Europeu
tm863280,Drama
ts225708,Drama
ts225708,Ficção Científica
ts225708,Comédia
ts225708,História
tm866782,Comédia
tm866782,Romance
tm866782,Drama
tm810423,Comédia
tm918373,Comédia
tm918373,Família
tm918373,Ação
tm457410,Ação
tm457410,Comédia
tm457410,Crime
tm457410,Drama
tm940566,Suspense
tm940566,Terror
tm940566,Drama
tm825210,Drama
tm460259,Suspense
tm460259,Drama
tm896246,Comédia
ts217553,Comédia
tm483190,Comédia
tm483190,Drama
tm483190,Romance
tm925785,Terror
tm925785,Suspense
tm925785,Ação
tm454464,Comédia
tm454464,Ação
tm454464,Fantasia
tm454464,Esporte
tm484173,Música
tm484173,Comédia
tm484173,Drama
tm919920,Drama
ts269283,Drama
tm405637,Terror
tm405637,Suspense
tm478962,Suspense
tm478962,Crime
tm478962,Drama
tm813634,Drama
tm813634,Romance
tm877746,Comédia
tm877746,Romance
tm938333,Animação
tm938333,Família
tm938333,Terror
ts89182,Drama
ts89182,Comédia
ts89182,Terror
ts89182,Suspense
tm828318,Comédia
tm828318,Drama
tm455715,Drama
tm455715,Romance
ts243189,Comédia
ts243189,Família
ts243189,Animação
tm977184,Animação
tm977184,Família
tm474695,Documentário
tm474695,Europeu
tm845616,Comédia
tm826677,Drama
ts234505,Comédia
ts224261,Reality Show
tm1000551,Comédia
tm1000551,Drama
tm1000551,Romance
tm943808,Documentário
tm943808,Esporte
tm975616,Documentário
tm373471,Drama
tm373471,Romance
tm373471,Comédia
tm936519,Drama
tm946795,Suspense
tm946795,Drama
tm813936,Comédia
ts88166,Reality Show
tm918258,Crime
tm918258,Drama
tm918258,Comédia
tm1047951,Drama
tm493556,Crime
tm493556,Drama
tm882875,Fantasia
tm882875,Ficção Científica
ts221472,Comédia
tm460411,Comédia
tm816432,Suspense
tm816432,Drama
tm1020701,Documentário
tm839479,Drama
tm828570,Comédia
tm828570,Drama
tm466850,Comédia
tm835445,Comédia
tm1004219,Comédia
tm1004219,Romance
tm435327,Drama
tm435836,Drama
tm983091,Documentário
ts222687,Reality Show
tm674135,Comédia
tm674135,Família
tm938434,Romance
tm938434,Comédia
tm938434,Ação
tm912415,Comédia
tm992712,Documentário
ts298837,Animação
tm475638,Comédia
tm475638,Família
ts251607,Animação
ts251607,Família
ts213611,Drama
tm980358,Família
tm483511,Comédia
tm483511,Drama
tm483511,Romance
ts101042,Documentário
ts101042,Guerra
ts269280,Crime
ts269280,Suspense
ts255418,Crime
ts255418,Documentário
tm830151,Drama
tm830151,Família
tm830151,Música
tm830151,Documentário
tm1026240,Música
tm885938,Comédia
ts225513,Ficção Científica
tm838007,Drama
tm838007,Comédia
tm845552,Documentário
ts237556,Comédia
tm873357,Comédia
tm873357,Drama
tm873357,Romance
tm810357,Ação
tm810357,Animação
tm810357,Família
tm1062350,Drama
tm457296,Comédia
tm982569,Comédia
tm840208,Comédia
ts229700,Comédia
tm840236,Drama
tm840236,Romance
tm844978,Documentário
tm885364,Comédia
ts45322,Drama
ts45322,Romance
tm849599,Suspense
ts257243,Música
ts257243,Reality Show
tm981475,Drama
tm981475,Crime
tm981475,Europeu
tm882700,Documentário
tm882700,Drama
ts89740,Drama
ts89740,Crime
tm850176,Comédia
tm945831,Animação
tm945831,Família
ts256134,Reality Show
ts256134,Música
tm862830,Comédia
tm862830,Romance
tm971819,Comédia
tm971819,Drama
tm915354,Drama
tm881575,Comédia
tm881575,Romance
ts218000,Ação
ts218000,Drama
ts218000,Romance
tm848261,Drama
tm848261,Suspense
tm454431,Comédia
tm454431,Drama
tm890479,Documentário
tm982018,Ação
tm982018,Família
tm982018,Animação
tm982018,Comédia
tm1015303,Drama
tm813231,Drama
tm835414,Drama
tm835414,Animação
tm823459,Documentário
tm832463,Drama
tm832463,Romance
tm832463,Comédia
ts252695,Família
tm836449,Drama
tm836449,Comédia
tm832844,Comédia
tm898322,Drama
tm925702,Documentário
tm887376,Animação
tm887376,Família
tm472999,Comédia
tm472999,Drama
tm859424,Drama
tm859424,Comédia
tm863879,Comédia
tm863879,Drama
tm925186,Ação
tm925186,Crime
tm925186,Drama
tm852728,Drama
ts283159,Drama
ts283159,Romance
tm846630,Drama
tm846630,Ação
tm846630,Esporte
tm846630,Suspense
tm918959,Animação
tm881973,Animação
ts90648,Drama
tm813929,Drama
tm813929,Comédia
tm475815,Romance
tm475815,Esporte
tm475815,Comédia
tm475815,Drama
tm683841,Drama
tm683841,Romance
tm468824,Fantasia
tm468824,Animação
tm474647,Drama
tm474647,Romance
tm854786,Drama
ts222901,Drama
ts222901,Família
tm973704,Suspense
tm973704,Terror
tm467735,Comédia
ts250872,Reality Show
ts90568,Drama
ts90568,Comédia
ts90568,Crime
tm1036794,Documentário
tm1036794,Música
tm676905,Romance
tm676905,Comédia
tm844201,Família
tm844201,Animação
tm844201,Fantasia
tm833361,Animação
tm833361,Família
tm437379,Documentário
tm437379,Europeu
tm847805,Crime
tm847805,Comédia
tm847805,Drama
tm847805,Ação
tm814652,Drama
tm920599,Animação
tm813938,Comédia
tm461532,Romance
tm461532,Comédia
tm820338,Crime
tm820338,Fantasia
tm820338,Suspense
tm820338,Drama
tm820338,Ação
tm844236,Ação
tm844236,Família
tm844236,Animação
tm822502,Comédia
tm989205,Documentário
tm989205,Música
ts218307,Reality Show
tm839761,Drama
tm468651,Comédia
tm834121,Documentário
tm474618,Documentário
tm474496,Comédia
tm474496,Romance
tm677904,Romance
tm677904,Drama
tm677904,Comédia
tm476708,Comédia
tm476708,Família
tm822210,Romance
tm822210,Ficção Científica
tm822210,Drama
tm822210,Fantasia
tm949905,Ação
tm949905,Crime
tm949905,Suspense
ts223121,Drama
ts223121,Comédia
tm477403,Comédia
tm477403,Romance
tm935941,Família
tm935941,Animação
tm935941,Ação
tm935941,Comédia
tm863514,Comédia
tm922943,Documentário
tm922943,Esporte
tm439365,Drama
tm439365,Crime
tm439365,Comédia
tm927926,Drama
tm927926,Família
tm927926,Comédia
tm944561,Documentário
tm818499,Terror
tm818499,Romance
tm476922,Comédia
tm476922,Drama
tm822272,Drama
tm822272,Romance
tm466854,Ação
tm466854,Suspense
tm940835,Animação
tm845594,Drama
tm845594,Suspense
tm1088545,Drama
tm1088545,Comédia
tm1088545,Romance
tm530822,Documentário
tm463217,Drama
tm467116,Documentário
tm879556,Comédia
tm838022,Drama
tm468811,Drama
tm812593,Comédia
tm814953,Drama
tm814953,História
tm853091,Comédia
tm467955,Comédia
tm846354,Drama
tm846354,Comédia
tm846354,Romance
tm953122,Animação
tm373655,Drama
tm373655,Música
tm896976,Animação
tm981956,Animação
tm981956,Comédia
tm981956,Ação
tm981956,Família
tm981956,Faroeste
tm981956,Drama
tm842869,Comédia
tm918894,Documentário
tm918894,Esporte
tm823848,Comédia
tm831125,Documentário
tm843222,Documentário
tm675214,Comédia
tm675214,Drama
tm852775,Comédia
tm822167,Comédia
tm822167,Drama
tm822167,Romance
tm461427,Romance
tm461427,Drama
tm464212,Documentário
tm464212,Esporte
tm1041549,Romance
tm1041549,Comédia
tm471802,Comédia
tm471802,Drama
tm471802,Esporte
tm837802,Comédia
tm837802,Família
tm849871,Comédia
tm825934,Animação
tm866495,Drama
tm866495,Romance
tm866495,Fantasia
tm813423,Drama
tm922407,Ação
tm922407,Drama
tm922407,Comédia
tm461726,Documentário
tm843345,Animação
tm843345,Família
tm843345,Música
tm843345,Fantasia
tm901961,Documentário
tm901961,Música
tm901961,Drama
tm483103,Drama
tm483103,Romance
tm898285,Documentário
tm924556,Drama
tm924556,Comédia
tm924556,Romance
tm976168,Terror
tm976168,Drama
tm1073424,Animação
tm1073424,Ação
tm1073424,Comédia
tm451269,Comédia
tm840152,Suspense
tm840152,Drama
tm1080109,Crime
tm813075,Documentário
tm893510,Drama
tm893510,Documentário
tm893510,Música
tm475254,Drama
tm976797,Animação
tm976797,Comédia
tm976797,Família
ts251929,Reality Show
tm873354,Drama
tm873354,Romance
tm938186,Documentário
tm852060,Comédia
tm942492,Animação
tm888850,Ação
tm882222,Comédia
tm907872,Música
tm907872,Documentário
ts223115,Família
ts223115,Romance
ts223115,Comédia
tm474721,Comédia
tm824855,Drama
tm824855,Comédia
tm849565,Drama
tm851862,Comédia
tm944307,Documentário
tm510525,Comédia
tm510525,Romance
tm835958,Comédia
tm852207,Documentário
tm883070,Comédia
ts230973,Documentário
ts230973,Música
tm679270,Drama
tm679270,Romance
ts255823,Comédia
ts255823,Romance
tm837042,Documentário
tm837042,Música
tm435295,Romance
tm435295,Drama
tm678035,Comédia
tm678035,Terror
tm958984,Suspense
tm507191,Música
tm507191,Documentário
tm836501,Comédia
tm836501,Animação
ts236850,Drama
ts236850,Ação
tm977772,Suspense
tm430120,Drama
tm430120,Comédia
tm430120,Europeu
tm981770,Comédia
tm981770,Drama
ts222512,Reality Show
tm878495,Romance
tm878495,Comédia
tm1000166,Música
tm929614,Música
tm929614,Documentário
ts233732,Animação
ts233732,Comédia
tm474405,Drama
tm474405,Romance
tm454338,Romance
tm454338,Drama
tm941493,Animação
tm885948,Comédia
ts235916,Reality Show
ts235916,Comédia
tm1068745,Comédia
tm1068745,Romance
tm912399,Documentário
ts90696,Drama
tm834608,Comédia
tm834608,Drama
tm925490,Drama
tm476496,Drama
tm476496,Comédia
tm947446,Drama
tm456894,Romance
tm812783,Comédia
tm976519,Comédia
tm976519,Drama
tm1005937,Suspense
tm1005937,Crime
tm860204,Drama
tm860204,Romance
tm833555,Comédia
tm822271,Comédia
tm822271,Drama
tm826983,Ação
tm826983,Crime
tm826983,Suspense
tm980439,Animação
tm980439,Família
ts215862,Família
ts215862,Animação
tm1073298,Documentário
tm902363,Documentário
tm816983,Suspense
tm816983,Fantasia
tm461907,Terror
tm456271,Drama
tm983849,Comédia
ts103918,Comédia
ts103918,Crime
ts103918,Drama
ts103918,Família
tm979073,Drama
tm1031016,Documentário
tm918704,Fantasia
tm1114639,Fantasia
tm1114639,Comédia
tm1114639,Animação
tm854261,Comédia
tm464284,Ação
tm460149,Comédia
tm460149,Drama
tm878492,Comédia
tm815438,Comédia
tm472231,Romance
tm472231,Drama
tm472961,Documentário
tm902993,Drama
tm462809,Drama
tm462809,Romance
tm916008,Música
tm916008,Documentário
ts90643,Drama
tm843408,Drama
tm836077,Comédia
tm811954,Comédia
tm811954,Romance
tm811954,Drama
tm856372,Drama
tm856372,Suspense
tm842976,Música
tm842976,Família
tm426634,Drama
tm452578,Comédia
tm452578,Música
tm1028068,Música
tm921230,Drama
tm921230,Romance
tm450129,Romance
tm450129,Comédia
tm810873,Drama
tm824566,Documentário
tm981675,Animação
tm981675,Família
ts222362,Comédia
ts222362,Animação
tm460199,Romance
tm460199,Comédia
tm460199,Drama
tm460199,Família
tm463814,Comédia
ts224956,Reality Show
tm1080445,Suspense
tm1080445,Ação
ts252861,Ficção Científica
ts252861,Suspense
ts252861,Ação
ts252861,Terror
tm463762,Drama
tm463762,Ação
tm305129,Comédia
tm305129,Família
tm305129,Fantasia
tm305129,Música
tm305129,Drama
tm305129,Animação
tm852360,Ação
tm852360,Suspense
tm852360,Drama
tm852360,Romance
tm852360,Comédia
tm1170388,Romance
tm1170388,Drama
tm1170388,Comédia
tm1126268,Drama
tm1126268,Esporte
tm1126268,Comédia
tm1020438,Ficção Científica
tm1020438,Suspense
tm1020438,Drama
tm1020438,Ação
tm1020438,Crime
ts271450,Crime
ts271450,Drama
ts271450,Suspense
ts277084,Comédia
ts277084,Família
tm1067148,Comédia
tm1067148,Família
tm1067148,Fantasia
tm1067148,Ficção Científica
tm1067148,Animação
tm1226954,Documentário
tm1226954,Crime
ts356995,Documentário
ts269395,Comédia
ts269395,Fantasia
ts353844,Crime
ts353844,Documentário
tm1143265,Terror
tm957290,Terror
tm957290,Drama
ts357030,Crime
ts357030,Documentário
ts306335,Ficção Científica
ts306335,Comédia
tm1043537,Drama
tm1043537,Guerra
tm1043537,História
ts215951,Fantasia
ts215951,Terror
ts215951,Ação
ts215951,Drama
ts215951,Ficção Científica
ts108385,Drama
tm928497,Comédia
tm928497,Terror
tm928497,Guerra
tm928497,Fantasia
tm928497,Suspense
tm928497,Ação
ts308317,Reality Show
tm1228854,Comédia
tm1228854,Documentário
ts264270,Drama
ts264270,Suspense
ts222333,Ficção Científica
ts222333,Ação
ts222333,Drama
ts222333,Animação
ts222333,Fantasia
ts220305,Ação
ts220305,Suspense
ts220305,Drama
ts271437,Ação
ts271437,Drama
ts271437,Suspense
ts271437,Crime
tm1082564,Drama
tm1082564,Ação
tm1082564,Comédia
tm1082564,Ficção Científica
ts217231,Romance
ts217231,Drama
ts344162,Drama
ts225061,Drama
ts225061,Crime
ts225061,Suspense
ts223537,Drama
ts223537,Comédia
tm856378,Comédia
tm856378,Drama
tm856378,Ficção Científica
tm674063,Drama
tm674063,Romance
tm674063,Faroeste
ts356887,Reality Show
ts328671,Animação
ts328671,Ação
ts328671,Ficção Científica
ts328671,Comédia
ts328671,Fantasia
ts288808,Ação
ts288808,Crime
ts288808,Drama
ts288808,Suspense
ts319426,Drama
ts319426,Crime
tm1072066,Ação
tm1072066,Comédia
tm1072066,Ficção Científica
ts255888,Suspense
ts255888,Drama
ts255888,Fantasia
ts255888,Terror
tm1221677,Drama
tm1221677,Comédia
tm1221677,Romance
ts306526,Drama
ts311101,Comédia
ts311101,Drama
ts311101,Suspense
ts241363,Drama
tm1044289,Suspense
tm1044289,Ação
tm1044289,Drama
ts312082,Drama
ts312082,Ação
ts312082,Suspense
ts312082,Ficção Científica
ts312082,Comédia
ts312082,Fantasia
ts312082,Romance
ts90093,Comédia
ts307973,Comédia
ts307973,Crime
ts270910,Guerra
ts270910,Ação
ts270910,Drama
ts270910,História
ts270910,Romance
tm1080083,Drama
ts296291,Ficção Científica
ts87242,Ficção Científica
ts87242,Drama
ts87242,Fantasia
ts87242,Ação
ts302437,Ação
ts302437,Animação
ts302437,Família
ts302437,Fantasia
ts302437,Comédia
tm979026,Drama
ts353837,Crime
ts353837,Documentário
ts256072,Suspense
ts256072,Crime
ts256072,Drama
ts256072,Comédia
tm404856,Suspense
tm404856,Ação
tm404856,Comédia
tm404856,Crime
ts317746,Drama
ts317746,Comédia
ts317746,Crime
ts317746,Suspense
ts354073,Documentário
ts256710,Drama
ts256710,Ficção Científica
ts256710,Terror
ts256710,Suspense
ts281927,Crime
ts281927,Drama
ts281927,Suspense
ts298766,Reality Show
ts225855,Ação
ts225855,Drama
ts225855,Ficção Científica
ts225855,Terror
ts225855,Suspense
ts225855,Fantasia
ts342732,Documentário
ts255037,Ficção Científica
ts255037,Animação
ts255037,Drama
ts255037,Ação
ts255037,Terror
tm1232830,Comédia
tm1229846,Documentário
tm1229846,Crime
tm1201262,Romance
tm1201262,Comédia
tm1201262,Drama
tm852172,Animação
tm852172,Ficção Científica
tm852172,Ação
tm852172,Comédia
tm852172,Romance
tm852172,Família
tm852172,Terror
tm852172,Drama
tm937814,Documentário
ts320073,Documentário
ts320073,História
tm370144,Comédia
tm370144,Família
tm370144,Ficção Científica
tm370144,Animação
ts293103,Comédia
ts293103,Drama
ts345200,Drama
ts345200,Guerra
ts222522,Animação
ts222522,Ação
ts222522,Guerra
ts222522,Ficção Científica
ts222522,Drama
ts222522,Suspense
ts237713,Drama
ts237713,Ficção Científica
ts237713,Fantasia
ts237713,Ação
tm825714,Ação
tm825714,Drama
tm825714,Faroeste
tm996762,Ação
tm996762,Drama
ts102086,Suspense
ts102086,Drama
ts357930,Documentário
ts357930,Crime
tm1196288,Crime
tm1196288,Documentário
ts284297,Drama
ts284297,Esporte
ts296046,Crime
ts296046,Drama
ts296046,Suspense
ts296046,Ação
ts296046,Comédia
tm1083293,Crime
tm1083293,Drama
tm1083293,Suspense
ts346959,Documentário
ts346959,História
ts287722,Família
ts287722,Comédia
tm1165462,Comédia
tm1165462,Drama
ts240453,Suspense
ts240453,Ação
ts240453,Comédia
ts240453,Crime
ts240453,Drama
ts294227,Ficção Científica
ts294227,Animação
ts294227,Ação
ts294227,Comédia
tm946869,Terror
tm946869,Suspense
tm946869,Crime
tm986168,Drama
tm986168,Suspense
tm986168,Ação
tm986168,Crime
tm1019177,Ficção Científica
tm1019177,Suspense
tm1019177,Ação
ts256310,Ficção Científica
ts256310,Animação
ts256310,Ação
tm1209228,Comédia
tm1209228,Documentário
ts311985,Comédia
ts311985,Animação
ts311985,Fantasia
ts311985,Ficção Científica
tm1120543,Comédia
ts328051,Reality Show
ts357137,Reality Show
ts310081,Suspense
ts310081,Drama
ts269096,Drama
ts269096,Romance
tm991529,Drama
ts355168,Documentário
ts330198,Animação
tm1231785,Comédia
tm1231785,Drama
tm1092864,Drama
tm1092864,Crime
ts311987,Documentário
ts311987,Crime
ts85985,Ficção Científica
ts85985,Ação
ts85985,Drama
ts85985,Fantasia
ts85985,Comédia
ts85985,Crime
ts237722,Animação
ts237722,Comédia
ts237722,Família
ts237722,Fantasia
ts237722,Ação
ts251675,Ficção Científica
ts251675,Terror
ts251675,Suspense
ts251675,Crime
ts251675,Drama
ts251675,Fantasia
tm1235785,Comédia
tm1014947,Drama
tm1014947,História
tm1014947,Ação
tm1075698,Música
tm1075698,Comédia
tm1075698,Drama
ts252119,Drama
ts292696,Crime
ts292696,Drama
ts292696,Suspense
tm1195971,Música
tm1195971,Documentário
ts234817,Drama
ts234817,Ficção Científica
ts234817,Suspense
ts234817,Ação
ts234817,Crime
ts227473,Suspense
ts227473,Drama
ts227473,Terror
ts227473,Ficção Científica
tm1117040,Ação
tm1117040,Suspense
tm1117040,Drama
ts269179,Documentário
ts269179,Comédia
tm1204402,Comédia
tm1001097,Drama
tm1001097,Música
tm1001097,Romance
tm525645,Drama
tm525645,Terror
tm525645,Fantasia
ts289334,Comédia
ts289334,Drama
ts289334,Romance
tm1022953,Documentário
tm1038686,Comédia
tm1038686,Drama
tm1038686,Música
tm1038686,Reality Show
tm1180524,Suspense
tm1180524,Ação
ts310057,Drama
ts310057,Suspense
ts310057,Comédia
ts310057,Crime
ts328625,Ação
ts328625,Ficção Científica
tm501313,Ação
tm501313,Suspense
tm501313,Crime
tm1137051,Ficção Científica
tm1137051,Fantasia
tm1137051,Romance
tm1137051,Esporte
tm1137051,Suspense
tm1137051,Animação
tm1137051,Ação
tm1137051,Drama
tm471968,Drama
tm471968,Suspense
tm1111987,Drama
tm1111987,História
tm1111987,Suspense
ts300391,Crime
ts300391,Drama
ts300391,Suspense
ts273436,Documentário
ts273436,Crime
ts273436,História
ts281225,Ação
ts281225,Crime
ts281225,Drama
ts281225,Suspense
tm1048362,Comédia
tm1048362,Crime
tm1048362,Suspense
tm1048362,Ficção Científica
tm1048362,Terror
tm1048362,Romance
tm1048362,Ação
ts349630,Reality Show
ts349630,Documentário
ts349630,Romance
ts286731,Drama
ts286731,Animação
ts286731,Comédia
ts286731,Romance
ts232107,Ficção Científica
ts232107,Suspense
ts232107,Terror
ts232107,Drama
ts296472,Crime
ts296472,Drama
ts296472,Suspense
ts88578,Drama
ts88578,Romance
tm1165983,Suspense
tm1165983,Crime
tm1165983,Drama
tm1198242,Comédia
tm1196705,Comédia
tm1196705,Romance
tm1219452,Comédia
tm1219452,Documentário
tm456513,Terror
tm456513,Suspense
tm456513,Crime
tm456513,Ficção Científica
tm456513,Ação
tm1138477,Documentário
tm1166288,Família
tm1166288,Drama
tm1064065,Ficção Científica
tm1064065,Suspense
tm1064065,Guerra
tm1064065,Ação
tm1064065,Drama
tm1119272,Documentário
tm1119272,Esporte
ts343430,Drama
ts343430,Suspense
ts343430,Fantasia
ts343430,Crime
tm851128,Comédia
tm851128,Ficção Científica
tm851128,Fantasia
tm1137119,Guerra
tm1137119,História
tm1137119,Drama
tm1166024,Ficção Científica
tm1166024,Suspense
tm1166024,Drama
tm1166024,Terror
tm1046932,Ação
tm1046932,Drama
tm1046932,Suspense
tm1046932,Crime
tm992844,História
tm992844,Drama
ts225645,Drama
ts225645,Comédia
ts282131,Documentário
tm1207097,Comédia
tm1207097,Documentário
ts356951,Drama
ts356951,Esporte
tm1033470,Terror
tm1033470,Suspense
tm824160,Drama
tm824160,Terror
tm824160,Fantasia
tm1064228,Drama
tm1064228,Comédia
ts95572,Crime
ts95572,Drama
ts95572,Suspense
tm1185367,Documentário
ts311989,Documentário
ts311989,Música
ts307649,Guerra
ts307649,História
ts307649,Documentário
ts305788,Drama
ts305788,Suspense
tm983784,Suspense
tm983784,Crime
tm983784,Terror
tm1171875,Comédia
tm1171875,Família
ts321918,Animação
ts321918,Comédia
ts321918,Romance
tm993838,Fantasia
tm993838,Comédia
tm993838,Romance
ts328194,Suspense
ts328194,Ação
ts328194,Crime
ts328194,Drama
tm983723,Documentário
tm983723,Música
tm983723,Comédia
tm983723,História
tm855839,Guerra
tm855839,Drama
tm855839,História
tm1108321,Comédia
tm1092958,Terror
tm1092958,Suspense
tm1092958,Drama
ts296743,Ação
ts296743,Ficção Científica
ts296743,Drama
ts296743,Suspense
ts108042,Comédia
ts108042,Drama
ts108042,Família
ts108042,Fantasia
ts108042,Animação
ts108042,Ação
tm1046264,Crime
tm1046264,Ação
tm1046264,Suspense
tm1046264,Fantasia
ts329699,Documentário
tm1150385,Documentário
tm1150385,Crime
tm1138743,Documentário
ts283080,Drama
ts283080,Crime
ts283080,Suspense
tm1227918,Romance
tm1227918,Comédia
tm1227918,Drama
ts287976,Drama
ts287976,Romance
ts225657,Drama
tm347095,Ficção Científica
tm347095,Suspense
tm347095,Terror
tm347095,Drama
tm347095,Fantasia
ts229335,Crime
ts229335,Drama
ts229335,Comédia
tm1087461,Suspense
tm1087461,Ação
tm1087461,Ficção Científica
tm1046026,Ação
tm1046026,Suspense
tm1046026,Comédia
tm1046026,Terror
tm416779,Drama
tm416779,Suspense
tm416779,Crime
ts287559,Ficção Científica
ts287559,Ação
ts287559,Drama
ts287559,Suspense
ts287559,Fantasia
tm1191224,Romance
tm1191224,Drama
ts301625,Crime
ts301625,Drama
ts301625,Suspense
tm1075215,Terror
tm1075215,Suspense
tm1075215,Drama
tm1094217,Animação
tm1094217,Comédia
tm1094217,Família
tm1094217,Romance
tm1094217,Fantasia
ts287438,Suspense
ts287438,Drama
ts287438,Crime
tm1199146,Drama
tm1199146,Romance
tm1141439,Família
tm1141439,Comédia
tm1141439,Esporte
tm1018747,Comédia
tm1018747,Drama
tm949309,Drama
tm949309,Crime
ts343432,Ficção Científica
ts343432,Drama
ts343432,Ação
ts343432,Suspense
ts287352,Drama
ts287352,Ação
ts287352,Suspense
ts287352,Crime
ts328605,Suspense
ts328605,Drama
ts328605,História
ts328541,Documentário
ts328541,Crime
tm1110527,Ação
tm1110527,Família
tm1110527,Ficção Científica
tm1022103,Crime
tm1022103,Ação
tm1022103,Suspense
tm1046627,Suspense
tm1046627,Terror
tm1046627,Drama
ts314135,Documentário
tm1185360,Documentário
ts321298,Drama
ts321298,Romance
ts321298,Comédia
tm1120855,Drama
tm1120855,Romance
tm861000,Drama
tm861000,História
tm1021871,Comédia
tm1021871,Drama
tm1021871,Fantasia
tm841797,Ação
tm841797,Suspense
tm841797,Drama
ts309930,Drama
ts271888,Ficção Científica
ts271888,Drama
ts271888,Fantasia
ts271888,Ação
tm1020851,Animação
tm1020851,Comédia
tm1020851,Família
ts219423,Família
ts219423,Fantasia
ts219423,Ficção Científica
ts219423,Ação
ts219423,Drama
ts219423,Animação
ts219423,Comédia
tm1003630,Romance
tm1003630,Drama
ts255779,Animação
ts255779,Comédia
ts255779,Família
ts255779,Fantasia
ts314164,Drama
ts314164,Fantasia
ts314164,Ação
ts314164,Comédia
tm1229690,Drama
ts299865,Crime
ts299865,Documentário
tm1219505,Ação
tm1219505,Crime
tm1219505,Suspense
tm1000147,Ficção Científica
tm1000147,Suspense
ts321513,Drama
ts321513,Família
ts321513,Romance
ts273229,Ficção Científica
ts273229,Crime
ts273229,Drama
ts273229,Fantasia
ts273229,Terror
ts273229,Suspense
ts300325,Drama
ts300325,Família
tm1180610,Suspense
tm1180610,Drama
ts330425,Documentário
tm1185374,Documentário
tm992260,Comédia
tm992260,Família
tm1166046,Comédia
tm1166046,Romance
tm1166046,Família
ts271413,Documentário
ts271413,Crime
ts271413,Suspense
tm1079334,Documentário
ts296214,Documentário
ts296214,Guerra
ts296214,História
ts330347,Ficção Científica
ts330347,Drama
ts330347,Fantasia
ts330347,Terror
ts330347,Suspense
tm1227853,Terror
tm1227853,Comédia
ts94677,Crime
ts94677,Documentário
ts94677,Drama
ts94677,Suspense
tm1219941,Drama
tm1210970,Documentário
tm1210970,Crime
tm413169,Fantasia
tm413169,Ação
tm413169,Família
tm413169,Comédia
tm413169,Animação
tm413169,Crime
tm413169,Drama
ts302053,Reality Show
ts225690,Drama
ts225690,Ficção Científica
ts225690,Ação
ts225690,Animação
ts225690,Fantasia
ts225690,Suspense
tm1212673,Comédia
tm1212673,Documentário
ts279892,Drama
ts279892,Comédia
tm1151272,Suspense
tm1151272,Ação
tm1151272,Comédia
tm1151272,Crime
tm981945,Drama
tm981945,Romance
ts344184,Documentário
ts344184,Crime
ts314594,Crime
ts314594,Documentário
ts1475,Ficção Científica
ts1475,Drama
ts1475,Suspense
tm919880,Documentário
ts189612,Drama
tm833216,Terror
tm833216,Drama
tm833216,Suspense
tm314863,Família
tm314863,Comédia
tm314863,Animação
tm314863,Drama
ts330402,Reality Show
ts281062,Drama
ts281062,Suspense
ts312071,Animação
ts312071,Comédia
ts312071,Ação
ts312071,Crime
ts312071,Drama
ts312071,Romance
ts302363,Drama
ts302363,Romance
ts308845,Drama
ts308845,Crime
ts308845,Suspense
tm841825,Música
tm841825,Ação
tm841825,Animação
tm841825,Família
tm841825,Fantasia
tm841825,Comédia
tm841825,Drama
tm841825,Ficção Científica
ts304310,Drama
ts304310,Romance
tm1159163,Fantasia
tm1159163,Ação
tm1159163,Crime
tm1159163,Drama
tm1164962,Suspense
tm1164962,Ação
tm1164962,Crime
ts253813,Drama
ts253813,História
ts253813,Suspense
tm1027081,Suspense
tm1027081,Ação
tm1027081,Fantasia
tm1027081,Terror
ts272980,Drama
ts272980,Ficção Científica
ts272980,Suspense
ts272980,Crime
ts272980,Ação
tm922706,Suspense
tm922706,Terror
tm1003034,Ação
tm1003034,Drama
tm1003034,Fantasia
tm1003034,Ficção Científica
tm1003034,Animação
tm857461,Crime
tm857461,Drama
tm1217459,Ação
tm1217459,Suspense
ts294338,Comédia
ts294338,Documentário
ts294338,Esporte
tm976166,Romance
tm976166,Drama
tm1141594,Suspense
tm1141594,Romance
tm1141594,Crime
tm1141594,Drama
ts296825,Drama
ts296825,Suspense
ts296825,Crime
ts284702,Crime
ts284702,Documentário
ts284702,História
tm458292,Ficção Científica
tm458292,Drama
tm458292,Fantasia
tm458292,Ação
tm459789,Romance
tm459789,Comédia
tm459789,Ação
tm459789,Suspense
tm459789,Crime
ts271595,Documentário
ts271595,Crime
ts271595,Suspense
tm1179973,Documentário
tm1179973,Crime
ts269881,Animação
ts269881,Ação
ts269881,Ficção Científica
ts269881,Drama
ts269881,Fantasia
ts269881,Suspense
tm1134087,Crime
tm1134087,Suspense
ts343599,Documentário
ts343599,Crime
tm1063652,Suspense
tm1063652,Drama
tm1082974,Documentário
tm1082974,Música
tm1002815,Família
tm1002815,Fantasia
tm1002815,Terror
tm1107225,Drama
tm1107225,Romance
tm1107225,Comédia
ts299874,Documentário
ts299874,Crime
ts299874,História
tm1049265,Romance
tm1049265,Comédia
tm1049265,Drama
tm1168932,Comédia
tm1168932,Documentário
ts340376,Suspense
ts340376,Drama
ts310938,Drama
ts329700,Reality Show
ts349921,Comédia
ts270405,Comédia
ts270405,Documentário
tm1166020,Ação
tm1166020,Comédia
tm1166020,Crime
tm1166020,Drama
ts192196,Animação
ts192196,Ação
ts192196,Comédia
ts192196,Crime
ts192196,Fantasia
ts192196,Ficção Científica
tm897466,Animação
tm897466,Suspense
tm897466,Drama
tm897466,Esporte
tm897466,História
tm1093099,Romance
tm1093099,Comédia
tm1207094,Comédia
tm1207094,Documentário
ts297247,Comédia
tm465421,Ação
tm465421,Comédia
tm465421,História
ts271604,Animação
ts271604,Drama
ts341767,Animação
ts341767,Drama
ts341767,Comédia
ts288744,Ficção Científica
ts288744,Drama
ts288744,Fantasia
ts288744,Música
tm1038327,Crime
tm1038327,Suspense
tm1038327,Ação
tm1038327,Drama
tm1131382,Comédia
tm922429,Ficção Científica
tm922429,Terror
tm922429,Suspense
ts273485,Animação
ts273485,Ação
ts273485,Drama
ts273485,Esporte
ts273485,Suspense
tm1020820,Crime
tm1020820,Drama
tm1020820,Fantasia
tm1020820,Terror
tm1020820,Suspense
tm1020820,Comédia
tm1020820,Ação
ts290643,Ação
ts290643,Crime
ts290643,Fantasia
ts290643,Ficção Científica
ts290643,Drama
ts290643,Animação
tm1234767,Comédia
ts313689,Comédia
ts313689,Drama
tm993670,Ação
tm993670,Ficção Científica
tm1198388,Documentário
tm1198388,Crime
ts313646,Comédia
ts313646,Drama
ts313646,Romance
tm1038363,Ação
tm1038363,Animação
tm1038363,Guerra
tm1038363,Comédia
tm1038363,Fantasia
tm1038363,História
tm1038363,Ficção Científica
tm1048678,Documentário
tm1073510,Suspense
tm1073510,Ação
tm1073510,Drama
ts271867,Ação
ts271867,Drama
ts271867,Comédia
ts271867,Crime
ts271867,Romance
tm1158704,Comédia
tm1158704,Drama
tm1158704,Romance
tm863351,Drama
tm863351,Suspense
tm1020073,Ficção Científica
tm1020073,Comédia
tm1020073,Fantasia
tm1020073,Ação
ts288087,Documentário
ts288087,Crime
ts288087,Suspense
ts288087,História
tm1121707,Romance
tm1121707,Drama
ts314742,Animação
ts314742,Ação
ts314742,Comédia
ts314742,Drama
ts314742,Família
ts314742,Fantasia
ts314742,Ficção Científica
tm1038344,Drama
tm1038344,Ficção Científica
tm1038344,Suspense
tm1038344,Ação
tm1207098,Comédia
tm1207098,Documentário
ts333834,Reality Show
ts237972,Drama
ts237972,Suspense
ts237972,Ficção Científica
ts262246,Ficção Científica
ts262246,Comédia
ts262246,Drama
ts262246,Família
ts262246,Fantasia
tm1080252,Drama
tm1080252,Crime
ts313668,Drama
ts313668,Comédia
ts313668,Animação
tm1028298,Comédia
tm1028298,Romance
ts288489,Ação
tm977704,Animação
tm977704,Ação
tm977704,Família
tm977704,Música
tm977704,Comédia
tm813078,Drama
tm1150872,Comédia
tm1195561,Crime
tm1195561,Drama
tm1195561,Suspense
tm1195561,Ação
ts329854,Reality Show
ts104499,Terror
ts104499,Ficção Científica
ts104499,Suspense
ts104499,Ação
ts104499,Crime
ts104499,Fantasia
ts104499,Animação
ts321966,Documentário
ts321966,Guerra
ts321966,História
tm1180123,Suspense
tm1180123,Animação
tm1180123,Comédia
tm1180123,Drama
tm1180123,Terror
tm1180123,Fantasia
tm1141923,Romance
tm1141923,Comédia
tm1141923,Família
tm673809,Esporte
tm673809,Documentário
tm1110150,Terror
tm1110150,Suspense
ts315611,Documentário
tm858869,Suspense
tm858869,Ação
tm858869,Ficção Científica
tm858869,Drama
ts297483,Comédia
ts297483,Romance
ts297483,Drama
tm1165219,Comédia
tm1132176,Comédia
ts269676,Documentário
ts269676,Comédia
ts304058,Ação
ts304058,Crime
ts304058,Drama
ts304058,Suspense
tm1229007,Comédia
tm898614,Ação
tm898614,Drama
tm898614,Suspense
ts273100,Ficção Científica
ts273100,Ação
ts273100,Animação
ts273100,Fantasia
ts273100,Suspense
tm1086874,Comédia
tm1086874,Ação
tm1086874,Drama
tm1086874,Fantasia
tm1086874,Ficção Científica
ts222864,Drama
ts222864,Comédia
ts222864,Romance
ts265991,Drama
ts256311,Suspense
ts256311,Ação
ts256311,Animação
ts256311,Terror
ts256311,Ficção Científica
tm1018890,Documentário
tm996676,Romance
tm996676,Ação
tm996676,Drama
ts331680,Reality Show
tm1210379,Drama
tm1210379,Crime
tm1210379,Suspense
tm1188818,Drama
tm1188818,Suspense
ts244930,Ação
ts244930,Comédia
ts244930,Família
ts244930,Fantasia
ts244930,Animação
tm888243,Documentário
tm1018427,Música
tm1018427,Comédia
tm1018427,Drama
ts305264,Reality Show
tm434625,Fantasia
tm434625,Animação
tm434625,Família
tm434625,Comédia
tm434625,Romance
tm1185687,Ação
tm1185687,Crime
tm1185687,Drama
tm1185687,Suspense
tm1221280,Drama
tm1221280,Fantasia
tm1221280,Romance
tm1221280,Esporte
tm1221280,Comédia
tm1038369,Comédia
tm1038369,Romance
tm863823,Ação
tm863823,Comédia
tm863823,Família
tm912100,Drama
tm912100,Esporte
tm912100,Suspense
tm999817,Fantasia
tm999817,Animação
tm999817,Ação
tm1131061,Fantasia
tm1131061,Família
tm1131061,Animação
tm1131061,Comédia
tm1131061,Drama
ts312984,Drama
ts352579,Drama
ts352579,Comédia
ts311791,Documentário
ts311791,Crime
ts311791,História
ts304053,Documentário
tm1096775,Documentário
tm1066826,História
tm1066826,Música
tm1066826,Romance
tm1066826,Drama
tm1161601,Ação
tm1161601,Suspense
tm1161601,Drama
tm1161601,Fantasia
ts271025,Reality Show
tm1108648,Suspense
tm1108648,Terror
tm1108648,Drama
tm1185421,Comédia
tm1185421,Documentário
ts287532,Documentário
ts329885,Comédia
ts329885,Drama
tm1074764,Documentário
tm1074764,Crime
ts306203,Documentário
ts306203,Crime
ts240807,Suspense
ts240807,Ação
ts240807,Comédia
ts240807,Drama
ts240807,Fantasia
ts240807,Ficção Científica
ts291718,Comédia
ts291718,Drama
ts291718,Romance
ts271321,Crime
ts271321,Suspense
ts271321,Drama
ts319412,Drama
ts319412,Romance
tm999927,Drama
tm999927,Crime
tm999927,Suspense
tm999927,Documentário
tm999927,Ação
ts287294,Documentário
ts311915,Drama
ts311915,Romance
ts311915,Família
ts311915,Comédia
ts311915,Música
tm1082314,Crime
tm1082314,Documentário
tm1082314,Esporte
ts307925,Comédia
ts307925,Drama
tm1084966,Documentário
tm1044275,Terror
tm1044275,Suspense
tm1044275,Drama
ts272463,Drama
ts272463,Esporte
tm1106212,Drama
tm1106212,Suspense
tm1106212,Crime
ts313781,Drama
ts313781,Comédia
tm1087956,Fantasia
tm1087956,Romance
tm1087956,Comédia
tm1087956,Drama
ts246073,Ficção Científica
ts246073,Drama
ts246073,Ação
ts246073,Fantasia
tm1019885,Comédia
tm1019885,Romance
tm1019885,Família
ts321614,Animação
ts250092,Comédia
ts250092,Fantasia
ts250092,Animação
ts250092,Ação
ts250092,Ficção Científica
ts303513,Drama
ts303513,Suspense
ts303513,Crime
tm1201670,Documentário
tm1219787,Comédia
tm1219787,Documentário
ts344043,Drama
ts344043,Romance
ts317078,Crime
ts317078,Drama
ts317078,Suspense
tm1219831,Comédia
ts315041,Ficção Científica
ts315041,Ação
ts315041,Drama
ts315041,Fantasia
ts315041,Suspense
ts289620,História
ts289620,Documentário
ts289620,Crime
tm1042481,Animação
tm1042481,Comédia
tm1042481,Fantasia
ts343492,Comédia
ts343492,Animação
ts343492,Fantasia
ts343492,História
tm1030071,Comédia
tm1030071,Drama
tm1167440,Drama
tm1195032,Ação
tm1195032,Suspense
tm1195032,Drama
tm1195032,Crime
tm1195032,Faroeste
ts297846,Romance
ts297846,Comédia
ts220196,Ficção Científica
ts220196,Ação
ts220196,Animação
ts220196,Comédia
ts220196,Família
ts220196,Fantasia
tm1177856,Romance
tm1177856,Comédia
tm1005109,Fantasia
tm1005109,Terror
tm1005109,Suspense
tm1005109,Ação
tm1005109,Drama
tm1144897,Drama
tm1144897,Música
ts319333,Crime
ts319333,Documentário
tm1107063,Comédia
tm1107063,Romance
ts272366,Guerra
ts272366,Documentário
ts272366,História
ts268102,Drama
ts268102,Crime
ts220553,Crime
ts220553,Drama
ts220553,Fantasia
ts220553,Suspense
ts220553,Ficção Científica
ts301915,Drama
ts288195,Suspense
ts288195,Drama
ts288195,Crime
ts288195,Fantasia
tm1198745,Animação
tm1198745,Comédia
tm1198745,Família
tm1003261,Comédia
tm1120902,Ficção Científica
tm1120902,Suspense
tm1120902,Drama
tm1120902,Terror
ts317297,Ficção Científica
ts317297,Animação
ts317297,Drama
ts317297,Fantasia
tm998188,Romance
tm998188,Comédia
ts331439,Comédia
ts331439,Ficção Científica
ts331439,Música
ts331439,Animação
ts331439,Drama
ts331439,Família
ts331439,Fantasia
ts317522,Crime
ts317522,Documentário
tm1047503,Drama
ts29800,Documentário
ts29800,Reality Show
tm1018418,Drama
ts347762,Drama
ts347762,Comédia
ts347762,Romance
ts296563,Drama
ts296563,Fantasia
ts296563,Romance
tm1138870,Comédia
tm1138870,Drama
tm1138870,Crime
tm1207099,Comédia
tm1207099,Documentário
tm166973,Comédia
tm166973,Família
tm166973,Drama
tm166973,Romance
ts320502,Comédia
ts320502,Reality Show
ts286317,Crime
ts286317,Documentário
ts286317,História
ts301999,Suspense
ts301999,Drama
ts301999,Ficção Científica
tm1104532,Documentário
tm1104532,Música
ts271593,Documentário
tm1020326,Suspense
ts327074,Reality Show
tm1228963,Documentário
tm1213009,Comédia
tm1213009,Drama
tm1213009,Romance
tm1040671,Comédia
tm1040671,Drama
tm1087932,Drama
tm1087932,Suspense
tm983668,Documentário
tm983668,Drama
ts241854,Ficção Científica
ts241854,Animação
ts241854,Comédia
ts241854,Ação
tm921206,Romance
tm921206,Comédia
ts268835,Drama
ts268835,Suspense
ts268835,Ação
ts268835,Ficção Científica
ts268835,Fantasia
ts305263,Reality Show
tm319224,Comédia
tm319224,Ação
tm319224,Família
tm319224,Animação
tm319224,Fantasia
tm319224,Drama
tm319224,Música
tm319224,Suspense
ts301914,Comédia
ts301914,Drama
ts301914,Suspense
ts301914,Crime
ts301914,Ação
tm1087160,Drama
tm1087160,Terror
tm1087160,Suspense
tm1045741,Família
tm1045741,Ação
tm1045741,Drama
tm855641,Documentário
tm855641,Ação
tm855641,Europeu
ts308689,Comédia
ts272939,Documentário
ts272939,Drama
ts272939,História
ts343251,Drama
ts343251,Suspense
tm473502,Drama
tm473502,História
tm473502,Esporte
ts308838,Crime
ts308838,Documentário
ts308838,Esporte
tm855075,Ação
tm855075,Drama
tm1187913,Comédia
ts349845,Documentário
ts349845,Crime
tm1134006,Comédia
tm881587,Romance
tm881587,Drama
tm881587,Ação
tm881587,Comédia
ts349842,Reality Show
ts349842,Música
tm816591,Drama
tm816591,Ação
tm816591,Comédia
tm816591,Crime
tm810504,Ação
tm810504,Crime
tm810504,Suspense
tm983270,Ação
tm983270,Ficção Científica
tm983270,Suspense
tm983270,Fantasia
tm1201457,Documentário
ts317422,Animação
ts317422,Comédia
tm982887,Documentário
tm984155,Terror
tm984155,Suspense
tm984204,Terror
ts287328,Drama
ts287328,Ação
ts287328,Ficção Científica
ts287328,Animação
ts287328,Fantasia
ts287328,Suspense
ts302489,Animação
ts302489,Comédia
ts304468,Drama
ts304468,Romance
ts108621,Drama
ts108621,Suspense
ts108621,Ação
ts108621,Crime
ts307745,Documentário
ts307745,Crime
ts307745,Drama
tm863919,Animação
tm863919,Comédia
tm863919,Família
tm863919,Ação
tm974195,Ação
tm974195,Comédia
tm974195,Suspense
tm858000,Drama
tm858000,Ação
ts269493,Documentário
ts269493,Animação
tm1218547,Comédia
tm1218547,Documentário
ts287703,Suspense
ts287703,Drama
ts310376,Reality Show
ts310376,Comédia
ts310376,Romance
ts317612,Reality Show
ts317612,Romance
tm1057343,Drama
tm1057343,Comédia
ts282291,Drama
ts282291,Romance
ts282291,Comédia
tm860261,Romance
tm860261,Comédia
tm860261,Drama
ts258415,Suspense
ts258415,Família
ts258415,Drama
ts258415,Fantasia
ts258415,Terror
ts258415,Ficção Científica
tm1106044,Documentário
tm1106044,Família
ts297675,Reality Show
ts297675,Romance
tm1052498,Suspense
tm1052498,Drama
tm1052498,Terror
tm1150256,Comédia
tm1150256,Romance
tm1150256,Drama
tm1150256,Família
ts310335,Reality Show
ts301196,Documentário
ts250998,Drama
ts250998,História
tm1102868,Terror
tm1102868,Suspense
tm1102868,Comédia
ts320426,Suspense
ts320426,Documentário
ts320426,Crime
ts320426,História
tm1223736,Família
tm1223736,Animação
ts343427,Animação
ts343427,Ação
ts343427,Comédia
ts343427,Família
ts343427,Fantasia
ts343427,Ficção Científica
ts243780,Animação
ts243780,Comédia
ts243780,Família
ts288005,Drama
ts288005,Romance
tm872108,Drama
tm872108,Família
tm872108,Romance
ts246178,Animação
ts246178,Drama
ts246178,Ficção Científica
ts246178,Reality Show
ts246178,Família
ts246178,Fantasia
ts246178,Ação
ts283676,Documentário
ts283676,Esporte
tm1143898,Drama
tm1143898,Suspense
tm1143898,Crime
ts215989,Crime
ts215989,Drama
ts215989,Suspense
ts215989,Ação
tm1110389,Romance
tm1110389,Comédia
tm1110389,Drama
tm1031976,Suspense
tm1031976,Crime
tm1031976,Drama
tm1031976,Ação
ts308511,Drama
ts308511,Comédia
tm1093287,Documentário
tm1093287,Ação
tm362072,Drama
tm362072,Crime
tm1120509,Ação
tm1120509,Crime
tm1120509,Drama
tm1120509,Esporte
ts320075,Suspense
ts320075,Drama
ts320075,Crime
ts280892,Drama
ts280892,Romance
tm1091155,Documentário
tm1091155,Esporte
ts260477,Suspense
ts260477,Comédia
ts260477,Drama
ts254928,Drama
ts254928,Ação
ts254928,Comédia
tm1219931,Comédia
tm1219931,Romance
tm991351,Documentário
tm991351,Esporte
ts223450,Drama
ts257504,Drama
ts257504,História
ts257504,Comédia
ts257504,Ficção Científica
tm1102891,Suspense
tm1102891,Crime
tm1102891,Drama
ts308039,Documentário
tm998858,Comédia
tm894254,Drama
tm983658,Documentário
ts312200,Reality Show
ts346500,Documentário
ts302312,Drama
ts302312,Guerra
ts302312,Ação
ts302312,História
ts317720,Reality Show
tm1003353,Drama
tm1003353,Documentário
tm1003353,Crime
ts314395,Crime
ts314395,Documentário
tm1020520,Drama
tm1020520,Comédia
tm817075,Crime
tm817075,Drama
tm817075,Ação
tm1137862,Comédia
tm1137862,Romance
tm834847,Animação
tm834847,Comédia
tm876997,Drama
tm876997,Romance
tm1204615,Comédia
tm1096769,Documentário
ts255486,Animação
ts255486,Ação
ts255486,Ficção Científica
ts255486,Suspense
tm1207096,Documentário
tm1207096,Comédia
tm1207096,Música
tm1092995,Animação
tm1092995,Comédia
tm1092995,Família
ts312094,Ficção Científica
ts312094,Guerra
ts312094,Drama
tm1166015,Drama
tm1166015,Família
tm1166015,Comédia
tm880822,Ficção Científica
tm880822,Animação
tm880822,Ação
tm880822,Drama
tm880822,Romance
tm1160424,Ficção Científica
tm1160424,Comédia
tm1160424,Romance
tm1160424,Drama
ts258358,Comédia
tm1039147,Documentário
ts283528,Música
ts283528,Documentário
ts276067,Comédia
ts276067,Drama
tm1215536,Documentário
tm1215536,Comédia
ts320335,Drama
ts320335,Romance
ts286632,Comédia
ts320302,Documentário
ts320302,Esporte
tm833467,Drama
tm833467,Romance
tm1185388,Drama
tm1185388,Crime
tm998726,Suspense
tm998726,Ação
tm998726,Drama
tm998726,Crime
ts257873,Drama
ts257873,Família
tm1077201,Comédia
tm1203307,Comédia
tm1203307,Romance
tm945448,Drama
tm945448,Família
tm945448,Europeu
ts296129,Drama
ts296129,Crime
ts296129,Suspense
ts331681,Família
ts331681,Fantasia
ts331681,Animação
tm1176905,Documentário
ts320872,Reality Show
tm1106806,Documentário
ts328317,Comédia
ts328317,Reality Show
ts296179,Comédia
ts275448,Drama
ts275448,Família
ts269286,Ficção Científica
ts269286,Comédia
ts269286,Fantasia
ts306322,Drama
ts306322,Crime
tm1119136,Crime
tm1119136,Comédia
tm1119136,Drama
tm1119136,Romance
tm1119136,Suspense
ts104362,Comédia
ts104362,Família
ts104362,Fantasia
ts104362,Ficção Científica
ts104362,Animação
ts104362,Ação
tm1043290,Crime
tm1043290,Documentário
tm1043290,História
tm1174856,Comédia
ts345976,Animação
ts345976,Comédia
ts345976,Família
ts345976,Fantasia
tm810494,Suspense
tm810494,Terror
tm1029256,Drama
tm1029256,Ação
tm1029256,Crime
tm1029256,Suspense
ts313849,Reality Show
ts283610,Drama
ts283610,Romance
ts283610,Comédia
tm1144693,Comédia
tm1000619,Drama
tm1000619,Romance
ts309676,Documentário
ts309676,Reality Show
ts280693,Animação
ts280693,Fantasia
ts280693,Drama
ts280693,Família
ts280693,Música
ts280693,Comédia
ts285469,Documentário
ts285469,Animação
tm675820,Drama
tm675820,Família
tm675820,Fantasia
tm675820,Ação
ts354329,Animação
tm1174920,Comédia
tm1174920,Documentário
ts287802,Documentário
ts287802,Comédia
ts287802,Drama
ts287802,Família
ts257315,Animação
ts257315,Comédia
ts257315,Família
ts299321,Família
ts299321,Fantasia
ts299321,Ficção Científica
ts299321,Animação
ts299321,Ação
ts299321,Comédia
tm1185506,Romance
tm1185506,Comédia
tm1083068,Crime
tm1083068,Drama
tm1083068,Suspense
tm879685,Comédia
tm466544,Ação
tm466544,Suspense
tm466544,Crime
ts315551,Comédia
ts315551,Romance
ts315551,Drama
ts317144,Comédia
ts317144,Animação
ts325756,Documentário
ts260502,Drama
ts320557,Comédia
ts320557,Drama
ts296081,Reality Show
tm448707,Suspense
tm448707,Crime
ts296069,Drama
ts296069,Crime
ts296069,Suspense
tm1111717,Animação
tm1111717,Família
tm1111717,Fantasia
tm1111717,Ficção Científica
tm1111717,Faroeste
tm1111717,Ação
tm1111920,Documentário
ts287149,Reality Show
tm950444,Drama
tm950444,Família
tm950444,Esporte
ts239188,Drama
ts239188,Suspense
ts297685,Drama
ts297685,Romance
ts308002,Drama
tm1092892,Documentário
tm1092892,Drama
ts271517,Comédia
ts257271,Drama
ts257271,Romance
ts257271,Comédia
tm1108010,Animação
tm1108010,Comédia
ts296059,Drama
ts296059,Romance
ts306068,Drama
ts306068,Romance
ts346007,Drama
tm1098514,Drama
tm1108621,Drama
tm1108621,Suspense
tm1108621,Crime
ts317526,Reality Show
ts216407,Documentário
ts216407,Ação
ts216407,Drama
ts216407,História
ts216407,Guerra
tm1130264,Comédia
ts306510,Animação
ts306510,Família
tm1127479,Romance
tm1127479,Drama
tm433048,Drama
tm433048,Comédia
ts321254,Drama
ts321254,Suspense
ts321254,Crime
ts270798,Drama
ts270798,Romance
tm972519,Fantasia
tm972519,Terror
tm972519,Romance
tm1003725,Romance
tm1003725,Comédia
tm1003725,Drama
tm1003725,Família
ts284862,Drama
ts284862,Comédia
tm1036270,Suspense
tm1036270,Crime
tm1036270,Drama
ts302056,Reality Show
ts302056,Esporte
ts287838,Comédia
ts287838,Drama
ts287838,Romance
ts273318,Drama
ts273318,Família
ts273318,Música
ts273318,Ação
ts273318,Comédia
ts318024,Documentário
ts318024,Guerra
tm876608,Comédia
tm876608,Música
tm876608,Romance
tm876608,Drama
tm1000797,Suspense
tm1000797,Romance
tm1000797,Drama
tm1096880,Animação
tm1096880,Família
ts331449,Documentário
ts331449,Crime
tm858287,Drama
tm858287,Esporte
tm858287,Romance
tm990835,Drama
tm990835,Suspense
tm990835,Crime
ts283639,Comédia
ts283639,Drama
ts296091,Drama
ts296091,Romance
ts271720,Animação
ts271720,Comédia
ts271720,Família
ts289364,Documentário
ts293814,Drama
ts293814,História
ts293814,Reality Show
tm993435,Drama
tm1191860,Documentário
tm1064532,Ficção Científica
tm1064532,Suspense
tm1064532,Drama
tm1047190,Documentário
tm1047190,Crime
ts292446,Animação
ts292446,Comédia
ts315549,Comédia
ts315549,Drama
ts288997,Documentário
tm1030495,Terror
tm1030495,Suspense
ts282133,Animação
ts282133,Drama
ts289261,Animação
ts289261,Ação
ts289261,Comédia
ts289261,Família
ts289261,Fantasia
ts289261,Ficção Científica
tm1173363,Música
tm1173363,Família
tm1002869,Fantasia
tm1002869,Reality Show
tm1002869,Comédia
ts287045,Drama
ts287045,Suspense
ts287045,Crime
tm1001267,Comédia
tm1001267,Família
tm1001267,Fantasia
tm1001267,Animação
ts258321,Família
ts258321,Música
ts258321,Animação
ts258321,Comédia
ts342479,Comédia
ts342479,Família
ts342479,Fantasia
ts342479,Ficção Científica
ts300274,Reality Show
ts271726,Animação
ts271726,Família
tm1218702,Romance
tm1218702,Drama
tm1041543,Documentário
ts257817,Comédia
ts257817,Drama
ts310628,Drama
ts310628,Família
ts310628,Esporte
ts310628,Ação
ts300456,Reality Show
tm1146393,Drama
tm1146393,Comédia
ts302714,Crime
ts302714,Drama
tm1065041,Animação
tm1065041,Fantasia
tm1065041,Ação
ts288545,Animação
ts288545,Comédia
ts288545,Família
ts288545,Música
ts299485,Animação
ts299485,Ação
ts299485,Comédia
ts299485,Família
ts299485,Fantasia
ts319464,Família
ts319464,Animação
tm1132325,Romance
tm1132325,Comédia
tm1132325,Drama
tm1132325,Ação
ts301609,Reality Show
ts301609,Romance
tm1038355,Ação
tm1038355,Comédia
tm1038355,Crime
tm1038355,Suspense
tm890013,Fantasia
tm890013,Comédia
tm890013,Romance
tm1182144,Drama
tm1182144,Suspense
tm1102226,Drama
tm1000037,Drama
tm1000037,Suspense
tm1000037,Europeu
tm1000037,Romance
ts297065,Reality Show
tm1084481,Documentário
tm1084481,História
tm1084481,Esporte
ts285724,Drama
ts285724,Crime
ts285724,Suspense
ts288065,Documentário
ts288065,Esporte
tm963182,Animação
tm963182,Ação
tm963182,Comédia
tm963182,Drama
tm963182,Família
tm963182,Fantasia
tm1114205,Guerra
tm1114205,História
tm1114205,Drama
tm1114205,Ação
ts272515,Ação
ts272515,Drama
ts272515,Suspense
ts272515,Crime
ts343404,Drama
ts343404,Suspense
ts343404,Crime
tm1073802,Comédia
tm1073802,Drama
tm1129394,Comédia
tm1129394,Romance
tm1129394,Drama
tm1129394,Família
tm949382,Romance
tm949382,Suspense
tm949382,Ação
tm949382,Comédia
tm949382,Crime
tm1129217,Drama
tm1129217,Romance
tm1000599,Drama
tm1000599,Documentário
ts257345,Drama
ts257345,Comédia
tm1188819,Drama
tm1188819,Comédia
tm1188819,Romance
tm1049155,Crime
tm1049155,Drama
ts291150,Comédia
ts291150,Drama
ts320183,Reality Show
ts315144,Animação
ts315144,Comédia
ts315144,Família
ts315144,Ação
ts309235,Romance
ts309235,Comédia
ts309235,Música
ts90023,Drama
ts346034,Drama
ts346034,Crime
ts346034,Suspense
tm1002408,Documentário
ts226392,Comédia
ts226392,Drama
tm1187638,Comédia
tm1187638,Documentário
ts287941,Família
ts287941,Drama
ts287941,Comédia
ts287941,Esporte
tm1001108,Documentário
tm1001108,Música
ts320407,Reality Show
ts320407,Romance
ts288540,Drama
ts288540,Suspense
ts288540,Crime
tm475430,Ação
tm475430,Drama
tm475430,Fantasia
tm475430,Ficção Científica
tm1125844,Drama
tm1125844,Terror
tm1125844,Suspense
tm1130995,Comédia
tm1130995,Música
ts356275,Comédia
ts356275,Animação
ts356275,Família
ts356275,Ficção Científica
ts356275,Ação
tm980657,Ficção Científica
tm980657,Suspense
tm980657,Drama
ts311887,Reality Show
ts273461,Ação
ts273461,Ficção Científica
ts273461,Suspense
ts273461,Drama
ts235563,Romance
ts235563,Comédia
ts235563,Drama
ts235563,Fantasia
tm1201453,Documentário
tm993790,Comédia
ts288472,Drama
ts288472,Romance
ts288472,Suspense
ts288472,Fantasia
tm919869,Romance
tm919869,Crime
tm919869,Drama
tm1022912,Drama
tm1022912,Suspense
ts292662,Documentário
ts292662,Música
ts330012,Comédia
ts330012,Romance
ts282155,Ficção Científica
ts282155,Ação
ts282155,Comédia
ts282155,Drama
ts282155,Fantasia
ts188861,Animação
ts188861,Fantasia
ts188861,Ficção Científica
ts188861,Ação
ts188861,Comédia
ts188861,Família
tm454879,Ação
tm454879,Crime
ts279953,Crime
ts279953,Drama
ts279953,Suspense
tm421437,Drama
tm1025318,Drama
tm1025318,Romance
ts316965,Animação
ts316965,Comédia
ts316965,Família
ts316965,Fantasia
ts270807,Comédia
ts270807,Drama
ts270807,Ficção Científica
ts270807,Fantasia
ts270807,Romance
ts302058,Comédia
ts302058,Drama
tm1022893,Ação
tm1022893,Fantasia
ts321437,Drama
ts321437,Romance
tm1080406,Animação
tm1080406,Música
tm1080406,Família
tm1001095,Comédia
tm1001095,Terror
ts345779,Comédia
ts345779,Família
ts345779,Animação
ts282214,Drama
ts282214,Suspense
ts282214,Ação
ts282214,Fantasia
ts282214,Terror
ts282214,Romance
ts329711,Comédia
ts329711,Drama
ts329711,Romance
ts14520,Família
ts14520,Ação
ts14520,Animação
ts14520,Fantasia
ts14520,Ficção Científica
ts14520,Comédia
tm985550,Romance
tm985550,Comédia
tm992279,Comédia
tm992279,Drama
ts326029,Drama
ts326029,Música
tm998033,Ação
tm998033,Comédia
tm998033,Suspense
tm998033,Crime
tm1178876,Drama
tm1178876,Música
tm1178876,Romance
tm1115800,Comédia
ts330132,Documentário
ts330132,Crime
tm975741,Animação
tm988736,Comédia
tm1120937,Faroeste
tm1120937,Drama
tm1120937,História
tm859256,Suspense
tm859256,Crime
tm859256,Drama
ts297763,Documentário
ts297763,Crime
ts61384,Reality Show
ts61384,Romance
ts61384,Documentário
ts321084,Comédia
ts321084,Crime
tm989672,Documentário
tm1024062,Suspense
tm1024062,Drama
tm1024062,Crime
ts297031,Ação
ts297031,Ficção Científica
tm1198504,Ação
tm1198504,Ficção Científica
tm1198504,Animação
tm1143258,Drama
tm1143258,Romance
ts272092,Documentário
ts272092,Reality Show
tm1200703,Comédia
tm1200703,Documentário
tm1077013,Documentário
tm1077013,Crime
tm1031186,Documentário
tm1031186,Música
ts287741,Documentário
ts287741,Reality Show
ts288832,Animação
ts288832,Comédia
ts288832,Família
tm1082359,Comédia
tm1040688,Drama
tm985712,Documentário
ts301964,Ação
ts301964,Animação
tm1027712,Romance
tm1027712,Comédia
tm1102151,Fantasia
tm1102151,Suspense
tm1102151,Animação
tm1102151,Ação
tm1065788,Drama
tm1065788,Romance
ts296201,Crime
ts296201,Documentário
ts297058,Crime
ts297058,Drama
tm1162608,Comédia
tm979182,Suspense
tm979182,Terror
tm979182,Drama
ts282840,Documentário
ts268220,Documentário
ts306135,Documentário
ts306135,Crime
ts306135,Suspense
ts268103,Drama
ts352881,Família
tm1070032,Suspense
tm1070032,Drama
ts328617,Reality Show
ts328617,Romance
tm1152224,Comédia
tm1152224,Romance
tm1217689,Comédia
tm1217689,Documentário
ts72196,Reality Show
ts307981,Ficção Científica
ts307981,Família
ts307981,Fantasia
ts307981,Comédia
ts188367,Drama
tm990983,Drama
tm1094069,Documentário
tm1094069,Crime
tm1037704,Romance
tm1037704,Comédia
tm902870,Documentário
tm1165118,Drama
tm1165118,Romance
tm1165118,Documentário
tm948681,Ação
tm948681,Crime
tm948681,Suspense
tm948681,Terror
tm948681,Drama
ts331654,Drama
ts331654,Ação
ts331654,Suspense
ts331654,Crime
ts283614,Terror
ts283614,Reality Show
tm960430,Fantasia
tm960430,Animação
tm960430,Drama
tm960430,Família
tm954297,Comédia
tm954297,Romance
tm1107848,Documentário
tm1107848,Música
ts319460,Comédia
tm997608,Comédia
ts287853,Drama
tm950360,Romance
tm950360,Drama
ts288064,Drama
ts288064,Crime
ts288064,História
ts305890,Reality Show
ts305890,Romance
ts304690,Ação
ts304690,Drama
ts304690,Crime
ts304690,Romance
tm1107912,Drama
tm1107912,Família
tm813372,Suspense
tm813372,Ação
tm813372,Crime
tm813372,Drama
tm1001619,Romance
tm1001619,Drama
tm1025493,Comédia
tm1025493,Drama
tm1087383,Drama
tm1087383,Romance
tm1147890,Documentário
tm983722,Suspense
tm983722,Drama
tm886188,Romance
tm886188,Drama
tm886188,Esporte
tm1101878,Família
tm1101878,Música
tm1101878,Comédia
tm1183542,Suspense
tm1183542,Comédia
tm1183542,Drama
tm1183542,Ação
ts229537,Comédia
ts229537,Família
ts229537,Ação
ts229537,Animação
tm960145,Comédia
ts267062,Drama
ts254956,Drama
ts254956,Comédia
tm810657,Drama
tm876083,Ação
tm876083,Crime
tm876083,Drama
tm876083,Suspense
tm876083,Fantasia
ts305732,Reality Show
ts313902,Comédia
ts313902,Documentário
tm1102856,Romance
tm1102856,Drama
tm1102856,Comédia
ts302653,Drama
ts302653,Crime
ts302653,Suspense
tm462311,Animação
tm462311,Comédia
tm462311,Família
tm462311,Europeu
tm855340,Drama
ts326955,Drama
tm1000185,Comédia
tm1000185,Romance
tm1030283,Crime
tm1030283,Documentário
tm1040337,Suspense
ts306188,Reality Show
tm1039422,Crime
tm1039422,História
tm1039422,Documentário
ts308516,Reality Show
ts329882,Drama
ts329882,Família
ts329882,Música
tm1006127,Animação
tm1006127,Comédia
tm1006127,Família
ts317064,Crime
ts317064,Documentário
tm1196455,Documentário
tm1196455,Crime
tm990972,Drama
tm990972,Romance
ts232506,Comédia
ts232506,Drama
ts232506,Suspense
ts232506,Crime
ts330289,Comédia
tm1063013,Suspense
tm1063013,Drama
tm996040,Romance
tm996040,Comédia
tm996040,Drama
tm945283,Suspense
tm1075596,Fantasia
tm1075596,Animação
tm1075596,Ação
ts311958,Reality Show
tm979688,Suspense
tm979688,Drama
tm979688,Fantasia
tm1033803,Documentário
tm1033803,Crime
ts302570,Crime
ts302570,Documentário
tm1038096,Comédia
ts285854,Drama
ts343426,Crime
ts343426,Esporte
ts343426,Documentário
tm1031448,Animação
tm1195428,Comédia
tm1039168,Drama
tm1039168,Comédia
tm1164320,Documentário
tm904862,Comédia
tm904862,Romance
tm926580,Crime
tm926580,Drama
tm1017664,Esporte
tm1017664,Drama
tm977620,Drama
tm1118822,Comédia
tm1118822,Documentário
tm1185568,Documentário
tm1185568,Crime
ts310331,Reality Show
tm1110205,Comédia
tm1110205,Drama
tm1119455,Documentário
tm1119455,Animação
tm1119455,História
ts293346,Documentário
ts293346,Esporte
tm1137797,Documentário
tm1137797,Crime
tm1172947,Drama
tm1172947,Família
tm1172947,Esporte
ts285422,Drama
ts285422,Suspense
tm942277,Documentário
tm1102570,Drama
tm1102570,Suspense
tm1102570,História
tm856634,Comédia
tm856634,Crime
tm856634,Ação
tm856634,Drama
tm856634,Suspense
tm1174919,Comédia
tm1174919,Documentário
ts304709,Família
ts304709,Reality Show
tm1031499,Crime
tm1031499,Comédia
tm1143058,Drama
tm1143058,Crime
tm1152323,Comédia
tm963023,Romance
tm963023,Comédia
tm963023,Crime
tm963023,Drama
tm1166429,Comédia
tm1166429,Documentário
tm1068692,Documentário
tm1068692,Música
tm983466,Documentário
tm983466,Crime
tm983466,História
tm1003376,Comédia
tm1003376,Ação
tm1003376,Crime
tm872496,Drama
tm872496,Romance
tm1159300,Romance
tm1191019,Documentário
tm1027297,Comédia
tm1027297,Drama
tm1000296,Animação
tm1000296,Ação
tm1000296,Fantasia
tm861018,Comédia
tm861018,Romance
tm1160484,Drama
tm1037519,Comédia
tm1037519,Drama
tm1063034,Documentário
ts272669,Família
tm859005,Comédia
tm859005,Drama
tm1147172,Documentário
tm1028026,Suspense
tm1021689,Ficção Científica
tm1106551,Comédia
ts273275,Reality Show
tm1202960,Comédia
tm867681,Romance
tm867681,Suspense
tm867681,Crime
tm867681,Drama
tm1173806,Suspense
tm1173806,Drama
ts286218,Drama
ts286218,Romance
tm960924,Drama
tm1127511,Comédia
tm1127511,Romance
tm1127511,Drama
ts289757,Documentário
ts289757,Crime
tm1204317,Drama
tm1040832,Comédia
tm1037687,Drama
tm1037687,Comédia
tm981676,Comédia
tm981676,Drama
tm981676,Família
tm1165244,Comédia
tm1165244,Drama
tm1165244,Romance
tm1165244,Esporte
tm1111595,Comédia
tm1111595,Drama
tm1111595,Romance
tm1089593,Comédia
tm1089593,Drama
tm1089593,Fantasia
tm995613,Ação
tm995613,Reality Show
tm1150800,Drama
tm1150800,Crime
tm989502,Drama
tm989502,Romance
tm989502,Música
tm1088320,Comédia
tm1038857,Documentário
tm1011188,Comédia
tm1011188,Romance
tm1023388,Crime
tm1023388,Drama
tm1023388,Romance
tm1049290,Comédia
tm1049290,Suspense
tm1049290,Drama
tm1049290,Crime
tm1049290,Ficção Científica
tm1159301,Guerra
tm1159301,Drama
tm1207715,Comédia
tm1207715,Família
tm1207715,Animação
ts273245,Comédia
ts273245,Família
tm1049083,Documentário
tm1030241,Suspense
tm1030241,Crime
tm1073555,Crime
tm1073555,Suspense
tm1073555,Drama
tm1044137,Animação
tm1044137,Documentário
tm1116525,Comédia
tm1116525,Romance
tm1019865,Suspense
tm1019865,Crime
tm1019865,Ação
tm990740,Documentário
tm1041329,Comédia
tm1041329,Romance
tm1013111,Comédia
tm1013111,Romance
tm1013111,Fantasia
tm1013111,Família
tm1027639,Drama
tm1027639,Ação
tm1027639,Comédia
ts314962,Documentário
ts357345,Documentário
tm1128292,Comédia
tm869475,Comédia
tm869475,Drama
tm1179579,Drama
tm1179579,Comédia
tm1179579,Romance
tm1179579,Família
tm1040733,Documentário
tm1080114,Suspense
tm983730,Documentário
tm1067260,Drama
tm1067260,Suspense
tm1067260,Comédia
tm1082515,Documentário
tm1082515,Esporte
ts297132,Ação
ts297132,Animação
ts330422,Ação
ts330422,Animação
ts330422,Família
tm1142245,Drama
tm1142245,Crime
tm1142245,Comédia
tm1109843,Romance
tm1109843,Comédia
ts296581,Terror
ts322267,Reality Show
tm1092075,Crime
tm1092075,Comédia
tm1092075,Drama
tm1092075,Música
tm1092075,Suspense
tm1092309,Drama
tm1092309,Romance
tm886193,Drama
tm886193,Ação
ts272422,Reality Show
tm1124066,Comédia
tm1171107,Documentário
tm1104252,Suspense
tm1104252,Família
tm1104252,Terror
tm1104252,Comédia
ts308053,Documentário
ts308053,Reality Show
tm1038364,Suspense
tm1038364,Drama
tm1038364,Terror
tm1038364,Ficção Científica
tm1022280,Drama
tm1180743,Música
ts316882,Crime
ts316882,Documentário
tm998238,Comédia
tm998238,Fantasia
tm998238,Terror
tm1064988,Drama
tm1064988,Esporte
tm1119172,Documentário
tm1119172,Família
ts241296,Comédia
ts241296,Drama
tm1095880,Ação
tm1055586,Suspense
tm1118234,Documentário
tm1118234,Crime
ts286386,Reality Show
ts286386,Romance
ts319303,Drama
ts319303,Comédia
ts319303,Romance
ts319303,Fantasia
tm1119015,Drama
tm1119015,Romance
tm998678,Comédia
tm1106900,Suspense
tm1106900,Drama
tm1106900,Ficção Científica
ts314963,Reality Show
ts285470,Reality Show
ts285470,Família
tm1024535,Drama
tm1024535,Terror
tm1024535,Música
tm1024535,Suspense
tm1024535,Crime
tm958688,Drama
tm1054462,Comédia
tm1054462,Drama
tm1054462,Crime
tm1043655,Crime
tm1043655,Comédia
tm1161223,Animação
tm1161223,Comédia
ts282876,Documentário
ts282876,Crime
tm1107850,Animação
tm1107850,Fantasia
tm1107850,Família
tm1107850,Comédia
ts288544,Drama
ts288544,Comédia
ts285106,Crime
ts285106,Documentário
tm1111616,Fantasia
tm1111616,Comédia
tm1111616,Família
tm1091284,Drama
tm1091284,Romance
tm1172600,Documentário
ts322506,Família
ts322506,Animação
tm1068632,Ação
tm1068632,Suspense
tm1068632,Crime
tm1068632,Esporte
ts285874,Reality Show
ts285874,Comédia
tm1045603,Drama
tm1045603,Comédia
tm1179176,Comédia
tm1179176,Documentário
tm1032950,Fantasia
tm1033369,Documentário
ts307816,Documentário
tm1114350,Romance
tm1114350,Drama
tm1131374,Comédia
tm996996,Ação
tm996996,Crime
tm996996,Comédia
ts305254,Comédia
tm996010,Romance
tm996010,Comédia
tm996010,Drama
tm1141663,Comédia
tm1120212,Drama
tm997617,Romance
tm1036797,Comédia
tm1036797,Drama
tm1036797,Romance
tm1027177,Romance
tm1027177,Drama
tm1027177,Comédia
tm1029279,Música
tm1029279,Documentário
ts289982,Suspense
ts289982,Ação
ts289982,Crime
ts289982,Drama
tm988879,Documentário
tm988879,Esporte
tm1033635,Documentário
tm1033635,Esporte
tm1115392,Drama
tm1115392,Romance
tm1115392,Suspense
tm1115392,Terror
ts317709,Animação
ts317709,Comédia
ts317709,Fantasia
ts317709,Ação
tm1076198,Documentário
tm1076198,Esporte
tm1064193,História
tm1064193,Documentário
tm1064193,Crime
tm1159947,Comédia
ts283284,Drama
tm1120636,Animação
tm1120636,Família
tm1029314,Drama
tm1029314,Comédia
tm1130275,Comédia
tm1150727,Comédia
tm1111559,Comédia
tm1102410,Animação
tm1015884,Drama
tm1146635,Documentário
tm1146635,Música
tm1121098,Romance
tm1121098,Drama
tm1023438,Drama
tm1119331,Comédia
ts274575,Reality Show
tm965758,Comédia
ts284885,Drama
ts284885,Comédia
ts284885,Crime
tm1120766,Documentário
tm1120766,Música
tm1091823,Suspense
tm1091823,Terror
ts341760,Reality Show
tm1068777,Comédia
tm988801,Drama
tm988801,Comédia
tm988801,Família
tm1160938,Drama
tm1160938,Animação
tm1160938,Música
tm998544,Drama
tm998544,Romance
tm1109080,Drama
tm1004011,Romance
tm1004011,Drama
tm1159298,Suspense
tm1131895,Comédia
tm1131895,Romance
ts317423,Reality Show
tm1098060,Ação
tm1098060,Drama
tm1098060,Suspense
tm1042277,Música
tm1042277,Documentário
tm1089595,Drama
tm1025616,Comédia
tm1018592,Comédia
tm1018592,Drama
tm1018592,Romance
tm863829,Drama
tm863829,Comédia
tm1068720,Ficção Científica
tm1068720,Comédia
tm1068720,Drama
tm1106888,Drama
tm1141346,Animação
tm1141346,Família
tm1141346,Ficção Científica
tm1045883,Romance
tm1045883,Comédia
tm1147041,Comédia
ts285471,Comédia
ts285471,Reality Show
ts325991,Comédia
tm1108171,Documentário
tm1108171,Música
tm1045018,Família
tm1045018,Drama
tm987730,Drama
tm987730,Família
tm1094060,Documentário
tm1047429,Comédia
tm1038025,Romance
tm1038025,Comédia
tm986017,Ação
tm986017,Crime
tm986017,Drama
tm986017,Romance
tm988613,Drama
tm1080697,Drama
tm1046969,Documentário
tm1046969,Música
tm1099320,Documentário
tm982470,Comédia
tm982470,Drama
ts270616,Documentário
ts270616,Esporte
tm1204412,Comédia
tm1204412,Romance
tm1049317,Drama
tm1201341,Comédia
tm1110212,Comédia
tm1110212,Música
tm1110212,Romance
tm1011248,Crime
tm1011248,Drama
tm1011248,Suspense
tm1122095,Comédia
tm1122095,Drama
tm1122095,Romance
tm994923,Drama
tm994923,História
tm1225897,Comédia
tm1225897,Drama
tm1183575,Comédia
tm1183575,Documentário
tm1026043,Comédia
tm1026043,Drama
tm1026043,Família
tm1121084,Terror
tm1121084,Comédia
tm1082795,Comédia
tm1063339,Comédia
tm1037800,Comédia
tm1037800,Drama
tm918777,Drama
tm918777,Romance
tm1020293,Comédia
tm1020293,Drama
ts287729,Documentário
ts287729,Drama
tm851599,Drama
tm851599,Romance
tm1110241,Suspense
tm1110241,Ação
tm1110241,Drama
tm993616,Drama
tm1099342,Drama
tm831387,Comédia
tm831387,Drama
tm878575,Comédia
tm878575,Drama
tm878575,Romance
ts287687,Reality Show
tm1099969,Comédia
tm1099969,Drama
tm1099969,Família
ts319608,Documentário
ts319608,Música
ts319608,Reality Show
tm846586,Romance
tm846586,Drama
ts288861,Drama
ts288861,Comédia
ts273317,Drama
ts273317,Romance
tm996479,Romance
tm996479,Comédia
ts307884,Comédia
tm1091956,Drama
tm985747,Drama
tm985747,Romance
tm959213,Drama
tm959213,Romance
tm1040816,Comédia
tm1053409,Drama
tm1053409,Romance
tm1165179,Comédia
tm985215,Comédia
tm985215,Romance
tm1066324,Animação
tm1066324,Família
tm1097142,Romance
tm1097142,Comédia
tm1097142,Drama
tm1014599,Romance
tm1014599,Drama
tm898842,Drama
tm1059008,Comédia
ts271048,Família
ts271048,Animação
ts271048,Comédia
